customerID,tenure,Contract,InternetService,MonthlyCharges,TotalCharges,Churn,Churn_Probability,Risk_Level
5178-LMXOP,1,Month-to-month,Fiber optic,95.1,95.1,1,0.8554949511816134,High
9300-AGZNL,1,Month-to-month,Fiber optic,94.0,94.0,1,0.8522896535424686,High
9497-QCMMS,1,Month-to-month,Fiber optic,93.55,93.55,1,0.8522108252083863,High
4424-TKOPW,2,Month-to-month,Fiber optic,93.85,196.75,1,0.8488638054200062,High
2720-WGKHP,2,Month-to-month,Fiber optic,94.0,181.7,1,0.8484080852024596,High
5567-WSELE,3,Month-to-month,Fiber optic,94.6,279.55,1,0.8480029653449763,High
7216-EWTRS,1,Month-to-month,Fiber optic,100.8,100.8,1,0.847181128859595,High
5150-ITWWB,3,Month-to-month,Fiber optic,94.85,335.75,0,0.8467111783060371,High
7024-OHCCK,2,Month-to-month,Fiber optic,93.85,170.85,1,0.8452381047147658,High
1374-DMZUI,4,Month-to-month,Fiber optic,94.3,424.45,1,0.839776234512454,High
8098-LLAZX,4,Month-to-month,Fiber optic,95.45,396.1,1,0.8390090683887897,High
0295-PPHDO,1,Month-to-month,Fiber optic,95.45,95.45,1,0.8338591112973508,High
4910-GMJOT,1,Month-to-month,Fiber optic,94.6,94.6,1,0.8306807842950108,High
8149-RSOUN,1,Month-to-month,Fiber optic,93.85,93.85,1,0.8305339838307992,High
8884-ADFVN,7,Month-to-month,Fiber optic,101.95,700.85,1,0.8278964994216647,High
5419-JPRRN,1,Month-to-month,Fiber optic,101.45,101.45,1,0.8277161774331075,High
7851-WZEKY,2,Month-to-month,Fiber optic,95.15,196.9,1,0.8269542814873826,High
3049-SOLAY,3,Month-to-month,Fiber optic,95.2,292.85,1,0.8263459376262605,High
3158-MOERK,2,Month-to-month,Fiber optic,96.0,174.8,1,0.826310924068391,High
4826-XTSOH,1,Month-to-month,Fiber optic,86.05,86.05,1,0.8262609361482185,High
6861-XWTWQ,7,Month-to-month,Fiber optic,99.25,665.45,1,0.826203308491154,High
9057-SIHCH,3,Month-to-month,Fiber optic,96.6,291.9,1,0.8230504602060231,High
4822-RVYBB,8,Month-to-month,Fiber optic,100.6,819.4,1,0.8208630798152451,High
6023-YEBUP,3,Month-to-month,Fiber optic,100.95,329.95,1,0.8206960909752674,High
5192-EBGOV,1,Month-to-month,Fiber optic,85.7,85.7,1,0.8195232626638896,High
1069-XAIEM,1,Month-to-month,Fiber optic,85.05,85.05,1,0.8193645614978853,High
1400-MMYXY,3,Month-to-month,Fiber optic,105.9,334.65,1,0.8182534483720184,High
0781-LKXBR,9,Month-to-month,Fiber optic,100.5,918.6,1,0.8167422519052211,High
3068-OMWZA,1,Month-to-month,Fiber optic,88.8,88.8,1,0.8156232492443425,High
5277-ZLOOR,2,Month-to-month,Fiber optic,85.55,187.45,1,0.8154647861340777,High
2545-EBUPK,2,Month-to-month,Fiber optic,84.05,186.05,0,0.8151289154824637,High
2660-EMUBI,10,Month-to-month,Fiber optic,95.35,898.35,1,0.8150862914985237,High
6496-SLWHQ,3,Month-to-month,Fiber optic,105.0,294.45,1,0.8129710846747823,High
8161-QYMTT,7,Month-to-month,Fiber optic,94.1,701.3,0,0.8097438376393951,High
3988-RQIXO,1,Month-to-month,Fiber optic,91.3,91.3,1,0.8095203808709711,High
1415-YFWLT,1,Month-to-month,Fiber optic,89.3,89.3,1,0.8090909867340441,High
2012-NWRPA,11,Month-to-month,Fiber optic,99.55,1131.2,1,0.8090896196201233,High
9681-OXGVC,5,Month-to-month,Fiber optic,100.5,514.0,1,0.8084701981301529,High
4695-WJZUE,2,Month-to-month,Fiber optic,88.55,179.25,1,0.8076957916927626,High
9061-TIHDA,13,Month-to-month,Fiber optic,95.25,1233.65,1,0.8074903597891997,High
6630-UJZMY,4,Month-to-month,Fiber optic,83.25,308.05,0,0.8073525875491073,High
4626-GYCZP,7,Month-to-month,Fiber optic,93.85,635.6,1,0.8071853352130798,High
4750-ZRXIU,4,Month-to-month,Fiber optic,84.6,360.1,1,0.8058045267842001,High
7450-NWRTR,12,Month-to-month,Fiber optic,99.45,1200.15,1,0.8031781559098184,High
3793-MMFUH,13,Month-to-month,Fiber optic,95.05,1290.0,1,0.8024588701260412,High
2446-BEGGB,6,Month-to-month,Fiber optic,98.25,560.6,1,0.8024083812768757,High
8603-IJWDN,1,Month-to-month,Fiber optic,86.6,86.6,1,0.801282364278253,High
6521-YYTYI,1,Month-to-month,Fiber optic,93.3,93.3,1,0.7998303067847263,High
1273-MTETI,4,Month-to-month,Fiber optic,88.85,372.45,1,0.7988049513308266,High
2656-TABEH,4,Month-to-month,Fiber optic,100.2,420.2,1,0.7986035406728478,High
0564-JJHGS,9,Month-to-month,Fiber optic,95.5,829.1,1,0.7985373030739975,High
2865-TCHJW,4,Month-to-month,Fiber optic,89.2,346.2,1,0.7978520767993227,High
0196-VULGZ,6,Month-to-month,Fiber optic,84.35,474.9,1,0.7975204728928301,High
9282-IZGQK,1,Month-to-month,Fiber optic,85.0,85.0,1,0.797463610584831,High
4912-PIGUY,1,Month-to-month,Fiber optic,84.6,84.6,0,0.7974009213220703,High
7943-RQCHR,9,Month-to-month,Fiber optic,94.75,889.9,1,0.7973412382750098,High
3320-VEOYC,14,Month-to-month,Fiber optic,95.6,1273.3,0,0.7969993449443732,High
0259-GBZSH,2,Month-to-month,Fiber optic,85.65,181.5,1,0.7965202124002316,High
8972-HJWNV,7,Month-to-month,Fiber optic,84.55,646.85,1,0.7959895712965864,High
6474-FVJLC,2,Month-to-month,Fiber optic,86.0,165.45,1,0.7959142756508601,High
9305-CDSKC,8,Month-to-month,Fiber optic,99.65,820.5,1,0.7954902317031478,High
8775-LHDJH,1,Month-to-month,Fiber optic,90.6,90.6,1,0.7949685771390493,High
3489-HHPFY,2,Month-to-month,Fiber optic,84.05,134.05,0,0.7947347145334466,High
1724-BQUHA,5,Month-to-month,Fiber optic,89.5,477.7,1,0.7946534616564203,High
1455-UGQVH,10,Month-to-month,Fiber optic,98.5,1037.75,1,0.7944745149301512,High
2725-KXXWT,1,Month-to-month,Fiber optic,90.75,90.75,1,0.794197928821511,High
8414-MYSHR,5,Month-to-month,Fiber optic,91.4,449.75,1,0.793879934142132,High
6350-XFYGW,4,Month-to-month,Fiber optic,94.75,422.4,0,0.7934217767500491,High
0107-YHINA,1,Month-to-month,Fiber optic,99.75,99.75,1,0.7928447478237693,High
4927-WWOOZ,2,Month-to-month,Fiber optic,91.45,171.45,0,0.7926463822849243,High
1143-NMNQJ,2,Month-to-month,Fiber optic,85.7,169.8,1,0.7925059211103801,High
4102-OQUPX,1,Month-to-month,Fiber optic,74.4,74.4,1,0.7919238378452126,High
2982-VPSGI,11,Month-to-month,Fiber optic,94.0,1078.9,1,0.7917353004439488,High
6513-EECDB,1,Month-to-month,Fiber optic,73.55,73.55,1,0.7917289204999004,High
2205-YMZZJ,7,Month-to-month,Fiber optic,84.8,546.95,1,0.7916012401381356,High
8593-WHYHV,3,Month-to-month,Fiber optic,85.3,264.8,1,0.7912581693866343,High
7274-RTAPZ,1,Month-to-month,Fiber optic,90.55,90.55,1,0.7901744577918587,High
3027-ZTDHO,1,Month-to-month,Fiber optic,89.9,89.9,1,0.7900244946385975,High
0970-ETWGE,1,Month-to-month,Fiber optic,89.55,89.55,1,0.7899437126599634,High
7577-SWIFR,1,Month-to-month,Fiber optic,89.25,89.25,0,0.7898744528075011,High
1455-ESIQH,1,Month-to-month,Fiber optic,89.1,89.1,1,0.7898398165963134,High
3722-WPXTK,1,Month-to-month,Fiber optic,88.35,88.35,1,0.7896665726905693,High
9134-CEQMF,7,Month-to-month,Fiber optic,89.5,676.7,1,0.7895465985408663,High
3389-YGYAI,8,Month-to-month,Fiber optic,105.5,829.55,1,0.7891440207219828,High
8245-UMPYT,16,Month-to-month,Fiber optic,96.4,1581.2,1,0.7889673232287274,High
1075-BGWOH,16,Month-to-month,Fiber optic,98.75,1587.55,1,0.7886271119778094,High
9248-OJYKK,1,Month-to-month,Fiber optic,76.45,76.45,1,0.7883904521853536,High
0723-DRCLG,1,Month-to-month,Fiber optic,74.45,74.45,1,0.7883560737097314,High
2968-SSGAA,10,Month-to-month,Fiber optic,100.6,1060.2,1,0.7882340122444587,High
6894-LFHLY,1,Month-to-month,Fiber optic,75.75,75.75,1,0.7882279450143745,High
4988-IQIGL,1,Month-to-month,Fiber optic,75.35,75.35,1,0.7881350428042617,High
5240-IJOQT,1,Month-to-month,Fiber optic,74.7,74.7,1,0.7879840131636165,High
3551-HUAZH,1,Month-to-month,Fiber optic,74.4,74.4,1,0.7879142806386539,High
8473-VUVJN,1,Month-to-month,Fiber optic,73.65,73.65,1,0.7877398760006556,High
7225-CBZPL,17,Month-to-month,Fiber optic,94.8,1563.9,0,0.7868727475281009,High
5565-FILXA,16,Month-to-month,Fiber optic,96.15,1529.2,1,0.7867717428413127,High
3319-DWOEP,6,Month-to-month,Fiber optic,95.75,573.75,1,0.7865126725737309,High
0187-QSXOE,7,Month-to-month,Fiber optic,89.0,605.45,0,0.7865098075277958,High
4847-TAJYI,6,Month-to-month,Fiber optic,89.35,567.8,0,0.7860938894953036,High
9546-CQJSU,2,Month-to-month,Fiber optic,91.4,193.6,1,0.785939324753045,High
5383-MMTWC,8,Month-to-month,Fiber optic,84.0,613.4,1,0.7858925191361774,High
3902-FOIGH,12,Month-to-month,Fiber optic,101.35,1218.55,1,0.785876791204058,High
7526-BEZQB,12,Month-to-month,Fiber optic,96.05,1148.1,1,0.785853609686434,High
0697-ZMSWS,4,Month-to-month,Fiber optic,85.65,338.9,1,0.7856770549564456,High
7668-XCFYV,17,Month-to-month,Fiber optic,92.55,1614.7,0,0.784919951099765,High
1833-VGRUM,1,Month-to-month,Fiber optic,74.2,74.2,1,0.7842376496430938,High
9965-YOKZB,9,Month-to-month,Fiber optic,83.85,790.15,1,0.7839944308619036,High
0021-IKXGC,1,Month-to-month,Fiber optic,72.1,72.1,0,0.7837429073439648,High
0897-FEGMU,11,Month-to-month,Fiber optic,99.5,1056.95,1,0.7831700793946474,High
7779-LGOVN,10,Month-to-month,Fiber optic,86.65,856.65,1,0.7825723857089435,High
2642-DTVCO,9,Month-to-month,Fiber optic,85.05,746.5,1,0.7823958384123746,High
4078-SAYYN,11,Month-to-month,Fiber optic,100.75,1129.75,1,0.7823639243204373,High
1658-BYGOY,18,Month-to-month,Fiber optic,95.45,1752.55,1,0.7819732966061854,High
7488-MXJIV,4,Month-to-month,Fiber optic,85.65,321.65,1,0.7813209991532234,High
2034-GDRCN,2,Month-to-month,Fiber optic,90.4,168.2,1,0.7809536446172556,High
5935-FCCNB,17,Month-to-month,Fiber optic,94.2,1608.15,0,0.7808588049786349,High
3318-NMQXL,3,Month-to-month,Fiber optic,92.0,266.8,0,0.780201163811857,High
8058-JMEQO,9,Month-to-month,Fiber optic,84.45,762.5,1,0.7792609735859445,High
3811-VBYBZ,7,Month-to-month,Fiber optic,99.8,673.25,1,0.7788495903400735,High
4548-SDBKE,5,Month-to-month,Fiber optic,85.2,474.8,1,0.7787742757433814,High
0754-UKWQP,2,Month-to-month,Fiber optic,95.85,197.7,1,0.7780425699309036,High
8258-GSTJK,3,Month-to-month,Fiber optic,77.0,237.75,1,0.7775400544574892,High
5519-NPHVG,12,Month-to-month,Fiber optic,94.2,1046.1,1,0.777507616101928,High
4115-NZRKS,7,Month-to-month,Fiber optic,89.15,574.35,0,0.777429965514343,High
7576-OYWBN,3,Month-to-month,Fiber optic,76.05,231.8,1,0.7770974060331319,High
8337-UPOAQ,10,Month-to-month,Fiber optic,89.8,914.3,1,0.7766974306609591,High
3727-RJMEO,6,Month-to-month,Fiber optic,82.85,460.25,1,0.7765762244923513,High
8580-AECUZ,1,Month-to-month,Fiber optic,79.1,79.1,1,0.7764489265217656,High
8739-XNIKG,5,Month-to-month,Fiber optic,84.0,424.75,0,0.776397690767567,High
1624-NALOJ,5,Month-to-month,Fiber optic,89.8,502.6,1,0.776361913040216,High
4587-VVTOX,6,Month-to-month,Fiber optic,105.3,545.2,1,0.7749239994114373,High
7228-OMTPN,4,Month-to-month,Fiber optic,88.45,370.65,1,0.7749132818722977,High
9611-CTWIH,3,Month-to-month,Fiber optic,89.45,240.45,1,0.7748362482902856,High
1626-ERCMM,20,Month-to-month,Fiber optic,94.55,1899.65,1,0.7742269285894969,High
2462-XIIJB,5,Month-to-month,Fiber optic,92.5,452.7,1,0.7739874680707812,High
6969-MVBAI,9,Month-to-month,Fiber optic,90.1,816.8,0,0.7737079704574987,High
3452-GWUIN,19,Month-to-month,Fiber optic,94.95,1760.25,0,0.7736317686487134,High
2265-CYWIV,4,Month-to-month,Fiber optic,99.6,347.65,1,0.7733547637271312,High
6567-HOOPW,1,Month-to-month,Fiber optic,79.2,79.2,1,0.7727042008011153,High
3606-TWKGI,13,Month-to-month,Fiber optic,106.9,1364.3,1,0.7710465161112827,High
0236-HFWSV,15,Month-to-month,Fiber optic,93.35,1444.65,1,0.7709666843888272,High
9451-LPGOO,7,Month-to-month,Fiber optic,86.8,620.35,1,0.7709002767145342,High
3643-AHCFP,7,Month-to-month,Fiber optic,95.6,644.35,1,0.7706292415303807,High
3097-NQYSN,2,Month-to-month,Fiber optic,86.85,156.35,1,0.770528743504231,High
3621-CEOVK,14,Month-to-month,Fiber optic,100.2,1369.8,1,0.7703646461008375,High
1304-NECVQ,2,Month-to-month,Fiber optic,78.55,149.55,1,0.7702825219442744,High
0680-DFNNY,15,Month-to-month,Fiber optic,101.1,1504.05,1,0.7701994434566892,High
1925-TIBLE,7,Month-to-month,Fiber optic,86.5,582.5,1,0.7696700463402791,High
4713-LZDRV,2,Month-to-month,Fiber optic,79.6,195.05,1,0.7685935373267276,High
8382-SHQEH,8,Month-to-month,Fiber optic,84.9,764.95,1,0.7680552698391316,High
0722-TROQR,4,Month-to-month,Fiber optic,74.9,321.75,1,0.7678091700596759,High
4192-GORJT,5,Month-to-month,Fiber optic,94.45,498.1,1,0.7675562677220518,High
1197-BVMVG,4,Month-to-month,Fiber optic,74.45,294.45,0,0.7665120742406327,High
4145-UQXUQ,8,Month-to-month,Fiber optic,92.1,729.95,1,0.7664467722441248,High
6161-UUUTA,3,Month-to-month,Fiber optic,79.9,260.9,1,0.7661289606992333,High
4086-YQSNZ,3,Month-to-month,Fiber optic,80.4,224.05,1,0.7650596311212925,High
6230-BSUXY,1,Month-to-month,Fiber optic,85.0,85.0,1,0.7648572108166998,High
9221-OTIVJ,14,Month-to-month,Fiber optic,104.85,1531.4,1,0.7648430397440732,High
7398-SKNQZ,3,Month-to-month,Fiber optic,94.9,273.2,0,0.764135054439133,High
6979-ZNSFF,8,Month-to-month,Fiber optic,87.05,762.1,1,0.7640699545437234,High
5834-ASPWA,1,Month-to-month,Fiber optic,75.45,75.45,1,0.7635780857615828,High
9787-XVQIU,1,Month-to-month,Fiber optic,75.3,75.3,1,0.7635404125837106,High
6688-UZPWD,11,Month-to-month,Fiber optic,102.0,1145.35,1,0.7635119298115324,High
1452-VOQCH,1,Month-to-month,Fiber optic,75.1,75.1,0,0.7634901752339674,High
1157-BQCUW,1,Month-to-month,Fiber optic,74.95,74.95,1,0.7634524923874024,High
6358-LYNGM,1,Month-to-month,Fiber optic,74.9,74.9,1,0.7634399305177634,High
5956-VKDTT,5,Month-to-month,Fiber optic,74.35,334.8,1,0.7632466894829888,High
5229-PRWKT,8,Month-to-month,Fiber optic,86.55,649.65,1,0.7628157815183156,High
1875-QIVME,2,Month-to-month,Fiber optic,104.4,242.8,1,0.7624803304529483,High
5380-AFSSK,5,Month-to-month,Fiber optic,93.9,486.85,1,0.762007988490462,High
0916-QOFDP,14,Month-to-month,Fiber optic,95.8,1346.3,0,0.7619657952071447,High
2990-HWIML,6,Month-to-month,Fiber optic,89.5,573.3,1,0.7616247411072677,High
1579-KLYDT,7,Month-to-month,Fiber optic,90.45,593.45,1,0.7611599838173255,High
2609-IAICY,1,Month-to-month,Fiber optic,77.15,77.15,1,0.7600906141265312,High
4094-NSEDU,21,Month-to-month,Fiber optic,94.25,1973.75,1,0.7599450972532754,High
9809-IMGCQ,22,Month-to-month,Fiber optic,96.7,2082.95,1,0.7597988797637883,High
8816-VXNZD,1,Month-to-month,Fiber optic,75.1,75.1,1,0.759570181690559,High
2215-ZAFGX,9,Month-to-month,Fiber optic,85.5,791.7,0,0.7595245647215824,High
4415-IJZTP,1,Month-to-month,Fiber optic,74.5,74.5,1,0.7594177141159925,High
6683-VLCTZ,20,Month-to-month,Fiber optic,98.55,1842.8,1,0.7588986253686217,High
3096-GKWEB,18,Month-to-month,Fiber optic,94.75,1691.9,0,0.7584341287732819,High
5955-ERIHD,18,Month-to-month,Fiber optic,94.7,1687.95,1,0.7582447508212805,High
0637-KVDLV,2,Month-to-month,Fiber optic,76.5,162.45,1,0.7582157276923771,High
2691-NZETQ,9,Month-to-month,Fiber optic,85.35,758.6,1,0.7579958408876665,High
1564-NTYXF,13,Month-to-month,Fiber optic,82.0,1127.2,1,0.7576764865987344,High
2077-MPJQO,7,Month-to-month,Fiber optic,75.4,533.05,0,0.7573103456253255,High
0195-IESCP,10,Month-to-month,Fiber optic,85.25,855.3,1,0.7571878177382888,High
2672-HUYVI,6,Month-to-month,Fiber optic,91.1,455.3,1,0.7566272405542942,High
0318-QUUOB,1,Month-to-month,Fiber optic,80.55,80.55,1,0.7558035262989511,High
8931-GJJIQ,9,Month-to-month,Fiber optic,83.3,803.3,1,0.7555934118798933,High
7249-WBIYX,10,Month-to-month,Fiber optic,85.6,813.85,1,0.7554046185259483,High
6892-EZDTG,4,Month-to-month,Fiber optic,91.65,365.4,1,0.7551478855564041,High
9334-GWGOW,7,Month-to-month,Fiber optic,74.85,485.25,0,0.7550162594255069,High
9957-YODKZ,6,Month-to-month,Fiber optic,80.8,457.1,0,0.7550124065755306,High
1941-HOSAM,1,Month-to-month,Fiber optic,90.1,90.1,0,0.7548243854647478,High
5299-SJCZT,3,Month-to-month,Fiber optic,101.55,298.35,1,0.7547674334206562,High
4228-ZGYUW,4,Month-to-month,Fiber optic,90.05,368.1,1,0.7544246135324942,High
7817-BOQPW,2,Month-to-month,Fiber optic,75.55,166.3,1,0.7542113629235145,High
6108-OQZDQ,4,Month-to-month,Fiber optic,97.95,384.5,1,0.753915122277632,High
9231-ZJYAM,4,Month-to-month,Fiber optic,78.85,292.8,1,0.7538959164336274,High
0702-PGIBZ,4,Month-to-month,Fiber optic,101.7,364.55,1,0.7533178882415082,High
1618-CFHME,2,Month-to-month,Fiber optic,75.9,143.35,1,0.7532328757293355,High
3519-ZKXGG,3,Month-to-month,Fiber optic,75.85,256.6,1,0.753217216437497,High
7156-MHUGY,13,Month-to-month,Fiber optic,90.5,1201.15,1,0.7531943925754578,High
7234-FECYN,8,Month-to-month,Fiber optic,101.35,780.5,1,0.7526136293770757,High
4140-MUHUG,3,Month-to-month,Fiber optic,86.85,220.95,1,0.7523200479494364,High
5835-BEQEU,3,Month-to-month,Fiber optic,76.95,228.4,1,0.7516735885119665,High
6457-USBER,1,Month-to-month,Fiber optic,80.8,80.8,1,0.7513500323072582,High
7439-DKZTW,1,Month-to-month,Fiber optic,80.55,80.55,0,0.7513165121888126,High
0404-SWRVG,3,Month-to-month,Fiber optic,74.4,229.55,1,0.7511817761029707,High
3387-VATUS,5,Month-to-month,Fiber optic,94.85,462.8,1,0.7511719678689283,High
9300-RENDD,1,Month-to-month,Fiber optic,79.95,79.95,1,0.7511605252817416,High
1761-AEZZR,1,Month-to-month,Fiber optic,79.55,79.55,1,0.7510564976670093,High
2514-GINMM,1,Month-to-month,Fiber optic,79.5,79.5,1,0.7510434921710951,High
2868-MZAGQ,1,Month-to-month,Fiber optic,79.25,79.25,1,0.750946968672818,High
5960-WPXQM,1,Month-to-month,Fiber optic,79.05,79.05,1,0.7509264222692111,High
8740-CRYFY,1,Month-to-month,Fiber optic,78.95,78.95,1,0.7509004017396811,High
9725-SCPZG,1,Month-to-month,Fiber optic,90.85,90.85,1,0.7505207338153085,High
2027-FECZV,12,Month-to-month,Fiber optic,106.7,1253.9,1,0.7497787461836347,High
4951-UKAAQ,4,Month-to-month,Fiber optic,88.95,355.2,1,0.7495697463466715,High
7341-LXCAF,4,Month-to-month,Fiber optic,74.65,301.4,1,0.7493131960943821,High
9189-JWSHV,24,Month-to-month,Fiber optic,93.55,2264.05,1,0.7485608092783991,High
4581-SSPWD,3,Month-to-month,Fiber optic,75.8,246.3,1,0.748208472207344,High
6229-LSCKB,6,Month-to-month,Fiber optic,79.7,497.6,0,0.7480646244447268,High
4952-YSOGZ,4,Month-to-month,Fiber optic,85.95,381.3,1,0.7479024822639367,High
2004-OCQXK,1,Month-to-month,Fiber optic,81.95,81.95,1,0.7475974234970232,High
8357-EQXFO,7,Month-to-month,Fiber optic,95.35,660.9,1,0.7475756448419579,High
4614-NUVZD,1,Month-to-month,Fiber optic,81.1,81.1,1,0.7473742289644274,High
5494-HECPR,1,Month-to-month,Fiber optic,80.25,80.25,1,0.7471827113967664,High
8058-INTPH,1,Month-to-month,Fiber optic,79.65,79.65,1,0.7470250046226409,High
0495-RVCBF,1,Month-to-month,Fiber optic,79.7,79.7,1,0.7470063297301289,High
1320-HTRDR,3,Month-to-month,Fiber optic,75.5,220.6,1,0.7469451749357833,High
8992-JQYUN,1,Month-to-month,DSL,50.35,50.35,1,0.7465604999094918,High
4090-KPJIP,3,Month-to-month,Fiber optic,74.95,212.4,0,0.7464428685926893,High
9306-CPCBC,3,Month-to-month,Fiber optic,74.25,210.3,1,0.7461929948061039,High
6615-NGGZJ,14,Month-to-month,Fiber optic,100.55,1415.55,1,0.7461228517568027,High
8086-OVPWV,2,Month-to-month,Fiber optic,80.2,181.1,1,0.7460678348287911,High
4273-MBHYA,1,Month-to-month,Fiber optic,89.35,89.35,0,0.7460620290441882,High
7503-ZGUZJ,1,Month-to-month,Fiber optic,84.65,84.65,1,0.7460425140138541,High
8443-ZRDBZ,4,Month-to-month,Fiber optic,76.05,318.9,1,0.745872181329009,High
9878-TNQGW,2,Month-to-month,Fiber optic,80.95,171.15,1,0.7457644115147885,High
4234-XTNEA,2,Month-to-month,Fiber optic,79.95,174.45,0,0.745734054409725,High
0325-XBFAC,8,Month-to-month,Fiber optic,94.7,740.3,1,0.7453590394946699,High
7330-WZLNC,5,Month-to-month,Fiber optic,90.8,455.5,1,0.744827722913357,High
9944-HKVVB,3,Month-to-month,Fiber optic,95.1,307.4,1,0.7445726942266208,High
9689-PTNPG,2,Month-to-month,Fiber optic,80.25,144.55,1,0.7443956987338507,High
0334-GDDSO,3,Month-to-month,Fiber optic,81.35,233.7,1,0.7439123035528891,High
8083-YTZES,4,Month-to-month,Fiber optic,74.35,265.35,1,0.7429843544288111,High
2202-CUYXZ,1,Month-to-month,Fiber optic,84.85,84.85,1,0.74261024827707,High
7130-VTEWQ,8,Month-to-month,Fiber optic,75.75,606.25,1,0.7424142582023071,High
7613-LLQFO,12,Month-to-month,Fiber optic,84.45,1059.55,1,0.7424107924752258,High
9290-SHCMB,13,Month-to-month,Fiber optic,96.85,1235.55,0,0.7422802473911834,High
8622-ZLFKO,6,Month-to-month,Fiber optic,90.75,512.25,0,0.742116508199768,High
9124-LHCJQ,1,Month-to-month,Fiber optic,85.45,85.45,1,0.7421118954969609,High
4060-LDNLU,7,Month-to-month,Fiber optic,96.2,639.7,0,0.7419755215963975,High
1389-CXMLU,3,Month-to-month,Fiber optic,91.05,289.1,1,0.7418158734505111,High
1981-INRFU,2,Month-to-month,Fiber optic,79.75,164.5,1,0.7411039924240188,High
4749-OJKQU,4,Month-to-month,Fiber optic,75.65,302.35,0,0.7408868725881097,High
7969-AULMZ,21,Month-to-month,Fiber optic,97.35,2119.5,1,0.7408675775146587,High
1363-TXLSL,1,Month-to-month,Fiber optic,70.3,70.3,1,0.74085611648386,High
3372-KWFBM,16,Month-to-month,Fiber optic,86.6,1281.0,1,0.7404823785360422,High
9025-AOMKI,6,Month-to-month,Fiber optic,93.55,536.4,1,0.7403543618221827,High
7760-OYPDY,2,Month-to-month,Fiber optic,80.65,144.15,1,0.7403358628384796,High
4529-CKBCL,2,Month-to-month,Fiber optic,80.2,146.05,1,0.7403271628402431,High
7209-JCUDS,10,Month-to-month,Fiber optic,94.9,1048.85,1,0.7400327892326674,High
4112-LUEIZ,10,Month-to-month,Fiber optic,89.5,863.1,1,0.7400261201893771,High
6328-ZPBGN,11,Month-to-month,Fiber optic,95.15,997.65,1,0.7396611335996757,High
4844-JJWUY,1,Month-to-month,Fiber optic,86.0,86.0,1,0.7396162672677157,High
6860-YRJZP,9,Month-to-month,Fiber optic,74.05,678.45,0,0.7395944475924785,High
2789-HQBOU,3,Month-to-month,Fiber optic,80.35,253.8,0,0.7395652898649594,High
4514-GFCFI,16,Month-to-month,Fiber optic,84.75,1350.15,1,0.7392095216204738,High
3462-BJQQA,6,Month-to-month,Fiber optic,89.75,552.65,0,0.7392057734053986,High
7858-GTZSP,12,Month-to-month,Fiber optic,86.55,1066.9,0,0.7390431250601084,High
9402-ORRAH,15,Month-to-month,Fiber optic,91.5,1400.3,0,0.7388775202544761,High
9837-BMCLM,3,Month-to-month,Fiber optic,78.5,242.05,1,0.7386296892978855,High
5597-GLBUC,1,Month-to-month,Fiber optic,85.45,85.45,1,0.7386239090017588,High
8087-LGYHQ,9,Month-to-month,Fiber optic,94.05,811.65,0,0.738603656304567,High
2737-WFVYW,2,Month-to-month,DSL,45.25,85.5,1,0.7383338077716929,High
7074-IEVOJ,3,Month-to-month,Fiber optic,79.4,205.05,1,0.7379819480624079,High
8780-IXSTS,6,Month-to-month,Fiber optic,90.1,521.3,1,0.7377868809645747,High
8808-ELEHO,8,Month-to-month,Fiber optic,81.25,585.95,1,0.7367933303873289,High
2959-MJHIC,4,Month-to-month,Fiber optic,80.35,307.4,1,0.7367433466825536,High
9919-KNPOO,21,Month-to-month,Fiber optic,94.3,1948.35,0,0.7366945768586929,High
0220-EBGCE,2,Month-to-month,Fiber optic,85.85,167.3,1,0.7366743524920256,High
8644-XLFBW,1,Month-to-month,Fiber optic,71.65,71.65,1,0.7365549000283952,High
5382-SOYZL,22,Month-to-month,Fiber optic,95.1,2162.6,0,0.7365219341262101,High
2506-TNFCO,1,Month-to-month,Fiber optic,69.55,69.55,1,0.7364879169412354,High
9603-OAIHC,1,Month-to-month,Fiber optic,70.05,70.05,0,0.7361227647633292,High
5539-TMZLF,1,Month-to-month,Fiber optic,69.75,69.75,1,0.7360416887944002,High
1173-XZPYF,11,Month-to-month,Fiber optic,89.2,990.3,0,0.7360230694126492,High
8062-YBDOE,1,Month-to-month,Fiber optic,69.65,69.65,1,0.7360146599212272,High
8185-UPYBR,6,Month-to-month,Fiber optic,75.5,438.0,1,0.7360093491636033,High
2876-GZYZC,13,Month-to-month,Fiber optic,85.95,1215.65,0,0.7359256949768007,High
7508-MYBOG,14,Month-to-month,Fiber optic,86.1,1235.55,1,0.7356980617121589,High
1678-FYZOW,3,Month-to-month,Fiber optic,79.4,244.65,1,0.7347669760826346,High
7402-EYFXX,26,Month-to-month,Fiber optic,93.6,2404.1,0,0.7347171257635274,High
5956-YHHRX,21,Month-to-month,Fiber optic,104.35,2271.85,0,0.7346181511420744,High
7548-SEPYI,5,Month-to-month,Fiber optic,96.25,512.45,1,0.7344870225152416,High
6357-JJPQT,3,Month-to-month,Fiber optic,80.5,232.35,0,0.7344196789636189,High
0655-RBDUG,7,Month-to-month,Fiber optic,98.05,713.0,1,0.7337951398612022,High
2612-RRIDN,4,Month-to-month,Fiber optic,81.0,340.85,1,0.7337940481249093,High
2235-DWLJU,6,Month-to-month,DSL,44.4,263.05,0,0.7336040656155364,High
8348-HFYIV,2,Month-to-month,DSL,49.25,90.35,1,0.7335362787977152,High
7120-RFMVS,1,Month-to-month,Fiber optic,84.5,84.5,1,0.7334723048196646,High
0709-TVGUR,9,Month-to-month,Fiber optic,74.55,622.9,1,0.7328477925201817,High
4806-KEXQR,4,Month-to-month,Fiber optic,79.9,324.3,1,0.7327149926413138,High
4229-CZMLL,6,Month-to-month,Fiber optic,74.9,469.8,1,0.7326950224936342,High
3878-AVSOQ,1,Month-to-month,Fiber optic,71.25,71.25,0,0.7322358880745634,High
3398-FSHON,12,Month-to-month,Fiber optic,91.3,1094.5,1,0.7322221182608134,High
9488-HGMJH,1,Month-to-month,Fiber optic,71.15,71.15,1,0.7322086112798311,High
3473-XIIIT,16,Month-to-month,Fiber optic,100.0,1534.75,1,0.7320582993244211,High
8051-HJRLT,1,Month-to-month,Fiber optic,70.55,70.55,1,0.7320449135053974,High
9605-WGJVW,1,Month-to-month,Fiber optic,70.2,70.2,0,0.7319493938459604,High
1846-XWOQN,1,Month-to-month,Fiber optic,70.15,70.15,1,0.7319357464187723,High
8000-REIQB,1,Month-to-month,Fiber optic,69.95,69.95,1,0.7318811523066028,High
5550-VFRLC,1,Month-to-month,Fiber optic,69.85,69.85,1,0.7318538526086313,High
4871-JTKJF,1,Month-to-month,Fiber optic,69.65,69.65,1,0.7317992479293842,High
8375-DKEBR,1,Month-to-month,Fiber optic,69.6,69.6,1,0.7317855956589524,High
2636-ALXXZ,1,Month-to-month,Fiber optic,69.6,69.6,1,0.7317855956589524,High
9094-AZPHK,15,Month-to-month,Fiber optic,100.15,1415.0,0,0.7317820858563004,High
7206-GZCDC,1,Month-to-month,Fiber optic,69.25,69.25,1,0.7316900174403002,High
5348-CAGXB,12,Month-to-month,Fiber optic,89.55,1021.75,0,0.7316443345043698,High
3776-EKTKM,1,Month-to-month,DSL,36.45,36.45,1,0.7315216847285521,High
9185-TQCVP,14,Month-to-month,Fiber optic,85.15,1139.2,1,0.7307952519057389,High
5889-LFOLL,13,Month-to-month,Fiber optic,84.6,1115.2,1,0.7307693834866362,High
4795-KTRTH,5,Month-to-month,Fiber optic,81.0,371.65,1,0.7307274965706115,High
2985-FMWYF,23,Month-to-month,Fiber optic,93.5,2341.55,0,0.7303895379006393,High
9799-CAYJJ,2,Month-to-month,Fiber optic,69.3,153.8,0,0.7303012258269717,High
4929-XIHVW,2,Month-to-month,Fiber optic,95.5,181.65,0,0.7302481624042252,High
2123-AGEEN,7,Month-to-month,Fiber optic,84.35,609.65,0,0.730176136900454,High
0094-OIFMO,11,Month-to-month,Fiber optic,95.0,1120.3,1,0.7300147897705915,High
3178-FESZO,1,Month-to-month,Fiber optic,100.25,100.25,1,0.7290263467325024,High
7493-TPUWZ,1,Month-to-month,Fiber optic,79.15,79.15,1,0.7288081839859817,High
4021-RQSNY,29,Month-to-month,Fiber optic,98.5,3004.15,1,0.7287262446470731,High
2688-BHGOG,9,Month-to-month,Fiber optic,79.55,718.55,0,0.7283068850349201,High
4210-QFJMF,4,Month-to-month,Fiber optic,79.15,317.25,1,0.7279516740531946,High
5698-BQJOH,9,Month-to-month,Fiber optic,94.4,857.25,1,0.7275100453841223,High
8752-STIVR,4,Month-to-month,Fiber optic,79.0,303.15,1,0.7272604050532462,High
7563-BIUPC,5,Month-to-month,Fiber optic,80.6,415.55,1,0.7270653948182397,High
2454-RPBRZ,12,Month-to-month,Fiber optic,98.1,1060.2,1,0.7265806580251668,High
2982-IHMFT,1,Month-to-month,Fiber optic,74.45,74.45,1,0.7264556977704573,High
0365-BZUWY,17,Month-to-month,Fiber optic,102.55,1742.5,0,0.7264550533670528,High
8779-QRDMV,1,Month-to-month,DSL,39.65,39.65,1,0.7263491669648975,High
2495-INZWQ,4,Month-to-month,DSL,44.55,174.3,1,0.7262546970256516,High
1704-NRWYE,9,Month-to-month,Fiber optic,80.85,751.65,1,0.7259755597418345,High
8510-AWCXC,13,Month-to-month,Fiber optic,100.8,1308.1,1,0.7255831070249756,High
1450-GALXR,10,Month-to-month,Fiber optic,98.5,1058.25,1,0.7254323083431817,High
2645-QTLMB,7,Month-to-month,Fiber optic,94.25,669.0,1,0.7253468511001055,High
6015-VVHHE,5,Month-to-month,Fiber optic,83.15,446.05,1,0.7252945370176718,High
4342-HENTK,2,Month-to-month,Fiber optic,70.65,142.35,1,0.7252597732004676,High
7180-PISOG,1,Month-to-month,Fiber optic,74.5,74.5,1,0.7251663131458764,High
5804-LEPIM,2,Month-to-month,Fiber optic,70.35,139.05,1,0.7250288229959033,High
8118-LSUEL,23,Month-to-month,Fiber optic,106.4,2483.5,1,0.7248159847931164,High
2880-FPNAE,2,Month-to-month,Fiber optic,74.2,140.1,0,0.7247025651180621,High
5276-KQWHG,2,Month-to-month,Fiber optic,69.6,131.65,1,0.7244928518806844,High
7235-NXZCP,2,Month-to-month,Fiber optic,74.85,156.4,1,0.7244877830890218,High
1567-DSCIC,8,Month-to-month,Fiber optic,94.0,773.65,1,0.7244226630301355,High
2371-JQHZZ,24,Month-to-month,Fiber optic,93.0,2248.05,0,0.7244196978382108,High
7314-OXENN,2,Month-to-month,Fiber optic,82.0,184.65,1,0.7242695868623148,High
3295-YVUSR,2,Month-to-month,Fiber optic,72.6,154.3,0,0.7238699693064481,High
9360-OMDZZ,24,Month-to-month,Fiber optic,94.1,2322.85,0,0.7235367860724095,High
2430-USGXP,24,Month-to-month,Fiber optic,101.05,2391.8,1,0.7229573080937047,High
1195-OIYEJ,13,Month-to-month,Fiber optic,91.1,1135.7,1,0.7228758247570624,High
0840-DFEZH,7,Month-to-month,Fiber optic,75.35,564.65,0,0.7228276942649962,High
6986-IXNDM,14,Month-to-month,Fiber optic,92.9,1337.45,0,0.7228239915246104,High
8775-ERLNB,1,Month-to-month,Fiber optic,74.3,74.3,0,0.7225524615354438,High
6941-PMGEP,5,Month-to-month,Fiber optic,80.0,412.5,1,0.7224384744094509,High
3422-GALYP,2,Month-to-month,Fiber optic,79.45,145.15,0,0.7217303552528801,High
6711-FLDFB,7,Month-to-month,Fiber optic,74.9,541.15,1,0.7215592211709686,High
8225-BTJAU,10,Month-to-month,Fiber optic,79.25,793.55,1,0.7215300625762948,High
8875-AKBYH,20,Month-to-month,Fiber optic,84.35,1745.2,0,0.7214998982843053,High
4597-NUCQV,24,Month-to-month,Fiber optic,101.25,2440.15,1,0.7214657279232114,High
9253-QXKBE,29,Month-to-month,Fiber optic,94.45,2653.65,1,0.7209068068386132,High
3006-XIMLN,2,Month-to-month,Fiber optic,94.2,193.8,1,0.720630738400651,High
2516-VQRRV,2,Month-to-month,Fiber optic,75.45,158.4,1,0.7203961708793089,High
8372-JUXUI,1,Month-to-month,Fiber optic,74.35,74.35,1,0.720282622803587,High
5052-PNLOS,3,Month-to-month,Fiber optic,105.35,323.25,1,0.7202582717450935,High
7044-YAACC,4,Month-to-month,Fiber optic,70.2,280.35,0,0.7202470475919164,High
5883-GTGVD,19,Month-to-month,Fiber optic,99.95,1931.75,1,0.7199145396718469,High
0122-OAHPZ,7,Month-to-month,Fiber optic,73.85,511.25,1,0.7198300049597895,High
6168-WFVVF,3,Month-to-month,Fiber optic,70.3,235.5,1,0.7193312397285897,High
6210-KBBPI,9,Month-to-month,Fiber optic,99.45,919.4,1,0.7184615251177963,High
4395-PZMSN,5,Month-to-month,Fiber optic,85.55,408.5,0,0.7182986624722401,High
5868-YWPDW,6,Month-to-month,Fiber optic,84.2,519.15,1,0.7178504480791391,High
2055-PDADH,3,Month-to-month,Fiber optic,70.4,204.7,1,0.7178150910146152,High
6127-ISGTU,16,Month-to-month,Fiber optic,84.95,1378.25,1,0.7174276625138302,High
3030-YDNRM,8,Month-to-month,Fiber optic,74.85,572.45,0,0.7169324249453062,High
7218-HKQFK,2,Month-to-month,Fiber optic,94.2,167.5,1,0.7169226830513006,High
6892-XPFPU,24,Month-to-month,Fiber optic,104.25,2433.9,1,0.716211311661891,High
3338-CVVEH,12,Month-to-month,Fiber optic,94.55,1173.55,0,0.7161452684377951,High
0644-OQMDK,4,Month-to-month,Fiber optic,70.65,293.85,0,0.7161362797058622,High
5797-APWZC,1,Month-to-month,Fiber optic,90.6,90.6,1,0.7160998652000573,High
7294-TMAOP,1,Month-to-month,Fiber optic,90.55,90.55,1,0.7160857238247411,High
6100-QQHEB,17,Month-to-month,Fiber optic,92.55,1515.1,1,0.7160755846534614,High
2180-DXNEG,12,Month-to-month,Fiber optic,96.0,1062.1,1,0.7160051920862326,High
1960-UYCNN,10,Month-to-month,Fiber optic,95.25,1021.55,0,0.7159944001824107,High
8361-LTMKD,4,Month-to-month,Fiber optic,74.4,306.6,1,0.7157029250198865,High
1628-BIZYP,1,Month-to-month,Fiber optic,85.0,85.0,0,0.7155935251748478,High
8541-QVFKM,8,Month-to-month,Fiber optic,73.5,632.2,0,0.7152319165041287,High
1393-IMKZG,1,Month-to-month,Fiber optic,95.85,95.85,0,0.7150130430829742,High
5288-AHOUP,11,Month-to-month,Fiber optic,78.5,874.2,0,0.7148301587823183,High
1200-TUZHR,8,Month-to-month,Fiber optic,85.2,695.75,0,0.7147649489301322,High
5445-UTODQ,7,Month-to-month,Fiber optic,81.1,576.65,1,0.7147142044958092,High
5995-SNNEW,23,Month-to-month,Fiber optic,104.45,2184.85,0,0.7143493743889877,High
0011-IGKFF,13,Month-to-month,Fiber optic,98.0,1237.85,1,0.7143337109790708,High
7354-OIJLX,9,Month-to-month,Fiber optic,75.85,724.65,0,0.7142011714609314,High
0684-AOSIH,1,Month-to-month,Fiber optic,95.0,95.0,1,0.7142003244615936,High
5644-PDMZC,2,Month-to-month,Fiber optic,89.5,161.5,1,0.7141510689912134,High
7079-QRCBC,24,Month-to-month,Fiber optic,98.75,2407.3,1,0.713946585285999,High
9391-EOYLI,12,Month-to-month,Fiber optic,80.45,950.2,1,0.7134006834552156,High
8242-SOQUO,5,Month-to-month,Fiber optic,84.7,392.5,0,0.7129375054288739,High
3199-XGZCY,8,Month-to-month,Fiber optic,75.25,576.7,0,0.7128400843124129,High
7181-BQYBV,1,Month-to-month,Fiber optic,102.45,102.45,1,0.7125975674985366,High
6734-GMPVK,5,Month-to-month,Fiber optic,105.3,550.6,0,0.7125904317631561,High
7392-YYPYJ,22,Month-to-month,Fiber optic,100.65,2415.95,0,0.7125843961805519,High
1447-GIQMR,1,Month-to-month,Fiber optic,69.15,69.15,1,0.7124598555024823,High
5928-QLDHB,9,Month-to-month,Fiber optic,76.25,684.85,0,0.712283049916029,High
2018-QKYGT,1,Month-to-month,Fiber optic,81.05,81.05,0,0.7120440659769415,High
7903-CMPEY,1,Month-to-month,Fiber optic,80.3,80.3,1,0.7118346060422052,High
0880-TKATG,4,Month-to-month,Fiber optic,101.15,385.9,1,0.7115337410401792,High
9172-ANCRX,10,Month-to-month,Fiber optic,98.7,973.25,1,0.7114099225673983,High
3247-ZVOUO,10,Month-to-month,Fiber optic,85.55,851.75,1,0.7107413458190495,High
6857-VWJDT,1,Month-to-month,Fiber optic,95.65,95.65,1,0.710638757849714,High
7273-TEFQD,3,Month-to-month,DSL,41.15,132.2,1,0.7102115484751499,High
6437-UKHMV,7,Month-to-month,Fiber optic,79.7,586.05,1,0.7099107109863279,High
3834-XUIFC,7,Month-to-month,Fiber optic,85.2,602.55,1,0.709509665492071,High
8107-KNCIM,14,Month-to-month,Fiber optic,75.1,1013.35,0,0.7091179986135283,High
4143-OOBWZ,5,Month-to-month,Fiber optic,81.3,416.3,1,0.7088526935053978,High
4282-YMKNA,9,Month-to-month,Fiber optic,74.75,706.6,1,0.708595251566117,High
3292-PBZEJ,11,Month-to-month,Fiber optic,111.4,1183.05,0,0.7082773698409294,High
2799-ARNLO,5,Month-to-month,Fiber optic,69.35,341.6,0,0.7080823506074871,High
1569-TTNYJ,5,Month-to-month,Fiber optic,78.75,412.1,1,0.7080357393457656,High
3045-XETSH,10,Month-to-month,Fiber optic,94.85,953.45,1,0.70802370337907,High
4806-HIPDW,1,Month-to-month,Fiber optic,68.95,68.95,1,0.7079600044412496,High
7465-ZZRVX,1,Month-to-month,Fiber optic,70.35,70.35,0,0.7078300148286596,High
2446-PLQVO,1,Month-to-month,Fiber optic,70.3,70.3,1,0.7078156295996147,High
3494-JCHRQ,1,Month-to-month,Fiber optic,70.05,70.05,1,0.7077436972163939,High
5875-YPQFJ,1,Month-to-month,Fiber optic,69.9,69.9,1,0.7077005327966683,High
5542-TBBWB,1,Month-to-month,Fiber optic,69.9,69.9,0,0.7077005327966683,High
9804-ICWBG,1,Month-to-month,Fiber optic,69.9,69.9,1,0.7077005327966683,High
4603-JANFB,1,Month-to-month,Fiber optic,69.85,69.85,1,0.7076861438252283,High
4510-HIMLV,1,Month-to-month,Fiber optic,69.8,69.8,1,0.7076717544380506,High
7254-IQWOZ,1,Month-to-month,Fiber optic,69.65,69.65,1,0.7076285837822587,High
6502-MJQAE,1,Month-to-month,Fiber optic,69.6,69.6,1,0.7076141927322979,High
1820-TQVEV,1,Month-to-month,Fiber optic,69.55,69.55,1,0.7075998012666832,High
3428-XZMAZ,1,Month-to-month,Fiber optic,69.35,69.35,1,0.7075422312480234,High
6457-GIRWB,1,Month-to-month,Fiber optic,69.35,69.35,1,0.7075422312480234,High
3716-BDVDB,1,Month-to-month,Fiber optic,69.1,69.1,1,0.7074702593745069,High
0841-NULXI,1,Month-to-month,DSL,35.55,35.55,1,0.7070418805688847,High
3091-FYHKI,1,Month-to-month,DSL,35.45,35.45,1,0.7070130642094518,High
8168-UQWWF,11,Month-to-month,Fiber optic,97.85,1105.4,1,0.7069082794177267,High
1219-NNDDO,9,Month-to-month,Fiber optic,76.85,663.55,0,0.7068915611822537,High
2026-TGDHM,7,Month-to-month,Fiber optic,79.3,523.15,1,0.706569287230999,High
7638-QVMVY,7,Month-to-month,Fiber optic,79.0,522.95,1,0.7065227898654717,High
9223-UCPVT,1,Month-to-month,Fiber optic,94.4,94.4,1,0.7064978754480715,High
5168-MSWXT,8,Month-to-month,Fiber optic,94.75,759.55,0,0.7064045063672284,High
4285-GYRQC,7,Month-to-month,Fiber optic,86.25,587.1,1,0.7057471032099463,High
9685-WKZGT,14,Month-to-month,Fiber optic,74.95,1036.75,1,0.705276710302506,High
6356-ELRKD,1,Month-to-month,Fiber optic,95.6,95.6,1,0.7049451579053537,High
6087-MVHJH,16,Month-to-month,Fiber optic,88.45,1422.1,1,0.7047872335537028,High
5349-IECLD,2,Month-to-month,Fiber optic,94.95,178.1,1,0.7045705529855444,High
2272-QAGFO,14,Month-to-month,Fiber optic,74.3,1096.25,1,0.7036892552255393,High
6326-MTTXK,8,Month-to-month,Fiber optic,100.85,819.55,1,0.7036814697503583,High
1031-IIDEO,1,Month-to-month,Fiber optic,70.85,70.85,1,0.703491052249849,High
5376-DEQCP,1,Month-to-month,Fiber optic,70.6,70.6,1,0.7034185013090358,High
6653-CBBOM,1,Month-to-month,Fiber optic,70.3,70.3,1,0.7033314266288571,High
1640-PLFMP,1,Month-to-month,Fiber optic,70.25,70.25,0,0.7033169127451593,High
3244-DCJWY,1,Month-to-month,Fiber optic,70.25,70.25,1,0.7033169127451593,High
0328-GRPMV,1,Month-to-month,Fiber optic,70.1,70.1,1,0.7032733686309892,High
4702-IOQDC,1,Month-to-month,Fiber optic,70.1,70.1,1,0.7032733686309892,High
7665-TOALD,1,Month-to-month,Fiber optic,69.6,69.6,1,0.7031281949057923,High
0488-GSLFR,1,Month-to-month,Fiber optic,69.5,69.5,1,0.7030991552366535,High
7660-HDPJV,1,Month-to-month,Fiber optic,69.2,69.2,1,0.7030120263835922,High
9728-FTTVZ,1,Month-to-month,Fiber optic,69.2,69.2,1,0.7030120263835922,High
5561-NWEVX,2,Month-to-month,Fiber optic,79.2,172.85,1,0.7029337564121293,High
2929-ERCFZ,8,Month-to-month,Fiber optic,94.2,777.3,1,0.7026933462745036,High
5378-IKEEG,1,Month-to-month,DSL,35.75,35.75,1,0.7026441133709413,High
7363-QTBIW,9,Month-to-month,Fiber optic,79.75,769.1,0,0.702636612802873,High
1024-VRZHF,11,Month-to-month,Fiber optic,74.95,825.7,1,0.7025828400223633,High
0871-URUWO,13,Month-to-month,Fiber optic,102.25,1359.0,1,0.7025749777984264,High
8065-YKXKD,10,Month-to-month,Fiber optic,74.75,799.65,1,0.7025331673314653,High
9274-CNFMO,4,Month-to-month,Fiber optic,74.95,308.7,1,0.7025140229949612,High
0375-HVGXO,1,Month-to-month,DSL,34.7,34.7,1,0.7023388282257165,High
4735-ASGMA,26,Month-to-month,Fiber optic,98.35,2515.3,1,0.7022622826134204,High
7594-RQHXR,1,Month-to-month,Fiber optic,79.6,79.6,1,0.7021520540138295,High
5919-TMRGD,1,Month-to-month,Fiber optic,79.35,79.35,1,0.7021145310811195,High
3707-GNWHM,1,Month-to-month,Fiber optic,74.25,74.25,1,0.7019413591110953,High
5357-TZHPP,9,Month-to-month,Fiber optic,84.4,732.5,1,0.7017842086405073,High
7029-RPUAV,17,Month-to-month,Fiber optic,100.45,1622.45,1,0.7016968667353606,High
7145-FEJWU,12,Month-to-month,Fiber optic,105.3,1275.65,0,0.7015347515061716,High
8835-VSDSE,2,Month-to-month,Fiber optic,70.7,141.45,1,0.7012461244548295,High
4853-OITSN,5,Month-to-month,Fiber optic,89.15,413.25,0,0.7011892763982693,High
5429-LWCMV,12,Month-to-month,Fiber optic,89.15,1057.55,0,0.7011341389185,High
5244-IRFIH,33,Month-to-month,Fiber optic,94.5,3105.55,1,0.7009848866065939,High
1184-PJVDB,10,Month-to-month,Fiber optic,79.95,857.2,1,0.7008740326129337,High
3957-LXOLK,28,Month-to-month,Fiber optic,106.15,3152.5,1,0.7007878164360913,High
2897-DOVND,2,Month-to-month,Fiber optic,69.8,146.65,0,0.7007596938382282,High
9717-QEBGU,2,Month-to-month,Fiber optic,70.3,144.0,0,0.7007423111430201,High
6583-KQJLK,15,Month-to-month,Fiber optic,94.65,1285.05,0,0.7006648608400172,High
7321-VGNKU,2,Month-to-month,Fiber optic,70.35,120.25,0,0.7000632793157997,High
7831-QGOXH,18,Month-to-month,Fiber optic,85.2,1553.9,1,0.6999197793168498,High
2612-RANWT,12,Month-to-month,Fiber optic,100.15,1164.3,1,0.699606664459056,High
6000-APYLU,9,Month-to-month,Fiber optic,80.8,713.1,1,0.6994479439308474,High
6507-ZJSUR,23,Month-to-month,Fiber optic,90.45,2117.25,0,0.6994025494593035,High
9885-CSMWE,1,Month-to-month,Fiber optic,78.45,78.45,1,0.6991675458790683,High
9330-IJWIO,13,Month-to-month,Fiber optic,100.35,1358.85,1,0.6990740216771733,High
3750-CKVKH,2,Month-to-month,Fiber optic,67.75,116.65,1,0.69870921890866,High
2657-VPXTA,10,Month-to-month,Fiber optic,88.85,929.45,0,0.6983243181144267,High
2485-ITVKB,2,Month-to-month,DSL,35.1,68.75,1,0.6982860192312211,High
7379-POKDZ,3,Month-to-month,Fiber optic,70.3,208.85,1,0.6982222950297148,High
8290-YWKHZ,32,Month-to-month,Fiber optic,93.2,2931.0,1,0.6980351784006498,High
7938-OUHIO,3,Month-to-month,Fiber optic,98.7,293.65,1,0.6978718662580229,High
3276-HDUEG,1,Month-to-month,Fiber optic,75.05,75.05,1,0.6976403538518503,High
4884-ZTHVF,8,Month-to-month,Fiber optic,87.1,713.6,0,0.6974665023784915,High
9239-ZBZZV,6,Month-to-month,DSL,47.95,305.1,1,0.6971850117340879,High
9237-HQITU,2,Month-to-month,Fiber optic,70.7,151.65,1,0.6966925745718867,High
4298-OYIFC,15,Month-to-month,Fiber optic,103.45,1539.8,0,0.6961548951380728,High
3721-CNEYS,2,Month-to-month,Fiber optic,70.95,137.95,1,0.6960371655940516,High
3254-YRILK,19,Month-to-month,Fiber optic,88.2,1775.8,1,0.6957408258029313,High
4482-EWFMI,2,Month-to-month,Fiber optic,69.7,135.2,0,0.6955906444543781,High
0872-NXJYS,9,Month-to-month,Fiber optic,79.55,723.4,1,0.6951271210229222,High
7394-LWLYN,2,Month-to-month,Fiber optic,70.15,123.8,0,0.6951028803636133,High
0168-XZKBB,19,Month-to-month,Fiber optic,86.85,1564.4,0,0.6949540853393473,High
2636-OHFMN,4,Month-to-month,DSL,48.55,201.0,1,0.6946774749125607,High
8699-ASUFO,7,Month-to-month,Fiber optic,74.4,527.9,1,0.6945343918005271,High
0306-JAELE,5,Month-to-month,Fiber optic,96.1,453.4,1,0.6945298754429556,High
9897-KXHCM,3,Month-to-month,Fiber optic,80.3,250.05,1,0.6942999066524187,High
2952-QAYZF,5,Month-to-month,Fiber optic,85.3,424.15,1,0.6942626691132913,High
3329-WDIOK,3,Month-to-month,DSL,50.6,155.35,1,0.6941453781713512,High
1977-STDKI,1,Month-to-month,Fiber optic,73.0,73.0,1,0.6941238943046983,High
7625-XCQRH,11,Month-to-month,Fiber optic,76.5,837.95,1,0.6939560520207914,High
3191-CSNMG,3,Month-to-month,Fiber optic,80.7,239.45,0,0.6938765987839967,High
6996-KNSML,1,Month-to-month,Fiber optic,74.9,74.9,1,0.6937189520173795,High
7384-GHBPI,3,Month-to-month,DSL,35.15,99.75,1,0.6934453610252228,High
3318-OSATS,35,Month-to-month,Fiber optic,95.45,3474.05,1,0.6933081647547192,High
3629-ZNKXA,17,Month-to-month,Fiber optic,101.8,1752.45,0,0.6932116184656408,High
2761-OCIAX,2,Month-to-month,Fiber optic,74.7,165.4,1,0.6928886931778929,High
0822-GAVAP,2,Month-to-month,DSL,34.7,62.25,1,0.6927320389006711,High
1980-KXVPM,3,Month-to-month,Fiber optic,75.05,256.25,1,0.6926360532305182,High
8625-AZYZY,24,Month-to-month,Fiber optic,104.65,2542.45,1,0.6924433773256439,High
6215-NQCPY,15,Month-to-month,Fiber optic,99.7,1566.75,0,0.6922713031843591,High
4132-KALRO,4,Month-to-month,Fiber optic,100.85,399.25,0,0.6921717509923045,High
6331-EWIEB,20,Month-to-month,Fiber optic,85.25,1734.5,1,0.6918616259509325,High
4813-HQMGZ,8,Month-to-month,Fiber optic,90.25,743.75,0,0.691328350840537,High
3746-EUBYR,1,Month-to-month,Fiber optic,74.6,74.6,1,0.6911779689305313,High
7994-UYIVZ,8,Month-to-month,Fiber optic,85.65,659.45,0,0.690827114609589,High
7932-WPTDS,1,Month-to-month,DSL,24.8,24.8,1,0.6907705056708019,High
0679-IDSTG,1,Month-to-month,Fiber optic,69.25,69.25,1,0.6904818727801492,High
9317-WZPGV,2,Month-to-month,Fiber optic,79.75,159.4,1,0.6904027342112916,High
0023-HGHWL,1,Month-to-month,DSL,25.1,25.1,1,0.6903091583403975,High
6856-RAURS,2,Month-to-month,Fiber optic,74.9,136.05,0,0.6897204836878926,High
9633-XQABV,3,Month-to-month,Fiber optic,70.25,229.7,0,0.6895880509300825,High
4445-ZJNMU,9,Month-to-month,Fiber optic,99.3,918.75,0,0.6889143599013833,High
6702-OHFWR,1,Month-to-month,DSL,43.3,43.3,1,0.688323922783611,High
5275-SQEIZ,1,Month-to-month,Fiber optic,80.85,80.85,1,0.688201950735108,High
5167-ZFFMM,1,Month-to-month,Fiber optic,90.85,90.85,1,0.6881767854253215,High
7245-NIIWQ,3,Month-to-month,Fiber optic,69.85,199.85,0,0.6879085284589859,High
6618-RYATB,1,Month-to-month,Fiber optic,79.55,79.55,1,0.6878954332803614,High
6077-BDPXA,3,Month-to-month,Fiber optic,70.15,194.2,0,0.6876823933654437,High
8800-JOOCF,12,Month-to-month,Fiber optic,84.05,966.55,0,0.6875105245651855,High
5159-YFPKQ,2,Month-to-month,Fiber optic,75.8,160.75,1,0.6873227796482942,High
7568-PODML,1,Month-to-month,DSL,45.3,45.3,1,0.6871961983783114,High
6851-WEFYX,35,Month-to-month,Fiber optic,100.8,3437.5,0,0.6867208023768173,High
1016-DJTSV,8,Month-to-month,Fiber optic,69.7,572.85,0,0.6866557905626396,High
0345-HKJVM,6,Month-to-month,Fiber optic,89.3,577.6,1,0.6863646246577487,High
3999-QGRJH,8,Month-to-month,Fiber optic,69.7,560.85,1,0.6860173588882106,High
4631-OACRM,15,Month-to-month,Fiber optic,79.4,1156.1,1,0.6858843474419537,High
7409-KIUTL,1,Month-to-month,Fiber optic,71.0,71.0,1,0.6858191766588919,High
1768-ZAIFU,1,Month-to-month,DSL,25.2,25.2,1,0.6857055748553155,High
2057-ZBLPD,21,Month-to-month,Fiber optic,86.5,1808.7,1,0.685428984065522,High
7005-CCBKV,6,Month-to-month,Fiber optic,84.4,556.35,1,0.6851673392991638,High
9279-CJEOJ,21,Month-to-month,Fiber optic,95.4,2025.1,0,0.6849553898896846,High
7511-YMXVQ,9,Month-to-month,DSL,45.4,418.8,1,0.6848633910965344,High
4958-XCBDQ,35,Month-to-month,Fiber optic,101.4,3496.3,1,0.6847933422965128,High
3217-FZDMN,8,Month-to-month,Fiber optic,94.45,742.95,1,0.6845119662549658,High
4706-AXVKM,11,Month-to-month,Fiber optic,84.8,906.85,1,0.6842588466450203,High
6960-HVYXR,1,Month-to-month,Fiber optic,76.0,76.0,1,0.6840209789337145,High
2840-XANRC,24,Month-to-month,Fiber optic,93.15,2231.05,1,0.6838326947286095,High
2379-ENZGV,6,Month-to-month,Fiber optic,84.85,523.5,1,0.6835612740320295,High
2568-BRGYX,4,Month-to-month,Fiber optic,70.2,237.95,1,0.6834310166221409,High
9314-IJWSQ,14,Month-to-month,Fiber optic,84.8,1203.9,0,0.6830511637516962,High
5366-IJEQJ,20,Month-to-month,Fiber optic,88.7,1761.45,1,0.6829573245206857,High
6198-RTPMF,17,Month-to-month,Fiber optic,92.6,1579.7,0,0.6824931578026799,High
9992-RRAMN,22,Month-to-month,Fiber optic,85.1,1873.7,1,0.6819409250012143,High
2754-SDJRD,8,Month-to-month,Fiber optic,100.15,908.55,0,0.6819194946407261,High
3138-BKYAV,6,Month-to-month,Fiber optic,85.35,489.45,1,0.6818623770492109,High
3001-UNBTL,29,Month-to-month,Fiber optic,103.95,2964.8,0,0.6812835304470595,High
0495-ZBNGW,5,Month-to-month,Fiber optic,79.9,343.95,1,0.681129199900398,High
1251-STYSZ,4,Month-to-month,Fiber optic,80.25,303.7,0,0.6807419344024446,High
5628-FCGYG,21,Month-to-month,Fiber optic,84.1,1737.45,0,0.680463970839513,High
9408-SSNVZ,4,Month-to-month,Fiber optic,70.15,268.35,1,0.6803659793946598,High
8313-NDOIA,24,Month-to-month,Fiber optic,104.15,2494.65,0,0.679926481461891,High
0480-BIXDE,19,Month-to-month,Fiber optic,96.8,1743.05,0,0.6798002899480132,High
2472-OVKUP,6,Month-to-month,Fiber optic,91.0,531.0,1,0.6794012691262228,High
8519-IMDHU,15,Month-to-month,Fiber optic,85.6,1345.55,1,0.6791158999853586,High
7028-DVOIQ,35,Month-to-month,Fiber optic,99.05,3395.8,1,0.67882194763298,High
1254-IZEYF,31,Month-to-month,Fiber optic,99.95,3186.65,1,0.6787242972145314,High
7479-NITWS,7,Month-to-month,Fiber optic,89.35,631.85,1,0.6786577235423157,High
0018-NYROU,5,Month-to-month,Fiber optic,68.95,351.5,0,0.6784408090409949,High
6543-XRMYR,30,Month-to-month,Fiber optic,99.7,2967.35,1,0.6782214160428878,High
2754-VDLTR,10,Month-to-month,Fiber optic,95.2,930.4,1,0.6781809493810074,High
3874-EQOEP,7,Month-to-month,Fiber optic,95.0,655.5,1,0.6780064477855928,High
3106-ULWFW,8,Month-to-month,Fiber optic,85.2,627.4,1,0.6778789798363107,High
6877-TJMBR,1,Month-to-month,Fiber optic,84.8,84.8,1,0.6778292411194137,High
1226-IENZN,16,Month-to-month,Fiber optic,78.75,1218.25,0,0.677735905466353,High
6786-OBWQR,5,Month-to-month,Fiber optic,80.85,356.1,0,0.6776408551575374,High
4633-MKHYU,9,Month-to-month,Fiber optic,88.4,788.6,0,0.6776203369217855,High
6772-KSATR,1,Month-to-month,Fiber optic,81.7,81.7,1,0.6771345359084049,High
4123-DVHPH,9,Month-to-month,Fiber optic,88.05,801.3,0,0.6767553750496011,High
2058-DCJBE,5,Month-to-month,Fiber optic,69.75,324.6,1,0.6766254588720064,High
6060-DRTNL,5,Month-to-month,Fiber optic,84.85,415.55,1,0.6766252652788102,High
1508-DFXCU,12,Month-to-month,Fiber optic,81.45,912.0,0,0.6766033537124293,High
2107-FBPTK,30,Month-to-month,Fiber optic,104.1,3121.1,0,0.6762502773816813,High
7240-ETPTR,9,Month-to-month,DSL,48.75,442.2,1,0.6761986444197395,High
6047-YHPVI,5,Month-to-month,Fiber optic,69.7,316.9,1,0.6761964268548,High
8943-URTMR,2,Month-to-month,Fiber optic,79.65,152.7,1,0.6757953851806922,High
6029-WTIPC,37,Month-to-month,Fiber optic,101.1,3744.05,1,0.6753357442868182,High
0004-TLHLJ,4,Month-to-month,Fiber optic,73.9,280.85,1,0.6753254228964208,High
2845-HSJCY,14,Month-to-month,Fiber optic,87.25,1258.6,1,0.6752295179271981,High
3990-QYKBE,37,Month-to-month,Fiber optic,92.5,3473.4,1,0.6752228319632336,High
8413-VONUO,2,Month-to-month,Fiber optic,95.65,167.3,1,0.6748881882813117,High
2809-ZMYOQ,32,Month-to-month,Fiber optic,101.35,3334.9,0,0.6746796521795442,High
5095-AESKG,3,Month-to-month,Fiber optic,91.5,242.95,1,0.6744022087720882,High
6372-RFVNS,1,Month-to-month,Fiber optic,78.8,78.8,1,0.6740420318290897,High
5419-CONWX,4,Month-to-month,Fiber optic,99.8,442.85,1,0.6739904871321348,High
2867-UIMSS,1,Month-to-month,Fiber optic,80.5,80.5,1,0.6739586099375885,High
5299-RULOA,10,Month-to-month,Fiber optic,100.25,1064.65,1,0.6738745596865346,High
1285-OKIPP,1,Month-to-month,Fiber optic,79.9,79.9,1,0.6737751690352883,High
5393-RXQSZ,1,Month-to-month,Fiber optic,79.6,79.6,1,0.6736834286227502,High
7823-JSOAG,3,Month-to-month,Fiber optic,74.5,217.45,0,0.6732200812281349,High
3393-FMZPV,25,Month-to-month,Fiber optic,100.25,2387.75,1,0.6731407088421302,High
7780-OTDSO,18,Month-to-month,Fiber optic,99.4,1742.95,1,0.6729574384848954,High
3198-VELRD,3,Month-to-month,Fiber optic,84.75,264.85,1,0.6725491559866815,High
1342-JPNKI,10,Month-to-month,Fiber optic,86.05,834.1,1,0.6724440792770091,High
7394-FKDNK,9,Month-to-month,Fiber optic,89.45,853.1,1,0.6724012000812434,High
7206-PQBBZ,11,Month-to-month,Fiber optic,70.2,834.7,0,0.6720442381282665,High
6899-PPEEA,37,Month-to-month,Fiber optic,96.55,3580.3,1,0.671991696621935,High
9507-EXLTT,1,Month-to-month,Fiber optic,79.35,79.35,1,0.6719037111422326,High
0390-DCFDQ,1,Month-to-month,Fiber optic,70.45,70.45,1,0.6714779547475149,High
0722-SVSFK,7,Month-to-month,Fiber optic,100.4,715.0,0,0.6710557799175016,High
3370-HXOPH,3,Month-to-month,Fiber optic,76.1,257.6,0,0.6710531648498778,High
3453-RTHJQ,6,Month-to-month,Fiber optic,69.1,435.0,0,0.6709907308565488,High
6221-AVQYL,2,Month-to-month,Fiber optic,73.25,131.05,1,0.6707927901421797,High
1731-TVIUK,4,Month-to-month,Fiber optic,93.5,362.2,1,0.6706987500343125,High
5609-CEBID,20,Month-to-month,Fiber optic,94.1,1782.4,1,0.6702903050123945,High
6689-TCZHQ,5,Month-to-month,Fiber optic,78.95,378.4,1,0.6702154041751515,High
5228-EXCET,13,Month-to-month,Fiber optic,80.85,1008.7,1,0.6701959550226204,High
0925-VYDLG,3,Month-to-month,Fiber optic,75.25,242.0,1,0.6699866140998032,High
8861-HGGKB,10,Month-to-month,Fiber optic,86.45,830.85,1,0.6698797967315937,High
2074-GKOWZ,2,Month-to-month,Fiber optic,89.55,185.55,1,0.6694166504770624,High
8397-MVTAZ,34,Month-to-month,Fiber optic,100.05,3480.0,1,0.6693381938770757,High
9019-QVLZD,1,Month-to-month,Fiber optic,79.55,79.55,1,0.6689422992333063,High
4274-OWWYO,1,Month-to-month,Fiber optic,74.35,74.35,1,0.668514125949746,High
2777-PHDEI,1,Month-to-month,Fiber optic,78.05,78.05,1,0.6684800113481044,High
6712-OAWRH,26,Month-to-month,Fiber optic,91.25,2351.8,1,0.6684216311702913,High
8063-GBATB,27,Month-to-month,Fiber optic,85.25,2287.25,1,0.6681672331064505,High
8648-PFRMP,14,Month-to-month,DSL,46.35,672.7,0,0.6679742722647128,High
6275-YDUVO,2,Month-to-month,Fiber optic,86.2,178.7,1,0.6673486728707912,High
3677-IYRBF,2,Month-to-month,DSL,30.4,78.65,1,0.6670895944978088,High
1309-BXVOQ,21,Month-to-month,Fiber optic,106.1,2249.95,1,0.6669726784034089,High
8309-IEYJD,1,Month-to-month,Fiber optic,70.6,70.6,0,0.6661723640057532,High
4301-VVZKA,16,Month-to-month,Fiber optic,75.4,1189.4,0,0.6657753310643181,High
5027-QPKTE,7,Month-to-month,Fiber optic,69.35,451.1,1,0.6657264776256175,High
6424-ELEYH,3,Month-to-month,Fiber optic,74.75,229.5,1,0.6655704626333125,High
7198-GLXTC,2,Month-to-month,Fiber optic,79.0,143.65,1,0.6655276526209969,High
8868-WOZGU,28,Month-to-month,Fiber optic,105.7,2979.5,1,0.6655012021854789,High
0928-XUTSN,13,Month-to-month,Fiber optic,80.5,1011.8,0,0.6654887354721406,High
2984-AFWNC,3,Month-to-month,Fiber optic,95.4,293.15,0,0.6653950672968121,High
9850-OWRHQ,3,Month-to-month,Fiber optic,74.1,228.0,1,0.6653223854156819,High
5570-PTWEH,3,Month-to-month,Fiber optic,75.15,216.75,1,0.6649706928721925,High
3422-LYEPQ,1,Month-to-month,Fiber optic,71.0,71.0,1,0.6648384720902047,High
3317-VLGQT,14,Month-to-month,Fiber optic,78.1,1122.4,0,0.6647252725621615,High
7615-ESMYF,2,Month-to-month,DSL,44.6,97.1,1,0.6647084484391281,High
1853-UDXBW,1,Month-to-month,Fiber optic,70.0,70.0,1,0.664528412076329,High
0329-GTIAJ,3,Month-to-month,Fiber optic,97.9,315.3,1,0.6644349595488878,High
3663-MITLP,15,Month-to-month,Fiber optic,101.25,1457.25,1,0.6643857183440594,High
1965-AKTSX,14,Month-to-month,Fiber optic,78.95,1101.85,1,0.6643346435989604,High
4291-SHSBH,7,Month-to-month,Fiber optic,69.55,521.35,0,0.6642623200378662,High
8010-EZLOU,15,Month-to-month,Fiber optic,80.2,1217.25,1,0.6641914806462984,High
3797-VTIDR,1,Month-to-month,DSL,23.45,23.45,1,0.6641782004282136,High
5442-UTCVD,3,Month-to-month,Fiber optic,91.85,257.05,1,0.6641378645983858,High
5196-SGOAK,1,Month-to-month,Fiber optic,75.7,75.7,1,0.6641323740642767,High
6416-TVAIH,1,Month-to-month,Fiber optic,68.5,68.5,1,0.6640630559279861,High
3765-JXVKY,1,Month-to-month,Fiber optic,74.7,74.7,1,0.6638219911356248,High
1602-IJQQE,4,Month-to-month,Fiber optic,75.35,338.1,1,0.6636965703632538,High
8111-RKSPX,4,Month-to-month,Fiber optic,72.2,305.55,1,0.6635753346912251,High
4566-NECEV,5,Month-to-month,Fiber optic,96.55,500.1,0,0.6634976176209617,High
9121-PHQSR,16,Month-to-month,Fiber optic,85.05,1391.15,0,0.6633852963017607,High
3049-NDXFL,1,Month-to-month,Fiber optic,85.8,85.8,1,0.6633362537573775,High
2737-YNGYW,2,Month-to-month,Fiber optic,80.55,184.1,1,0.6633014158118817,High
0420-HLGXF,39,Month-to-month,Fiber optic,99.75,4036.0,0,0.6630876128123676,High
9846-GKXAS,9,Month-to-month,Fiber optic,90.8,809.75,1,0.6626784277657372,High
2276-YDAVZ,3,Month-to-month,Fiber optic,75.1,270.7,1,0.6625409852838796,High
2845-AFFTX,41,Month-to-month,Fiber optic,99.8,4259.3,1,0.662335681261059,High
9102-IAYHT,17,Month-to-month,Fiber optic,85.45,1451.6,1,0.662194273786143,High
4283-FUTGF,19,Month-to-month,Fiber optic,79.85,1471.75,1,0.6621137214110004,High
0689-NKYLF,13,Month-to-month,Fiber optic,83.2,1060.6,1,0.6621088952559354,High
9921-ZVRHG,14,Month-to-month,Fiber optic,80.45,1072.0,1,0.6620539176800306,High
8183-ONMXC,2,Month-to-month,Fiber optic,80.75,159.45,1,0.6619907552335084,High
3317-HRTNN,5,Month-to-month,DSL,45.7,198.0,1,0.66179652148567,High
5937-EORGB,15,Month-to-month,Fiber optic,96.5,1392.25,0,0.661756171391294,High
5293-WXJAK,11,Month-to-month,Fiber optic,104.05,1133.65,1,0.6611015788991994,High
6116-RFVHN,34,Month-to-month,Fiber optic,100.45,3414.65,0,0.6610360751913393,High
4770-UEZOX,2,Month-to-month,Fiber optic,74.75,144.8,0,0.6608676823858861,High
6110-OHIHY,3,Month-to-month,Fiber optic,79.25,267.6,1,0.6607788593538473,High
6393-WRYZE,34,Month-to-month,Fiber optic,97.65,3207.55,1,0.6605123416286667,High
2081-VEYEH,3,Month-to-month,Fiber optic,107.95,318.6,0,0.6603763946099057,High
1024-GUALD,1,Month-to-month,DSL,24.8,24.8,1,0.6597683035189545,High
5134-IKDAY,1,Month-to-month,Fiber optic,69.8,69.8,1,0.6596368051252957,High
8380-PEFPE,1,Month-to-month,Fiber optic,71.65,71.65,1,0.659636217352515,High
9696-RMYBA,5,Month-to-month,Fiber optic,80.1,398.55,0,0.6594496204903602,High
2672-DZUOY,1,Month-to-month,DSL,25.15,25.15,1,0.6592991416011817,High
7365-BVCJH,1,Month-to-month,DSL,24.4,24.4,0,0.6590647375696902,High
1334-FJSVR,1,Month-to-month,DSL,24.25,24.25,1,0.6590178474224276,High
8017-LXHFA,23,Month-to-month,Fiber optic,94.75,2293.6,1,0.6588665019333424,High
5117-IFGPS,29,Month-to-month,Fiber optic,84.3,2357.75,0,0.6587294439978149,High
4873-ILOLJ,24,Month-to-month,Fiber optic,90.35,2238.5,1,0.6584745063297085,High
7693-LCKZL,5,Month-to-month,Fiber optic,80.15,385.0,1,0.6583082509470221,High
8873-GLDMH,6,Month-to-month,Fiber optic,73.85,401.3,0,0.6580136806488934,High
0137-OCGAB,1,Month-to-month,Fiber optic,80.2,80.2,1,0.6579766621850686,High
1268-ASBGA,16,Month-to-month,Fiber optic,85.35,1375.15,1,0.6576978201549668,High
2254-DLXRI,1,Month-to-month,Fiber optic,79.15,79.15,0,0.6576478623377413,High
3427-GGZZI,19,Month-to-month,Fiber optic,89.1,1620.8,0,0.6571832848218759,High
9250-WYPLL,5,Month-to-month,Fiber optic,75.55,413.65,1,0.6562289371273127,High
0396-YCHWO,36,Month-to-month,Fiber optic,95.4,3474.2,0,0.6561387338781629,High
0928-JMXNP,4,Month-to-month,DSL,29.9,118.25,0,0.6560316264876958,High
3871-IKPYH,1,Month-to-month,Fiber optic,69.1,69.1,1,0.655956768518783,High
3904-UKFRE,4,Month-to-month,Fiber optic,80.1,336.15,0,0.6559179040408789,High
3074-GQWYX,5,Month-to-month,Fiber optic,75.9,357.75,1,0.6557077182593328,High
6198-ZFIOJ,5,Month-to-month,Fiber optic,75.6,402.5,0,0.655619955114042,High
7890-VYYWG,3,Month-to-month,DSL,36.45,93.7,1,0.6555962704770728,High
5760-IFJOZ,3,Month-to-month,Fiber optic,107.95,313.6,0,0.6553512437663978,High
6595-YGXIT,25,Month-to-month,Fiber optic,88.95,2291.2,1,0.6552652370633213,High
0742-NXBGR,1,Month-to-month,Fiber optic,82.3,82.3,1,0.6545042723226475,High
4550-EVXNY,1,Month-to-month,Fiber optic,69.65,69.65,1,0.6541440378731166,High
5119-NZPTV,2,Month-to-month,Fiber optic,70.1,141.65,0,0.653936098239801,High
1867-BDVFH,11,Month-to-month,Fiber optic,74.35,834.2,1,0.6538574345411613,High
5186-SAMNZ,1,Month-to-month,Fiber optic,69.5,69.5,1,0.6537135133612019,High
7861-UVUFT,15,Month-to-month,Fiber optic,84.3,1308.4,1,0.6532659742762107,High
1866-RZZQS,41,Month-to-month,Fiber optic,98.4,4187.75,1,0.6525515665917981,High
1475-VWVDO,7,Month-to-month,Fiber optic,74.9,490.55,0,0.6522190435073635,High
4612-SSVHJ,20,Month-to-month,Fiber optic,81.45,1671.6,0,0.652085377443268,High
9208-OLGAQ,18,Month-to-month,Fiber optic,84.95,1443.65,0,0.6520799769252119,High
0508-OOLTO,2,Month-to-month,Fiber optic,71.65,135.75,0,0.652016275329311,High
4385-GZQXV,16,Month-to-month,Fiber optic,94.45,1511.2,1,0.6517726705966888,High
3585-ISXZP,8,Month-to-month,Fiber optic,95.65,778.1,1,0.6516563021958502,High
4822-YCXMX,25,Month-to-month,Fiber optic,84.8,2043.45,1,0.6510413469274432,High
5519-YLDGW,21,Month-to-month,Fiber optic,103.9,2254.2,1,0.650882635183698,High
3223-WZWJM,26,Month-to-month,Fiber optic,83.95,2254.2,1,0.6507990853982286,High
6376-GAHQE,4,Month-to-month,Fiber optic,77.85,299.2,1,0.650399922494939,High
0793-TWELN,4,Month-to-month,Fiber optic,80.15,319.85,0,0.6501271732382654,High
8739-WWKDU,25,Month-to-month,Fiber optic,89.5,2196.15,1,0.6500829663378985,High
0235-KGSLC,1,Month-to-month,Fiber optic,85.55,85.55,1,0.6500585521296058,High
0939-YAPAF,35,Month-to-month,Fiber optic,100.25,3527.6,1,0.6500502729834143,High
6407-UTSLV,2,Month-to-month,Fiber optic,83.8,163.7,0,0.6499698397131528,High
8325-QRPZR,7,Month-to-month,Fiber optic,75.15,525.0,0,0.6493131308016815,High
0746-JTRFU,2,Month-to-month,DSL,25.05,56.35,1,0.6492152337465318,High
2398-YPMUR,13,Month-to-month,Fiber optic,70.15,916.75,1,0.6483342212240688,High
9903-LYSAB,18,Month-to-month,Fiber optic,73.15,1305.95,0,0.648172026949616,High
2665-NPTGL,26,Month-to-month,Fiber optic,98.1,2510.7,0,0.6481607847640665,High
3488-PGMQJ,8,Month-to-month,Fiber optic,74.5,606.55,1,0.6478016545613818,High
4817-VYYWS,30,Month-to-month,Fiber optic,100.2,2983.8,1,0.6476636886025963,High
5976-JCJRH,10,Month-to-month,Fiber optic,70.3,738.2,1,0.646668383204926,High
2408-WITXK,10,Month-to-month,DSL,34.7,329.8,1,0.6463624679445388,High
8111-SLLHI,39,Month-to-month,Fiber optic,105.65,4284.8,1,0.6461385822015929,High
5216-WASFJ,31,Month-to-month,Fiber optic,84.85,2633.4,0,0.6457589105703616,High
3877-JRJIP,1,Month-to-month,DSL,59.85,59.85,1,0.6454233231749266,High
8270-RKSAP,9,Month-to-month,Fiber optic,70.5,597.9,0,0.6451980220026566,High
9436-ZBZCT,14,Month-to-month,Fiber optic,89.95,1178.4,1,0.6451846606804582,High
2568-OIADY,37,Month-to-month,Fiber optic,99.5,3762.0,1,0.6447722854853165,High
8922-LIEGH,25,Month-to-month,Fiber optic,89.7,2187.55,1,0.6446840545095996,High
1571-SAVHK,12,Month-to-month,Fiber optic,99.95,1132.75,1,0.644443593482838,High
0685-MLYYM,2,Month-to-month,Fiber optic,70.75,154.85,1,0.6444299121509363,High
4124-MMETB,22,Month-to-month,Fiber optic,94.65,2104.55,1,0.6441533402487747,High
5940-NFXKV,19,Month-to-month,Fiber optic,83.65,1465.75,1,0.6437682471431477,High
6435-SRWBJ,5,Month-to-month,Fiber optic,82.75,417.75,0,0.6436157856370722,High
4039-HEUNW,36,Month-to-month,Fiber optic,96.5,3436.1,1,0.643474854371955,High
2369-UAPKZ,5,Month-to-month,Fiber optic,104.1,541.9,1,0.6434356428522158,High
0455-XFASS,3,Month-to-month,Fiber optic,69.55,200.2,0,0.643195777169948,High
1196-AMORA,7,Month-to-month,Fiber optic,73.6,520.0,1,0.6428641535208447,High
1379-FRVEB,15,Month-to-month,Fiber optic,91.0,1430.05,0,0.642698944640369,High
4598-XLKNJ,25,Month-to-month,Fiber optic,98.5,2514.5,1,0.6421915066401527,High
6379-RXJRQ,10,Month-to-month,Fiber optic,70.1,659.65,1,0.642167783640539,High
1666-JXLKU,37,Month-to-month,Fiber optic,100.05,3810.55,0,0.6421259742008881,High
8266-VBFQL,4,Month-to-month,Fiber optic,90.4,356.65,0,0.6421006010564929,High
2025-JKFWI,13,Month-to-month,Fiber optic,99.0,1301.7,1,0.6418016950699692,High
2439-LYPMQ,38,Month-to-month,Fiber optic,102.6,4009.2,0,0.6416853371708992,High
1891-UAWWU,20,Month-to-month,Fiber optic,90.8,1951.0,1,0.6413934447119602,High
2482-CZGBB,10,Month-to-month,Fiber optic,70.0,740.0,1,0.6411516046064175,High
2038-OEQZH,4,Month-to-month,Fiber optic,86.05,308.1,0,0.6411045668783903,High
2357-COQEK,28,Month-to-month,Fiber optic,103.3,2890.65,1,0.6410980441258577,High
3420-ZDBMA,5,Month-to-month,Fiber optic,71.45,371.6,0,0.6408742055901426,High
1028-FFNJK,30,Month-to-month,Fiber optic,101.5,2917.65,0,0.6406504811026796,High
5673-FSSMF,1,Month-to-month,DSL,60.15,60.15,1,0.6405252844381972,High
5590-BYNII,22,Month-to-month,Fiber optic,100.75,2095.0,1,0.6404386446521951,High
7801-KICAO,18,Month-to-month,Fiber optic,74.15,1345.75,0,0.6402030285767979,High
6339-YPSAH,9,Month-to-month,Fiber optic,73.8,704.3,0,0.6401510031018863,High
2260-USTRB,2,Month-to-month,Fiber optic,70.2,115.95,1,0.639667136105456,High
6140-QNRQQ,1,Month-to-month,Fiber optic,71.55,71.55,1,0.6393096711734263,High
9606-PBKBQ,32,Month-to-month,Fiber optic,85.0,2642.05,1,0.6392629574974861,High
8042-JVNFH,1,Month-to-month,Fiber optic,71.35,71.35,1,0.63924551055751,High
7908-QCBCA,1,Month-to-month,Fiber optic,69.4,69.4,1,0.6392140321361267,High
0576-WNXXC,27,Month-to-month,Fiber optic,95.55,2510.2,1,0.6391158888327172,High
9617-INGJY,1,Month-to-month,Fiber optic,70.6,70.6,0,0.6390048639844336,High
6918-UMQCG,5,Month-to-month,Fiber optic,80.2,384.25,0,0.6389342591735222,High
5564-NEMQO,1,Month-to-month,Fiber optic,75.3,75.3,1,0.6387256304545269,High
4971-PUYQO,27,Month-to-month,Fiber optic,94.55,2724.6,1,0.6386681852310517,High
5399-ZIMKF,5,Month-to-month,Fiber optic,74.65,383.65,0,0.6386582103801564,High
6347-DCUIK,10,Month-to-month,Fiber optic,74.15,811.8,1,0.6385609612680236,High
5685-IIXLY,5,Month-to-month,Fiber optic,83.6,404.2,1,0.6384990427255481,High
3951-NJCVI,42,Month-to-month,Fiber optic,95.05,3944.5,0,0.6384800764358299,High
9912-GVSEQ,26,Month-to-month,Fiber optic,93.85,2381.55,1,0.6383896341862259,High
8821-XNHVZ,1,Month-to-month,Fiber optic,80.05,80.05,1,0.6383835447520073,High
2815-CPTUL,5,Month-to-month,Fiber optic,70.25,331.9,1,0.638296113552816,High
2114-MGINA,14,Month-to-month,Fiber optic,89.8,1129.1,1,0.6382373272225006,High
0947-IDHRQ,7,Month-to-month,Fiber optic,80.3,526.7,1,0.6380247060683673,High
7912-SYRQT,7,Month-to-month,Fiber optic,75.1,552.95,1,0.6377493652622727,High
6005-OBZPH,26,Month-to-month,Fiber optic,89.15,2277.65,1,0.6376968393260186,High
3565-UNOCC,29,Month-to-month,Fiber optic,99.05,2952.85,1,0.6375600984549384,High
0432-CAJZV,3,Month-to-month,Fiber optic,90.7,237.65,0,0.6375429556484252,High
9647-ERGBE,30,Month-to-month,Fiber optic,100.05,3046.15,1,0.6364742899091317,High
4559-UWIHT,14,Month-to-month,Fiber optic,82.65,1185.0,0,0.6363811348650832,High
2674-MIAHT,4,Month-to-month,Fiber optic,80.3,324.2,0,0.6360299044926531,High
7517-LDMPS,12,Month-to-month,Fiber optic,84.6,1017.35,0,0.6357882122758343,High
1689-YQBYY,12,Month-to-month,Fiber optic,76.6,893.0,0,0.6353454999376162,High
3420-YJLQT,2,Month-to-month,Fiber optic,79.55,151.75,0,0.635053090985395,High
5138-WVKYJ,10,Month-to-month,Fiber optic,98.55,1008.55,1,0.6348582275339448,High
6319-IEJWJ,20,Month-to-month,Fiber optic,90.2,1776.55,1,0.6341440281943349,High
1112-CUNAO,15,Month-to-month,Fiber optic,89.85,1424.95,1,0.6341283525207312,High
0968-GSIKN,1,Month-to-month,Fiber optic,70.8,70.8,1,0.6340752199293207,High
4325-NFSKC,19,Month-to-month,Fiber optic,90.6,1660.0,1,0.6340723657337531,High
5032-MIYKT,1,Month-to-month,Fiber optic,70.7,70.7,0,0.6340429411853561,High
2619-WFQWU,1,Month-to-month,Fiber optic,70.15,70.15,1,0.633865386581194,High
9985-MWVIX,1,Month-to-month,Fiber optic,70.15,70.15,1,0.633865386581194,High
3066-RRJIO,1,Month-to-month,Fiber optic,69.95,69.95,1,0.6338008122496345,High
4441-NIHPT,13,Month-to-month,Fiber optic,74.3,940.35,1,0.6332290606172897,High
6400-BWQKW,6,Month-to-month,Fiber optic,79.05,434.5,1,0.6323517755523153,High
8008-HAWED,14,Month-to-month,DSL,50.75,712.75,1,0.6322878635357442,High
8485-GJCDN,5,Month-to-month,Fiber optic,69.05,318.5,1,0.6322091836584429,High
0302-JOIVN,8,Month-to-month,Fiber optic,101.15,842.9,1,0.6320678863594622,High
5652-MSDEY,10,Month-to-month,Fiber optic,75.75,777.3,0,0.6320082795558312,High
9547-ITEFG,9,Month-to-month,Fiber optic,102.6,897.75,0,0.6319857267329108,High
3753-TSEMP,15,Month-to-month,Fiber optic,88.15,1390.6,1,0.6311955957553501,High
4822-NGOCH,13,Month-to-month,Fiber optic,84.45,1058.6,1,0.6311007315293798,High
3223-DWFIO,4,Month-to-month,Fiber optic,69.35,261.65,0,0.6310368562332045,High
5701-YVSVF,11,Month-to-month,Fiber optic,82.9,880.05,0,0.6309459381065343,High
8709-KRDVL,33,Month-to-month,Fiber optic,100.0,3320.6,0,0.6307089955495574,High
5219-YIPTK,33,Month-to-month,Fiber optic,104.4,3409.6,1,0.6305092980884244,High
3296-SILRA,1,Month-to-month,Fiber optic,76.4,76.4,1,0.6304607932463606,High
3001-CBHLQ,32,Month-to-month,Fiber optic,104.9,3351.55,1,0.6301608601826466,High
8443-WVPSS,10,Month-to-month,Fiber optic,99.85,990.9,1,0.6301413787382605,High
9095-HFAFX,5,Month-to-month,Fiber optic,81.0,389.6,1,0.6300826977129413,High
1766-GKNMI,29,Month-to-month,Fiber optic,84.9,2516.2,0,0.6299162958833037,High
1078-TDCRN,3,Month-to-month,DSL,30.75,82.85,0,0.629847362573821,High
9734-YWGEX,9,Month-to-month,Fiber optic,98.3,923.5,1,0.6297492219727648,High
0148-DCDOS,25,Month-to-month,Fiber optic,94.7,2362.1,1,0.6296085345855886,High
5583-SXDAG,1,Month-to-month,Fiber optic,70.0,70.0,1,0.629315121122435,High
5569-KGJHX,9,Month-to-month,Fiber optic,85.35,754.65,1,0.6291506564185028,High
0115-TFERT,21,Month-to-month,Fiber optic,111.2,2317.1,1,0.629015031887196,High
1771-OADNZ,29,Month-to-month,Fiber optic,95.9,2745.2,1,0.6284682826522958,High
0125-LZQXK,15,Month-to-month,Fiber optic,101.35,1553.95,1,0.6284451014033117,High
4815-GBTCD,4,Month-to-month,DSL,25.15,99.95,0,0.6282467575841706,High
1448-PWKYE,1,Month-to-month,Fiber optic,80.0,80.0,1,0.6282246047384433,High
1636-NTNCO,4,Month-to-month,DSL,50.95,207.35,0,0.6280879229124665,High
1907-UBQFC,10,Month-to-month,Fiber optic,72.85,688.65,1,0.627951254510413,High
7315-WYOAW,13,Month-to-month,Fiber optic,100.75,1313.25,0,0.6278381774688894,High
5931-FLJJF,7,Month-to-month,Fiber optic,70.1,467.55,1,0.6274134429409612,High
2013-SGDXK,1,Month-to-month,Fiber optic,84.3,84.3,1,0.6273938718882137,High
4585-HETAI,4,Month-to-month,Fiber optic,73.75,325.45,1,0.6273336282818704,High
9840-DVNDC,6,Month-to-month,Fiber optic,80.5,463.05,1,0.6270449587469212,High
7534-BFESC,24,Month-to-month,Fiber optic,76.1,1712.7,1,0.626948237387349,High
1104-TNLZA,28,Month-to-month,Fiber optic,105.8,2998.0,0,0.6267639647217234,High
4433-JCGCG,46,Month-to-month,Fiber optic,101.0,4680.05,1,0.6267240799324897,High
8714-CTZJW,4,Month-to-month,Fiber optic,82.85,319.6,0,0.6265277480067821,High
5380-WJKOV,34,Month-to-month,Fiber optic,106.35,3549.25,1,0.6263036926435142,High
3249-ZPQRG,4,Month-to-month,Fiber optic,78.45,330.05,1,0.6257422513384807,High
8734-DKSTZ,10,Month-to-month,Fiber optic,85.95,858.6,0,0.6255297369929006,High
8634-MPHTR,47,Month-to-month,Fiber optic,100.05,4871.05,1,0.625304965517387,High
2656-FMOKZ,15,Month-to-month,Fiber optic,74.45,1145.7,1,0.6250349817773543,High
1792-UXAFY,17,Month-to-month,Fiber optic,89.15,1496.9,1,0.6246996806003985,High
0524-IAVZO,30,Month-to-month,Fiber optic,85.0,2624.25,1,0.624589370073575,High
1465-VINDH,10,Month-to-month,Fiber optic,102.1,1068.85,1,0.6245003702023905,High
2860-RANUS,20,Month-to-month,Fiber optic,85.8,1727.5,1,0.6242842496799363,High
4759-TRPLW,1,Month-to-month,Fiber optic,70.4,70.4,1,0.6237918105227089,High
7153-OANIO,1,Month-to-month,Fiber optic,69.95,69.95,1,0.6236448874519073,High
4854-CIDCF,3,Month-to-month,Fiber optic,73.85,196.4,0,0.623453624502421,High
8224-DWCKX,12,Month-to-month,Fiber optic,73.3,828.05,0,0.6233454067634161,High
3841-CONLJ,1,Month-to-month,DSL,35.0,35.0,0,0.6233067538843434,High
4029-HPFVY,3,Month-to-month,Fiber optic,70.3,220.4,0,0.6232511009352283,High
1641-RQDAY,32,Month-to-month,Fiber optic,100.4,3217.65,0,0.6231812645076015,High
2024-BASKD,1,Month-to-month,Fiber optic,74.6,74.6,1,0.6231589210850114,High
7892-POOKP,28,Month-to-month,Fiber optic,104.8,3046.05,1,0.6231532773482166,High
7854-FOKSF,1,Month-to-month,DSL,35.9,35.9,1,0.6229957831667098,High
6030-REHUX,28,Month-to-month,Fiber optic,110.85,3204.4,0,0.622814250849275,High
9050-IKDZA,2,Month-to-month,Fiber optic,81.5,162.55,0,0.6227564523229829,High
0411-EZJZE,3,Month-to-month,DSL,60.25,170.5,0,0.6226577241879053,High
0231-LXVAP,1,Month-to-month,Fiber optic,75.9,75.9,1,0.6226196031067832,High
2504-DSHIH,23,Month-to-month,Fiber optic,86.8,1975.85,0,0.6224397181683167,High
4983-CCWMC,3,Month-to-month,Fiber optic,69.6,207.4,0,0.622308216042311,High
6432-TWQLB,5,Month-to-month,Fiber optic,85.4,401.1,1,0.6221879544010571,High
3346-BRMIS,18,Month-to-month,DSL,48.35,810.7,1,0.6221854912589241,High
9494-MRNYX,10,Month-to-month,Fiber optic,75.05,786.3,0,0.622166965542027,High
3908-BLSYF,6,Month-to-month,Fiber optic,83.9,497.55,1,0.6221257781107001,High
7326-RIGQZ,6,Month-to-month,Fiber optic,69.8,377.85,0,0.6221080743854621,High
6705-LXORM,5,Month-to-month,Fiber optic,70.05,302.6,0,0.6219862673799668,High
5261-QSHQM,4,Month-to-month,DSL,24.45,86.6,1,0.6216224439981783,High
4299-SIMNS,9,Month-to-month,Fiber optic,81.15,784.45,0,0.6215801460671208,High
2034-CGRHZ,24,Month-to-month,Fiber optic,102.95,2496.7,1,0.6215058683512054,High
8337-MSSXB,14,Month-to-month,Fiber optic,86.3,1180.95,1,0.6213192315182657,High
7802-EFKNY,5,Month-to-month,DSL,24.95,100.4,1,0.6210468411688692,High
4521-YEEHE,18,Month-to-month,Fiber optic,88.85,1594.75,0,0.6209169901225554,High
0491-KAPQG,21,Month-to-month,Fiber optic,73.7,1558.7,0,0.6209099139531787,High
9054-FOWNV,22,Month-to-month,Fiber optic,88.75,1885.15,0,0.6207724729030827,High
2154-KVJFF,15,Month-to-month,Fiber optic,79.75,1111.85,1,0.6206760167515977,High
5339-PXDVH,4,Month-to-month,Fiber optic,90.65,367.95,0,0.6206735198917457,High
1740-CSDJP,1,Month-to-month,DSL,35.25,35.25,1,0.6203179258553088,High
8035-PWSEV,6,Month-to-month,Fiber optic,89.25,487.05,0,0.6199799708691046,High
0013-EXCHZ,3,Month-to-month,Fiber optic,83.9,267.4,1,0.6199330132040323,High
5271-DBYSJ,11,Month-to-month,Fiber optic,79.15,827.7,0,0.6197626363020473,High
1751-NCDLI,46,Month-to-month,Fiber optic,98.85,4564.9,0,0.6194634308446519,High
7495-OOKFY,8,Month-to-month,Fiber optic,80.65,633.3,1,0.6192523723418569,High
5318-IXUZF,2,Month-to-month,Fiber optic,87.15,183.75,1,0.6192184039153217,High
9444-JTXHZ,1,Month-to-month,Fiber optic,76.2,76.2,1,0.6191299150086049,High
3177-LASXD,1,Month-to-month,Fiber optic,71.35,71.35,1,0.6190244504632458,High
9514-JDSKI,1,Month-to-month,DSL,40.2,40.2,1,0.6189508693656703,High
1915-IOFGU,1,Month-to-month,Fiber optic,70.5,70.5,1,0.6187455425495182,High
2262-SLNVK,1,Month-to-month,Fiber optic,70.1,70.1,0,0.6186142646506515,High
0875-CABNR,10,Month-to-month,Fiber optic,84.6,865.55,1,0.6183788280461504,High
5405-ZMYXQ,8,Month-to-month,Fiber optic,74.6,548.9,0,0.6182041849850498,High
2856-HYAPG,1,Month-to-month,Fiber optic,68.65,68.65,1,0.6181382371088966,High
1302-UHBDD,20,Month-to-month,Fiber optic,89.95,1648.45,0,0.6180150849552978,High
9874-QLCLH,17,Month-to-month,Fiber optic,104.2,1743.5,1,0.6179270472303523,High
5949-XIKAE,8,Month-to-month,Fiber optic,83.55,680.05,1,0.6178911648109678,High
7590-VHVEG,1,Month-to-month,DSL,29.85,29.85,0,0.617825021537874,High
8650-RHRKE,4,Month-to-month,DSL,29.65,118.5,1,0.6177031763539671,High
9415-DPEWS,18,Month-to-month,Fiber optic,88.35,1639.3,1,0.6176812179726063,High
9190-MFJLN,19,Month-to-month,Fiber optic,95.9,1777.9,1,0.6176656765512534,High
9399-APLBT,1,Month-to-month,Fiber optic,74.7,74.7,1,0.6176374264839822,High
2969-QWUBZ,2,Month-to-month,DSL,51.4,96.8,0,0.6174952987287509,High
5054-IEXZT,1,Month-to-month,Fiber optic,75.35,75.35,1,0.6172424856731905,High
5934-RMPOV,22,Month-to-month,Fiber optic,84.75,1816.75,0,0.6171525730878026,High
8945-GRKHX,1,Month-to-month,Fiber optic,78.65,78.65,1,0.6170348491284467,High
4277-PVRAN,8,Month-to-month,Fiber optic,80.1,679.3,1,0.6169283943818242,High
0225-ZORZP,3,Month-to-month,Fiber optic,84.3,235.05,0,0.6166542661727136,High
9524-EGPJC,18,Month-to-month,Fiber optic,90.1,1612.75,1,0.6165641372818442,High
9506-UXUSK,13,Month-to-month,Fiber optic,70.15,931.75,0,0.6157135922338217,High
6137-NICCO,6,Month-to-month,Fiber optic,94.05,518.75,0,0.6156981677451961,High
6032-KRXXO,30,Month-to-month,Fiber optic,90.25,2755.35,1,0.6156338682248151,High
0611-DFXKO,20,Month-to-month,Fiber optic,89.0,1820.45,1,0.615466003852771,High
7714-YXSMB,26,Month-to-month,Fiber optic,100.5,2599.95,0,0.6154174830178525,High
0529-ONKER,15,Month-to-month,Fiber optic,75.65,1146.65,1,0.6151643579452629,High
9961-JBNMK,21,Month-to-month,Fiber optic,96.8,2030.3,1,0.6150593779026422,High
6267-DCFFZ,30,Month-to-month,Fiber optic,90.05,2627.2,0,0.614969542798706,High
5692-ICXLW,31,Month-to-month,Fiber optic,90.7,2845.15,0,0.6149347250194407,High
3797-FKOGQ,11,Month-to-month,Fiber optic,86.2,893.2,0,0.6147136741568696,High
0661-XEYAN,1,Month-to-month,DSL,25.8,25.8,1,0.6146223912114936,High
1496-GGSUK,1,Month-to-month,DSL,25.7,25.7,1,0.6145894395205382,High
8374-XGEJJ,43,Month-to-month,Fiber optic,101.0,4388.4,1,0.6143729088948687,High
3855-ONCAR,4,Month-to-month,Fiber optic,78.9,299.75,0,0.614152993761456,High
3597-MVHJT,27,Month-to-month,Fiber optic,95.6,2595.25,0,0.6137839826357294,High
6496-JDSSB,8,Month-to-month,Fiber optic,80.0,624.6,0,0.6137015330353973,High
0135-NMXAP,12,Month-to-month,Fiber optic,89.75,1052.4,1,0.6136168949680254,High
1754-GKYPY,22,Month-to-month,Fiber optic,89.75,1938.9,0,0.6134907869914061,High
2135-DQWAQ,5,Month-to-month,Fiber optic,85.3,420.45,0,0.6134072235700189,High
9741-YLNTD,6,Month-to-month,Fiber optic,87.95,522.35,0,0.6132569020577706,High
3669-LVWZB,5,Month-to-month,DSL,51.0,305.95,1,0.6130878669265821,High
0027-KWYKW,23,Month-to-month,Fiber optic,83.75,1849.95,0,0.6122296018386026,High
0923-PNFUB,3,Month-to-month,Fiber optic,83.75,247.25,1,0.6121454263845867,High
3672-YITQD,36,Month-to-month,Fiber optic,84.1,3021.6,1,0.6121189094089753,High
6833-JMZYP,15,Month-to-month,Fiber optic,94.0,1505.45,0,0.6120191214644568,High
2575-GFSOE,7,Month-to-month,Fiber optic,69.0,506.9,1,0.6119982924787651,High
7928-VJYAB,11,Month-to-month,Fiber optic,90.6,1020.2,0,0.6115674121271255,High
7598-UAASY,2,Month-to-month,Fiber optic,76.4,151.8,1,0.6112552555118246,High
0196-JTUQI,9,Month-to-month,Fiber optic,75.2,633.85,0,0.6109806151720653,High
8063-RJYNF,16,Month-to-month,Fiber optic,94.25,1483.25,1,0.6109428690085453,High
6907-NZZIJ,36,Month-to-month,Fiber optic,99.15,3615.6,1,0.6107961441330831,High
5879-SESNB,11,Month-to-month,Fiber optic,75.25,888.65,0,0.6107618660918024,High
7538-GWHML,2,Month-to-month,Fiber optic,69.65,145.15,1,0.610526527240997,High
5442-BHQNG,2,Month-to-month,Fiber optic,70.35,139.25,0,0.6103702266950541,High
0616-ATFGB,1,Month-to-month,DSL,25.05,25.05,1,0.6097815305468094,High
2774-LVQUS,15,Month-to-month,Fiber optic,83.05,1258.3,1,0.6089774940524074,High
7137-RYLPP,37,Month-to-month,Fiber optic,85.7,3171.15,1,0.6089755880734945,High
8854-CCVSQ,18,Month-to-month,Fiber optic,80.65,1451.9,1,0.6088641861707599,High
6993-OHLXR,2,Month-to-month,Fiber optic,68.95,119.75,1,0.6088421784435921,High
5959-BELXA,32,Month-to-month,Fiber optic,96.15,3019.25,1,0.6084725282955264,High
6910-HADCM,1,Month-to-month,Fiber optic,76.35,76.35,1,0.6083346063554926,High
8263-JQAIK,2,Month-to-month,DSL,24.45,47.5,1,0.6082617919673342,High
6338-AVWCY,3,Month-to-month,DSL,40.15,130.75,1,0.608127308553252,High
6242-MBHPK,23,Month-to-month,Fiber optic,95.1,2326.05,0,0.6080998091494046,High
5043-TRZWM,1,Month-to-month,Fiber optic,75.55,75.55,0,0.6080694048675475,High
2800-VEQXM,3,Month-to-month,Fiber optic,74.75,238.1,0,0.6080687608640443,High
9940-RHLFB,1,Month-to-month,Fiber optic,75.3,75.3,1,0.6079865163117568,High
0258-NOKBL,3,Month-to-month,Fiber optic,90.4,268.45,0,0.6079148708477949,High
5899-MQZZL,13,Month-to-month,Fiber optic,75.0,999.45,1,0.6078665483474229,High
0023-XUOPT,13,Month-to-month,Fiber optic,94.1,1215.6,1,0.6078463181766062,High
5233-GEEAX,8,Month-to-month,DSL,29.4,221.9,1,0.6077422030842615,High
3992-YWPKO,6,Month-to-month,Fiber optic,109.9,669.45,1,0.6074379269402219,High
2905-KFQUV,2,Month-to-month,Fiber optic,70.4,154.8,0,0.6074304153672136,High
5091-HFAZW,2,Month-to-month,Fiber optic,91.15,168.5,0,0.6073833642136416,High
4450-DLLMH,2,Month-to-month,Fiber optic,71.3,157.75,0,0.6072354363213176,High
5923-GXUOC,10,Month-to-month,Fiber optic,104.4,1081.45,1,0.6072209265141161,High
7242-QZLXF,1,Month-to-month,DSL,25.3,25.3,1,0.6071571498313622,High
2862-PFNIK,1,Month-to-month,DSL,24.7,24.7,0,0.6069580430901496,High
2685-SREOM,25,Month-to-month,Fiber optic,89.1,2368.4,1,0.6069167101013694,High
7703-ZEKEF,23,Month-to-month,Fiber optic,81.0,1917.1,1,0.6068125953693363,High
3703-KBKZP,16,Month-to-month,Fiber optic,74.45,1261.35,0,0.6066824222886406,High
8132-YPVBX,6,Month-to-month,Fiber optic,85.95,514.6,0,0.6066668453720697,High
3640-PHQXK,31,Month-to-month,Fiber optic,89.9,2806.9,1,0.6062153320848727,High
1989-PRJHP,27,Month-to-month,Fiber optic,75.5,1893.95,1,0.6060847367997992,High
1583-IHQZE,12,Month-to-month,Fiber optic,112.95,1384.75,1,0.6060753699992929,High
2754-XBHTB,9,Month-to-month,Fiber optic,77.65,714.15,1,0.6059127253420773,High
5989-PGKJB,16,Month-to-month,Fiber optic,86.25,1340.1,0,0.6058906603766493,High
3801-HMYNL,1,Month-to-month,Fiber optic,89.15,89.15,1,0.6058155454758648,High
3496-LFSZU,4,Month-to-month,Fiber optic,70.5,294.2,0,0.6055697764002532,High
5832-XKAES,2,Month-to-month,Fiber optic,69.8,134.7,1,0.6054661599675839,High
7278-CKDNC,24,Month-to-month,Fiber optic,80.5,2088.45,0,0.6054152294160606,High
3858-VOBET,23,Month-to-month,Fiber optic,74.95,1710.45,1,0.6053936620037207,High
5980-NOPLP,44,Month-to-month,Fiber optic,96.1,4364.1,1,0.6053614373217331,High
8433-WXGNA,2,Month-to-month,Fiber optic,75.7,189.2,1,0.6053304018754593,High
0727-IWKVK,9,Month-to-month,Fiber optic,79.9,741.7,1,0.6052628492533463,High
1077-HUUJM,7,Month-to-month,Fiber optic,71.05,472.65,0,0.6047838737619103,High
5908-QMGOE,15,Month-to-month,Fiber optic,74.2,1133.9,1,0.6044056001866663,High
7142-HVGBG,43,Month-to-month,Fiber optic,103.0,4414.3,1,0.6040506874761489,High
0674-DGMAQ,32,Month-to-month,Fiber optic,93.5,2970.8,0,0.6039922031954768,High
9866-QEVEE,19,Month-to-month,Fiber optic,86.0,1532.45,1,0.6039678270603365,High
3070-DVEYC,7,Month-to-month,Fiber optic,73.75,545.15,1,0.6038416261525866,High
5599-HVLTW,14,Month-to-month,Fiber optic,80.35,1058.1,0,0.6036335463617745,High
5712-PTIWW,2,Month-to-month,Fiber optic,79.85,152.45,1,0.6034577987531838,High
4583-PARNH,16,Month-to-month,Fiber optic,91.55,1540.05,0,0.6029481950027167,High
0388-EOPEX,2,Month-to-month,Fiber optic,74.4,139.4,1,0.602647160433413,High
6821-BUXUX,13,Month-to-month,Fiber optic,96.65,1244.5,1,0.60229084533225,High
9050-QLROH,18,Month-to-month,Fiber optic,90.7,1597.25,1,0.6019554880457705,High
4572-DVCGN,10,Month-to-month,Fiber optic,80.25,846.0,1,0.6018973477947058,High
4686-UXDML,21,Month-to-month,Fiber optic,99.85,1992.55,0,0.6018878873383051,High
2080-CAZNM,41,Month-to-month,Fiber optic,104.4,4133.95,0,0.6018778686747603,High
4289-DTDKW,40,Month-to-month,Fiber optic,101.3,4113.1,1,0.6018329152357706,High
0447-RXSGD,24,Month-to-month,Fiber optic,99.65,2404.85,0,0.6010836609732045,High
3440-JPSCL,6,Month-to-month,Fiber optic,99.95,547.65,1,0.600872110907198,High
4636-QRJKY,6,Month-to-month,Fiber optic,80.5,502.85,1,0.6007472444620482,High
6692-UDPJC,14,Month-to-month,Fiber optic,91.65,1301.0,1,0.6005495910543329,High
8676-TRMJS,3,Month-to-month,Fiber optic,75.0,209.1,1,0.6003984075042831,High
4505-EXZHB,6,Month-to-month,Fiber optic,74.4,434.1,1,0.6003861723114704,High
8182-BJDSI,28,Month-to-month,Fiber optic,89.95,2625.55,1,0.6001979240985531,High
9576-ANLXO,3,Month-to-month,Fiber optic,69.55,222.3,1,0.6000850472440152,High
8844-TONUD,13,Month-to-month,Fiber optic,96.65,1162.85,1,0.5998339471122716,Medium
5947-SGKCL,15,Month-to-month,Fiber optic,105.35,1559.25,0,0.599323432674078,Medium
5729-KLZAR,4,Month-to-month,Fiber optic,80.85,302.75,1,0.5992909607299627,Medium
1010-DIAUQ,5,Month-to-month,Fiber optic,96.5,492.55,1,0.5992560325262412,Medium
1658-TJVOA,6,Month-to-month,Fiber optic,74.1,450.9,0,0.5991049505727493,Medium
0612-RTZZA,1,Month-to-month,DSL,25.25,25.25,1,0.5989096238149714,Medium
9367-WXLCH,8,Month-to-month,Fiber optic,84.5,662.65,1,0.5986968236065132,Medium
0506-LVNGN,5,Month-to-month,Fiber optic,75.55,349.65,1,0.5985169470343132,Medium
8481-YYXWG,5,Month-to-month,Fiber optic,89.35,461.7,1,0.5983458840283697,Medium
3211-AAPKX,20,Month-to-month,Fiber optic,98.55,2031.95,0,0.5981846228506774,Medium
4412-YLTKF,27,Month-to-month,Fiber optic,78.05,2135.5,1,0.5976540948925066,Medium
9355-NPPFS,26,Month-to-month,Fiber optic,78.8,2006.1,0,0.5974351746865681,Medium
4998-IKFSE,30,Month-to-month,Fiber optic,100.45,3096.9,0,0.597406595128113,Medium
5655-JSMZM,49,Month-to-month,Fiber optic,96.2,4718.25,1,0.5971230258163983,Medium
3411-WLRSQ,3,Month-to-month,Fiber optic,74.6,239.05,0,0.5968603514666473,Medium
9692-TUSXH,18,Month-to-month,Fiber optic,96.05,1740.7,1,0.5965283725209025,Medium
8999-BOHSE,11,Month-to-month,Fiber optic,89.7,1047.7,1,0.5964377399283356,Medium
3315-TOTBP,15,Month-to-month,Fiber optic,76.0,1130.85,1,0.5960906108376935,Medium
9600-UDOPK,30,Month-to-month,Fiber optic,94.05,2866.45,1,0.5957496660413935,Medium
3744-ZRRDZ,21,Month-to-month,Fiber optic,82.35,1852.85,1,0.595570385561416,Medium
2397-BRLOM,8,Month-to-month,Fiber optic,80.45,583.45,1,0.5952049170554862,Medium
3538-WZPHD,3,Month-to-month,DSL,29.6,79.45,1,0.5951671056238241,Medium
4439-JMPMT,5,Month-to-month,Fiber optic,85.75,470.95,1,0.5950864562441598,Medium
4647-MUZON,18,Month-to-month,Fiber optic,95.95,1745.5,0,0.5950768808914891,Medium
4009-ALQFH,25,Month-to-month,Fiber optic,99.5,2369.05,1,0.5949489995271711,Medium
3644-QXEHN,13,Month-to-month,Fiber optic,97.0,1334.45,0,0.5944726734647038,Medium
9560-ARGQJ,16,Month-to-month,Fiber optic,81.0,1312.15,1,0.5941825865439275,Medium
0620-DLSLK,13,Month-to-month,Fiber optic,81.9,1028.9,0,0.5937956181008629,Medium
4763-PGDPO,4,Month-to-month,Fiber optic,70.4,281.0,1,0.5937772718510395,Medium
7767-UXAGJ,1,Month-to-month,DSL,50.45,50.45,1,0.5937083271943847,Medium
2187-PKZAY,12,Month-to-month,Fiber optic,79.95,1043.4,0,0.593643857454151,Medium
2868-SNELZ,2,Month-to-month,Fiber optic,80.6,155.8,1,0.5936084312460191,Medium
2740-TVLFN,1,Month-to-month,DSL,50.15,50.15,0,0.5936076513639055,Medium
3588-WSTTJ,35,Month-to-month,Fiber optic,99.05,3554.6,0,0.593297102709977,Medium
8436-BJUMM,26,Month-to-month,Fiber optic,83.75,2070.6,1,0.5929751838238365,Medium
3143-JQEGI,13,Month-to-month,Fiber optic,88.35,1222.8,1,0.592777730837031,Medium
4919-IKATY,5,Month-to-month,Fiber optic,84.5,453.75,1,0.5924699953081467,Medium
2959-FENLU,9,Month-to-month,Fiber optic,85.3,781.4,0,0.5922784691075884,Medium
4059-IIEBK,7,Month-to-month,Fiber optic,78.55,522.95,0,0.5922274916445166,Medium
2079-FBMZK,6,Month-to-month,Fiber optic,69.25,418.4,1,0.5921798589882739,Medium
3365-SAIGS,17,Month-to-month,Fiber optic,83.55,1329.15,0,0.5920067315876716,Medium
9133-AYJZG,23,Month-to-month,Fiber optic,98.7,2249.1,0,0.5917174187500787,Medium
1122-JWTJW,1,Month-to-month,Fiber optic,70.65,70.65,1,0.5915257194160545,Medium
8104-OSKWT,12,Month-to-month,Fiber optic,79.8,1001.2,0,0.591498773375014,Medium
1062-LHZOD,1,Month-to-month,Fiber optic,69.9,69.9,1,0.5912735937993061,Medium
3748-FVMZZ,4,Month-to-month,DSL,40.05,162.45,0,0.5912489526587187,Medium
3376-BMGFE,4,Month-to-month,Fiber optic,70.9,273.0,1,0.5909070588854765,Medium
1428-GTBJJ,11,Month-to-month,Fiber optic,74.55,824.75,1,0.5903416979534236,Medium
7480-QNVZJ,50,Month-to-month,Fiber optic,95.7,4816.7,1,0.5902679110711668,Medium
8949-JTMAY,29,Month-to-month,Fiber optic,98.6,2933.2,1,0.5899765617784304,Medium
2325-NBPZG,3,Month-to-month,Fiber optic,74.55,233.65,0,0.5899192823078697,Medium
0330-IVZHA,5,Month-to-month,Fiber optic,69.95,330.15,1,0.5898195722382455,Medium
9796-BPKIW,8,Month-to-month,Fiber optic,69.95,562.7,0,0.589678716173559,Medium
9172-JITSM,26,Month-to-month,Fiber optic,90.8,2361.8,1,0.5892119301961531,Medium
7270-BDIOA,22,Month-to-month,Fiber optic,90.0,1993.8,1,0.5891627743090919,Medium
9947-OTFQU,15,Month-to-month,Fiber optic,74.4,1074.3,1,0.5889513330573946,Medium
3550-SAHFP,33,Month-to-month,Fiber optic,83.35,2757.85,1,0.5889216875477412,Medium
0749-IRGQE,13,Month-to-month,DSL,45.3,528.45,0,0.5888619303023604,Medium
4290-BSXUX,3,Month-to-month,Fiber optic,79.65,251.75,1,0.5887808465411739,Medium
8621-MNIHH,34,Month-to-month,Fiber optic,94.25,3217.55,1,0.588562311093916,Medium
0812-WUPTB,1,Month-to-month,Fiber optic,70.85,70.85,1,0.5884971050723935,Medium
0248-IPDFW,1,Month-to-month,DSL,50.1,50.1,0,0.5883731061662076,Medium
0315-LVCRK,11,Month-to-month,Fiber optic,84.8,888.75,0,0.5883114001384143,Medium
8937-RDTHP,1,Month-to-month,Fiber optic,84.6,84.6,1,0.5881894279450974,Medium
3771-PZOBW,20,Month-to-month,Fiber optic,90.7,1781.35,0,0.5878128037411255,Medium
3050-GBUSH,3,Month-to-month,DSL,34.8,113.95,0,0.5876197894097234,Medium
4716-HHKQH,20,Month-to-month,Fiber optic,107.05,2172.05,0,0.5875443040649994,Medium
2984-MIIZL,4,Month-to-month,Fiber optic,74.8,321.9,1,0.5875389466670835,Medium
5520-FVEWJ,12,Month-to-month,Fiber optic,84.5,916.9,1,0.5874215894624268,Medium
3398-ZOUAA,21,Month-to-month,Fiber optic,69.1,1474.75,1,0.5872461786922869,Medium
8617-ENBDS,3,Month-to-month,Fiber optic,73.6,232.5,0,0.5872443752862397,Medium
6502-HCJTI,7,Month-to-month,Fiber optic,94.7,673.1,1,0.5871050687766399,Medium
5482-PLVPE,2,Month-to-month,DSL,24.35,41.85,1,0.5870587342324031,Medium
8637-XJIVR,12,Month-to-month,Fiber optic,78.95,927.35,1,0.5868458563830258,Medium
0337-CNPZE,41,Month-to-month,Fiber optic,106.3,4443.45,1,0.5867376650804643,Medium
6715-OFDBP,5,Month-to-month,DSL,70.05,346.4,1,0.5858159771023741,Medium
6923-JHPMP,2,Month-to-month,Fiber optic,80.45,137.1,0,0.5858049090748156,Medium
1086-LXKFY,1,Month-to-month,Fiber optic,69.1,69.1,1,0.5857768082831547,Medium
9851-QXEEQ,41,Month-to-month,Fiber optic,104.7,4346.4,1,0.5857119145188584,Medium
6956-SMUCM,3,Month-to-month,Fiber optic,99.0,287.4,1,0.585689725946152,Medium
0515-YPMCW,1,Month-to-month,Fiber optic,70.45,70.45,1,0.5856073862083582,Medium
8565-CLBZW,24,Month-to-month,Fiber optic,89.85,2165.05,1,0.5855447313972139,Medium
9136-ALYBR,1,Month-to-month,DSL,24.45,24.45,1,0.5854119241137027,Medium
2460-NGXBJ,11,Month-to-month,Fiber optic,75.2,775.3,0,0.5852215211770413,Medium
0581-BXBUB,4,Month-to-month,Fiber optic,72.75,317.75,0,0.5851314718634635,Medium
8784-CGILN,18,Month-to-month,Fiber optic,99.85,1776.95,1,0.5850566410683373,Medium
0147-ESWWR,39,Month-to-month,Fiber optic,101.25,3949.15,0,0.5845888554806563,Medium
8118-TJAFG,9,Month-to-month,Fiber optic,101.5,906.85,0,0.5844609655163338,Medium
0958-YHXGP,7,Month-to-month,Fiber optic,69.9,497.3,0,0.5844454140497803,Medium
9801-GDWGV,39,Month-to-month,Fiber optic,103.45,3994.45,1,0.5843426047746668,Medium
2739-CACDQ,17,Month-to-month,Fiber optic,82.65,1470.05,0,0.5838524591279154,Medium
0921-OHLVP,22,Month-to-month,Fiber optic,83.05,1799.3,0,0.5838377359877837,Medium
0899-LIIBW,34,Month-to-month,Fiber optic,100.85,3527.3,0,0.5838344230697977,Medium
2608-BHKFN,4,Month-to-month,Fiber optic,70.05,266.9,1,0.5830509128126373,Medium
9600-NAXZN,43,Month-to-month,Fiber optic,101.4,4528.0,1,0.582991115297102,Medium
8066-POXGX,13,Month-to-month,DSL,35.1,446.1,1,0.5828036819394531,Medium
6877-LGWXO,18,Month-to-month,Fiber optic,78.55,1422.65,1,0.5827847721583859,Medium
4480-QQRHC,8,Month-to-month,Fiber optic,74.05,600.15,0,0.5824587154486498,Medium
8818-DOPVL,46,Month-to-month,Fiber optic,104.45,4863.85,0,0.5824526157538362,Medium
9432-VOFYX,17,Month-to-month,Fiber optic,70.8,1207.0,0,0.5821126486989684,Medium
2082-OJVTK,29,Month-to-month,Fiber optic,89.2,2698.35,1,0.5814925261793269,Medium
6088-BXMRG,32,Month-to-month,Fiber optic,98.85,3089.6,0,0.5813194863010499,Medium
3336-JORSO,33,Month-to-month,Fiber optic,110.45,3655.45,1,0.5811447000006941,Medium
1513-XNPPH,12,Month-to-month,Fiber optic,89.4,1095.65,1,0.5810236833169697,Medium
7318-EIVKO,8,Month-to-month,DSL,59.25,436.6,0,0.5808253566335612,Medium
6352-TWCAU,35,Month-to-month,Fiber optic,86.45,3029.1,1,0.5807626511482914,Medium
1723-HKXJQ,42,Month-to-month,Fiber optic,101.75,4273.45,1,0.5804775600998818,Medium
7537-RBWEA,1,Month-to-month,DSL,25.15,25.15,0,0.5804005975584212,Medium
6032-IGALN,1,Month-to-month,DSL,25.1,25.1,1,0.5803836576495139,Medium
4367-NHWMM,1,Month-to-month,DSL,24.9,24.9,0,0.5803158961199261,Medium
9540-JYROE,8,Month-to-month,Fiber optic,70.1,551.35,1,0.580309631181424,Medium
6103-BOCOU,26,Month-to-month,Fiber optic,80.7,2193.0,0,0.5802152266114539,Medium
5144-TVGLP,38,Month-to-month,Fiber optic,94.75,3653.0,0,0.5801184049601602,Medium
7748-UMTRK,30,Month-to-month,Fiber optic,101.3,2974.5,0,0.5796307571265314,Medium
2528-HFYZX,17,Month-to-month,Fiber optic,76.45,1233.4,1,0.5795932811918807,Medium
5666-CYCYZ,24,Month-to-month,Fiber optic,89.55,2259.35,0,0.5795908864487603,Medium
4652-NNHNY,16,Month-to-month,Fiber optic,73.85,1284.2,1,0.5795798516160672,Medium
1932-UEDCX,33,Month-to-month,Fiber optic,100.6,3270.25,0,0.5795601874218002,Medium
9734-UYXQI,2,Month-to-month,DSL,49.4,106.55,1,0.5788895632899588,Medium
0376-YMCJC,23,Month-to-month,Fiber optic,90.6,1943.2,1,0.5788600747133392,Medium
9773-PEQBZ,10,Month-to-month,Fiber optic,79.85,797.25,0,0.578835060426596,Medium
7571-YXDAD,2,Month-to-month,Fiber optic,74.9,147.15,1,0.5785416598848906,Medium
7426-RHZGU,9,Month-to-month,Fiber optic,95.9,827.45,0,0.5781395950502334,Medium
4803-AXVYP,38,Month-to-month,Fiber optic,99.55,3734.25,1,0.5780079378003439,Medium
7284-BUYEC,5,Month-to-month,DSL,50.95,229.4,0,0.57792148522702,Medium
9167-APMXZ,22,Month-to-month,Fiber optic,84.15,1821.95,0,0.5777405528541388,Medium
5022-KVDQT,27,Month-to-month,Fiber optic,81.3,2272.8,0,0.577732866981387,Medium
1092-GANHU,17,Month-to-month,Fiber optic,76.65,1313.55,1,0.5774779327469814,Medium
5501-TVMGM,1,Month-to-month,DSL,55.25,55.25,0,0.5773684312191154,Medium
3583-EKAPL,1,Month-to-month,DSL,55.0,55.0,1,0.5772835634894584,Medium
6680-WKXRZ,3,Month-to-month,Fiber optic,74.4,215.8,1,0.5771127774116176,Medium
0848-ZGQIJ,16,Month-to-month,Fiber optic,94.65,1461.15,0,0.5770321532925173,Medium
2249-YPRNG,20,Month-to-month,Fiber optic,105.85,2239.65,1,0.577003060915869,Medium
5480-HPRRX,3,Month-to-month,DSL,25.3,77.75,1,0.5767879164867361,Medium
0434-CSFON,47,Month-to-month,Fiber optic,100.5,4707.1,0,0.5766597420914781,Medium
0112-QAWRZ,16,Month-to-month,Fiber optic,90.8,1442.2,0,0.5766469912349053,Medium
2824-MYYBN,37,Month-to-month,Fiber optic,95.25,3314.15,0,0.5763096325666559,Medium
7321-PKUYW,11,Month-to-month,Fiber optic,90.15,987.95,1,0.5760998704209859,Medium
0940-OUQEC,10,Month-to-month,Fiber optic,80.7,788.8,1,0.576005302336195,Medium
6330-JKLPC,11,Month-to-month,Fiber optic,80.5,896.9,1,0.5756319423373325,Medium
4391-RESHN,23,Month-to-month,Fiber optic,104.05,2470.1,1,0.5753957951726465,Medium
7379-FNIUJ,2,Month-to-month,Fiber optic,100.2,198.5,0,0.5751356223246066,Medium
0362-ZBZWJ,36,Month-to-month,Fiber optic,84.9,3067.2,1,0.5751239024943762,Medium
0637-YLETY,16,Month-to-month,Fiber optic,95.6,1555.65,1,0.5751152625899456,Medium
7595-EUIVN,1,Month-to-month,Fiber optic,75.8,75.8,1,0.5750876924348695,Medium
6298-QDFNH,22,Month-to-month,Fiber optic,79.35,1730.35,1,0.5747257385711568,Medium
9840-EFJQB,1,Month-to-month,Fiber optic,74.35,74.35,0,0.574594696940663,Medium
3196-NVXLZ,25,Month-to-month,Fiber optic,84.6,2088.05,0,0.5741557496201,Medium
2362-IBOOY,36,Month-to-month,Fiber optic,84.75,3050.15,1,0.5740519906479158,Medium
0093-EXYQL,40,Month-to-month,Fiber optic,91.55,3673.6,0,0.5738504645172492,Medium
0772-GYEQQ,3,Month-to-month,Fiber optic,88.35,262.05,1,0.5736958059627033,Medium
8160-HOWOX,7,Month-to-month,DSL,66.85,458.1,0,0.5736471060686984,Medium
7072-MBHEV,11,Month-to-month,Fiber optic,78.1,864.85,0,0.5734791107582184,Medium
9658-WYUFB,17,Month-to-month,Fiber optic,94.4,1617.5,1,0.5734442045130799,Medium
4547-KQRTM,10,Month-to-month,Fiber optic,80.05,830.7,1,0.5730781686285932,Medium
7952-OBOYL,3,Month-to-month,Fiber optic,89.85,244.45,0,0.5730516035444129,Medium
3884-HCSWG,17,Month-to-month,Fiber optic,70.0,1144.5,1,0.5728539931029506,Medium
1212-GLHMD,3,Month-to-month,Fiber optic,86.05,244.85,0,0.5728266323249127,Medium
5909-ECHUI,1,Month-to-month,DSL,56.25,56.25,1,0.5724330568115835,Medium
0886-QGENL,27,Month-to-month,Fiber optic,101.25,2754.45,1,0.572359069257886,Medium
9822-OAOVB,1,Month-to-month,DSL,55.45,55.45,0,0.5721606426347197,Medium
3063-QFSZL,1,Month-to-month,DSL,55.4,55.4,1,0.5721436152941108,Medium
5899-OUVKV,31,Month-to-month,Fiber optic,94.5,2979.2,0,0.572021138684032,Medium
2080-GKCWQ,2,Month-to-month,Fiber optic,74.95,151.75,0,0.5719584090923909,Medium
0674-EYYZV,1,Month-to-month,DSL,54.65,54.65,0,0.5719294079312841,Medium
3269-ATYWD,39,Month-to-month,Fiber optic,95.65,3759.05,1,0.5714670420284342,Medium
2373-NTKOD,8,Month-to-month,DSL,66.25,546.45,0,0.5713358985487864,Medium
6900-PXRMS,26,Month-to-month,Fiber optic,105.75,2710.25,1,0.5712946879016275,Medium
8276-MQBYC,51,Month-to-month,Fiber optic,97.8,4913.3,1,0.5712916980070452,Medium
6175-IRFIT,5,Month-to-month,Fiber optic,78.75,426.35,0,0.5711969272401929,Medium
2603-HVKCG,31,Month-to-month,Fiber optic,101.4,3143.65,0,0.57116083207646,Medium
6086-ESGRL,1,Month-to-month,Fiber optic,80.15,80.15,1,0.5706247030939344,Medium
5044-LRQAQ,7,Month-to-month,Fiber optic,69.2,477.55,0,0.5705151749095078,Medium
6645-MXQJT,2,Month-to-month,Fiber optic,97.1,184.15,0,0.5704929356177004,Medium
1335-NTIUC,9,Month-to-month,DSL,24.95,190.25,0,0.5703618637949317,Medium
0818-OCPZO,27,Month-to-month,Fiber optic,81.45,2122.05,1,0.5697765130574841,Medium
1236-WFCDV,14,Month-to-month,Fiber optic,90.45,1266.1,1,0.5696944001031781,Medium
9129-UXERG,18,Month-to-month,Fiber optic,103.6,1806.35,0,0.5689817659912598,Medium
1894-IGFSG,22,Month-to-month,Fiber optic,89.25,1907.85,1,0.5688191436824106,Medium
5167-GBFRE,4,Month-to-month,DSL,25.2,102.5,1,0.568204894704025,Medium
0265-EDXBD,32,Month-to-month,Fiber optic,74.9,2303.35,1,0.5672127148931699,Medium
5605-IYGFG,7,Month-to-month,Fiber optic,69.85,515.45,0,0.5670686187989155,Medium
0654-HMSHN,21,Month-to-month,Fiber optic,104.4,2157.95,1,0.5667302672890577,Medium
0219-YTZUE,4,Month-to-month,Fiber optic,84.8,371.9,1,0.5666584595199629,Medium
1769-GRUIK,18,Month-to-month,Fiber optic,71.1,1247.75,0,0.5666270738906062,Medium
5669-SRAIP,5,Month-to-month,DSL,39.5,210.75,1,0.5664226004759225,Medium
4369-HTUIF,6,Month-to-month,Fiber optic,85.15,503.6,1,0.5660692819063131,Medium
8120-JDCAM,4,Month-to-month,Fiber optic,69.55,284.9,0,0.5659717489390754,Medium
2920-RNCEZ,1,Month-to-month,Fiber optic,69.95,69.95,0,0.565570122413858,Medium
1918-ZBFQJ,13,Month-to-month,Fiber optic,79.25,1111.65,1,0.5655380194269566,Medium
4817-QRJSX,10,Month-to-month,Fiber optic,81.0,818.05,1,0.5652398673527105,Medium
4547-LYTDD,16,Month-to-month,Fiber optic,72.65,1194.3,1,0.5651749798303991,Medium
0378-TOVMS,3,Month-to-month,Fiber optic,85.8,272.2,1,0.5650629202677511,Medium
4910-AQFFX,9,Month-to-month,Fiber optic,79.35,661.25,1,0.5650242044439258,Medium
2424-WVHPL,1,Month-to-month,Fiber optic,74.7,74.7,0,0.564933953177775,Medium
8708-XPXHZ,42,Month-to-month,Fiber optic,94.2,4186.3,1,0.564904856330741,Medium
2041-JIJCI,5,Month-to-month,DSL,64.0,370.25,0,0.5648860429682825,Medium
8630-FJLIB,18,Month-to-month,Fiber optic,69.8,1221.65,0,0.5646769325643808,Medium
9894-EZEWG,1,Month-to-month,Fiber optic,74.3,74.3,1,0.5646721056247958,Medium
1580-BMCMR,19,Month-to-month,Fiber optic,87.3,1637.3,0,0.564572276690093,Medium
4195-NZGTA,1,Month-to-month,DSL,25.25,25.25,0,0.5645039988947118,Medium
3003-CMDUU,25,Month-to-month,Fiber optic,95.15,2395.7,0,0.5644731072924286,Medium
9227-LUNBG,1,Month-to-month,DSL,24.6,24.6,1,0.5642816854237878,Medium
7422-WNBTY,33,Month-to-month,Fiber optic,93.35,3092.0,0,0.564210752607305,Medium
2091-RFFBA,31,Month-to-month,Fiber optic,73.9,2217.15,1,0.5632764177888433,Medium
8981-FJGLA,11,Month-to-month,Fiber optic,78.0,851.8,0,0.5632063014034584,Medium
5364-EVNIB,13,Month-to-month,Fiber optic,79.8,973.45,1,0.562602368461293,Medium
3384-CTMSF,47,Month-to-month,Fiber optic,104.1,5135.15,0,0.5625717030142371,Medium
0650-BWOZN,18,Month-to-month,Fiber optic,73.55,1359.45,0,0.5624255830228957,Medium
4183-MYFRB,21,Month-to-month,Fiber optic,90.05,1862.9,0,0.56234527301733,Medium
4629-NRXKX,2,Month-to-month,Fiber optic,70.4,147.15,1,0.5621856926813278,Medium
8393-DLHGA,25,Month-to-month,Fiber optic,95.9,2448.75,1,0.5618495530901508,Medium
5119-KEPFY,36,Month-to-month,Fiber optic,95.0,3440.25,0,0.5615712017623328,Medium
0378-NHQXU,17,Month-to-month,Fiber optic,88.25,1460.65,1,0.5615325794172105,Medium
1730-ZMAME,32,Month-to-month,Fiber optic,79.5,2665.0,0,0.5610349978774424,Medium
5857-TYBCJ,44,Month-to-month,Fiber optic,89.2,4040.2,0,0.5608211194781363,Medium
7410-YTJIK,7,Month-to-month,Fiber optic,75.45,480.75,1,0.5608171845584536,Medium
9191-MYQKX,7,Month-to-month,Fiber optic,75.15,496.9,1,0.5605745496899687,Medium
8429-XIBUM,22,Month-to-month,Fiber optic,101.35,2317.1,1,0.5604770398295296,Medium
6365-MTGZX,24,Month-to-month,Fiber optic,96.0,2122.45,1,0.5603001424435672,Medium
5183-SNMJQ,10,Month-to-month,Fiber optic,95.1,865.1,0,0.5600652771758244,Medium
3235-ETOOB,8,Month-to-month,Fiber optic,74.5,609.9,1,0.5600637466321841,Medium
5482-VXSXJ,22,Month-to-month,Fiber optic,93.2,2157.3,0,0.5599409048945078,Medium
3647-GMGDH,22,Month-to-month,Fiber optic,94.7,1914.9,1,0.5592958871666456,Medium
9492-TOKRI,18,Month-to-month,Fiber optic,90.0,1527.35,1,0.5590270263134433,Medium
0439-IFYUN,18,Month-to-month,Fiber optic,74.7,1294.6,0,0.5588018972861805,Medium
4137-BTIKL,2,Month-to-month,Fiber optic,90.75,174.75,0,0.5584302579728662,Medium
4659-NZRUF,19,Month-to-month,Fiber optic,95.15,1789.25,1,0.5584066170056181,Medium
7176-WIONM,12,Month-to-month,DSL,49.85,617.15,0,0.5583761783793706,Medium
7056-IMHCC,53,Month-to-month,Fiber optic,101.9,5549.4,1,0.5577192991640424,Medium
6719-OXYBR,15,Month-to-month,Fiber optic,85.3,1219.85,0,0.5574567353536825,Medium
2359-KMGLI,24,Month-to-month,Fiber optic,80.25,1861.5,1,0.5573084096037729,Medium
9490-DFPMD,42,Month-to-month,Fiber optic,84.65,3541.35,1,0.5564240138692207,Medium
9625-QSTYE,13,Month-to-month,Fiber optic,81.15,952.3,1,0.5563747605104155,Medium
5233-AOZUF,29,Month-to-month,Fiber optic,74.95,2149.05,0,0.5562350877755954,Medium
6518-LGAOV,38,Month-to-month,Fiber optic,105.0,4026.4,1,0.5556900337116308,Medium
0601-WZHJF,14,Month-to-month,DSL,46.35,667.7,1,0.5554766464987595,Medium
5019-GQVCR,43,Month-to-month,Fiber optic,84.85,3645.6,0,0.5552886865908482,Medium
4360-PNRQB,18,Month-to-month,Fiber optic,75.6,1395.05,0,0.5552556421695016,Medium
4818-QIUFN,20,Month-to-month,Fiber optic,79.15,1520.9,1,0.5552486836640091,Medium
4484-CGXFK,3,Month-to-month,DSL,55.3,196.15,1,0.5550058901831983,Medium
4423-YLHDV,21,Month-to-month,Fiber optic,104.4,2200.25,1,0.5548818136867457,Medium
6101-IMRMM,6,Month-to-month,Fiber optic,94.5,575.45,1,0.5545227709198018,Medium
8128-YVJRG,7,Month-to-month,Fiber optic,79.65,604.7,1,0.5544636075947607,Medium
0947-MUGVO,20,Month-to-month,Fiber optic,73.65,1463.5,1,0.5543431295979737,Medium
2761-XECQW,8,Month-to-month,DSL,43.35,371.4,0,0.5543321736849507,Medium
2070-XYMFH,23,Month-to-month,Fiber optic,79.35,1835.3,0,0.5541710699351757,Medium
3627-FCRDW,9,Month-to-month,Fiber optic,71.0,672.55,1,0.5538325927320984,Medium
5569-OUICF,28,Month-to-month,Fiber optic,101.3,2812.2,1,0.5535431208031826,Medium
6260-ONULR,1,Month-to-month,DSL,62.8,62.8,0,0.5535198523287033,Medium
4816-LXZYW,23,Month-to-month,Fiber optic,79.15,1676.95,1,0.5532892612313471,Medium
5130-IEKQT,25,Month-to-month,Fiber optic,105.95,2655.25,1,0.5529560454529682,Medium
4919-MOAVT,3,Month-to-month,Fiber optic,69.65,220.1,1,0.5529146810105718,Medium
4236-UJPWO,2,Month-to-month,DSL,24.5,46.4,0,0.5527167226328691,Medium
9058-MJLZC,24,Month-to-month,Fiber optic,94.6,2283.15,0,0.5523959848438543,Medium
9572-WUKSB,3,Month-to-month,DSL,29.9,92.25,0,0.5523301791936321,Medium
3956-MGXOG,28,Month-to-month,Fiber optic,80.6,2244.95,0,0.55232281394539,Medium
4013-UBXWQ,7,Month-to-month,DSL,74.65,521.1,1,0.5522503159216289,Medium
4373-MAVJG,14,Month-to-month,Fiber optic,90.9,1259.0,1,0.5521969181781917,Medium
9779-DPNEJ,22,Month-to-month,Fiber optic,80.15,1790.65,0,0.552183035156159,Medium
4030-VPZBD,2,Month-to-month,DSL,30.9,59.05,1,0.5521739337946989,Medium
8990-ZXLSU,9,Month-to-month,Fiber optic,69.05,651.5,0,0.5519951535243897,Medium
4546-FOKWR,16,Month-to-month,Fiber optic,74.75,1129.35,0,0.5518468380574855,Medium
8938-UMKPI,47,Month-to-month,Fiber optic,106.4,5127.95,1,0.5514941232191573,Medium
7924-GJZFI,25,Month-to-month,Fiber optic,69.3,1813.1,0,0.5513543676408178,Medium
0988-JRWWP,3,Month-to-month,DSL,54.2,140.4,0,0.5513309965238565,Medium
8685-WHQPW,22,Month-to-month,Fiber optic,74.4,1692.6,1,0.5511350931149281,Medium
6994-KERXL,4,Month-to-month,DSL,55.9,238.5,0,0.5502000476887183,Medium
5543-QDCRY,4,Month-to-month,DSL,56.4,234.85,0,0.5501600417626147,Medium
2919-HBCJO,4,Month-to-month,Fiber optic,76.65,333.6,1,0.5499108059851986,Medium
2252-ISRNH,9,One year,Fiber optic,90.35,767.9,0,0.5498548425992149,Medium
3916-NRPAP,3,Month-to-month,Fiber optic,85.7,256.75,0,0.5497292783751899,Medium
7089-IVVAZ,8,Month-to-month,Fiber optic,103.35,847.3,1,0.5496204090234841,Medium
7901-TBKJX,56,Month-to-month,Fiber optic,101.05,5594.0,0,0.5493832672621031,Medium
3536-IQCTX,32,Month-to-month,Fiber optic,85.3,2661.1,1,0.5493275134122753,Medium
8695-ARGXZ,34,Month-to-month,Fiber optic,75.55,2425.4,0,0.5491012138132664,Medium
5533-NHFRF,7,Month-to-month,DSL,44.4,265.8,0,0.5487492848532668,Medium
1307-ATKGB,24,Month-to-month,Fiber optic,89.55,2187.15,0,0.5486706961626309,Medium
7881-EVUAD,2,Month-to-month,DSL,42.6,72.4,1,0.5486087048868326,Medium
0581-MDMPW,24,Month-to-month,Fiber optic,88.95,2072.75,0,0.5485091303276165,Medium
5842-POCOP,5,Month-to-month,Fiber optic,88.9,454.15,1,0.5484852577565686,Medium
9638-JIQYA,2,Month-to-month,DSL,24.9,49.7,0,0.5483745510595258,Medium
5364-XYIRR,51,Month-to-month,Fiber optic,94.65,4812.75,1,0.5482044589219066,Medium
3966-HRMZA,3,Month-to-month,Fiber optic,75.05,202.9,0,0.5481116717341596,Medium
0114-PEGZZ,33,Month-to-month,Fiber optic,107.55,3645.5,0,0.5480707733321586,Medium
4816-JBHOV,2,Month-to-month,DSL,44.7,93.7,1,0.5479218992365101,Medium
2582-FFFZR,22,Month-to-month,DSL,50.6,1073.3,0,0.5478464108780278,Medium
5940-AHUHD,1,Month-to-month,Fiber optic,70.6,70.6,1,0.5477995338072952,Medium
6559-PDZLR,26,Month-to-month,Fiber optic,98.65,2537.0,0,0.5477189803062322,Medium
3754-DXMRT,2,Month-to-month,DSL,44.15,92.65,1,0.5477017550647213,Medium
6311-UEUME,29,Month-to-month,Fiber optic,78.9,2384.15,1,0.5474833821200239,Medium
5884-GCYMI,1,Month-to-month,Fiber optic,69.4,69.4,1,0.5473859682226071,Medium
9743-DQKQW,3,Month-to-month,DSL,25.1,79.8,0,0.5473583523052126,Medium
5914-DVBWJ,18,Month-to-month,Fiber optic,85.45,1505.85,1,0.5471924976464527,Medium
2832-KJCRD,38,Month-to-month,Fiber optic,103.65,3988.5,0,0.5470144835876853,Medium
4902-OHLSK,29,Month-to-month,Fiber optic,98.65,2862.75,1,0.546992297284406,Medium
5960-MVTUK,3,Month-to-month,DSL,29.75,96.85,0,0.5465877248100705,Medium
5442-XSDCW,11,Month-to-month,Fiber optic,79.5,868.5,1,0.5465685792109026,Medium
2696-NARTR,11,Month-to-month,Fiber optic,73.85,926.25,1,0.54654356484499,Medium
2592-SEIFQ,3,Month-to-month,DSL,24.75,66.95,1,0.5464722041335125,Medium
1597-LHYNC,26,Month-to-month,Fiber optic,95.0,2497.2,1,0.5462935816592702,Medium
0771-WLCLA,16,Month-to-month,Fiber optic,112.95,1882.55,0,0.5462184726594183,Medium
7470-MCQTK,13,Month-to-month,DSL,48.75,633.4,1,0.5461568931520064,Medium
5650-VDUDS,4,Month-to-month,DSL,24.25,96.05,1,0.5459645050529668,Medium
2468-SJFLM,1,Month-to-month,Fiber optic,74.3,74.3,0,0.545941999516776,Medium
5649-ANRML,2,Month-to-month,Fiber optic,95.1,180.25,1,0.5457369170327154,Medium
4587-NUKOX,3,Month-to-month,Fiber optic,79.1,246.5,1,0.5456356866546621,Medium
1384-RCUXW,16,Month-to-month,Fiber optic,80.55,1248.9,0,0.5454848666337431,Medium
9565-DJPIB,4,Month-to-month,Fiber optic,89.6,365.65,1,0.5452206164977303,Medium
6212-ATMLK,50,Month-to-month,Fiber optic,95.7,4729.75,0,0.5450119670266692,Medium
6402-ZFPPI,25,Month-to-month,Fiber optic,102.8,2660.2,1,0.544757197954981,Medium
4536-PLEQY,12,Month-to-month,Fiber optic,85.05,999.8,0,0.544726329232485,Medium
1262-OPMFY,9,Month-to-month,Fiber optic,75.75,655.9,1,0.5446607564301384,Medium
6818-DJXAA,10,Month-to-month,Fiber optic,91.1,964.35,0,0.5438850147644171,Medium
4581-LNWUM,13,Month-to-month,DSL,49.15,649.4,0,0.5438583564084806,Medium
7295-JOMMD,4,Month-to-month,Fiber optic,98.1,396.3,1,0.5432304711619022,Medium
2697-NQBPF,34,Month-to-month,Fiber optic,105.35,3540.65,0,0.543207877997786,Medium
9093-FPDLG,11,Month-to-month,Fiber optic,94.2,999.9,0,0.5428997871416861,Medium
8040-MNRTF,1,Month-to-month,Fiber optic,71.1,71.1,0,0.5426196708785016,Medium
0511-JTEOY,1,Month-to-month,Fiber optic,71.1,71.1,1,0.5426196708785016,Medium
0151-ONTOV,1,Month-to-month,Fiber optic,70.9,70.9,1,0.5425506176346541,Medium
0519-XUZJU,1,Month-to-month,Fiber optic,70.75,70.75,1,0.5424988266286239,Medium
8645-KWHJO,14,Month-to-month,DSL,55.0,771.95,0,0.542306038627463,Medium
4077-CROMM,31,Month-to-month,Fiber optic,104.2,3243.45,1,0.5422780358143723,Medium
7855-DIWPO,21,Month-to-month,Fiber optic,68.65,1493.2,0,0.5422557723388913,Medium
0946-CLJTI,58,Month-to-month,Fiber optic,98.7,5812.6,1,0.5422296506823987,Medium
0224-RLWWD,2,Month-to-month,DSL,44.3,89.3,0,0.5421861642318383,Medium
3312-UUMZW,32,Month-to-month,Fiber optic,98.85,3145.9,0,0.5421557223892536,Medium
7586-ZATGZ,40,Month-to-month,Fiber optic,84.9,3369.05,0,0.5421111867167473,Medium
4110-PFEUZ,1,Month-to-month,Fiber optic,69.55,69.55,1,0.5420844656030153,Medium
8778-LMWTJ,9,Month-to-month,Fiber optic,74.85,708.2,0,0.5419483930956921,Medium
6243-OZGFH,23,Month-to-month,DSL,44.95,996.85,0,0.5415258489836692,Medium
6646-VRFOL,53,Month-to-month,Fiber optic,103.85,5485.5,1,0.5414799092589787,Medium
3751-KTZEL,1,Month-to-month,DSL,35.05,35.05,1,0.5412426982700071,Medium
8993-PHFWD,3,Month-to-month,DSL,25.25,58.9,1,0.5407651766291214,Medium
3002-WQZWT,29,Month-to-month,Fiber optic,74.2,1993.25,0,0.5405041322019881,Medium
2309-OSFEU,10,Month-to-month,DSL,33.9,298.45,1,0.5400094374262947,Medium
9365-SRSZE,27,Month-to-month,Fiber optic,70.55,1943.9,0,0.5392021486165522,Medium
4704-ERYFC,22,Month-to-month,Fiber optic,69.25,1554.0,1,0.5392004892469674,Medium
5215-LNLDJ,7,Month-to-month,DSL,24.7,149.05,0,0.5386197451566438,Medium
0876-WDUUZ,5,Month-to-month,Fiber optic,85.4,425.9,1,0.5385485554195862,Medium
8490-BXHEO,18,Month-to-month,Fiber optic,80.55,1411.65,0,0.538491154889681,Medium
3717-OEAUQ,2,Month-to-month,Fiber optic,70.7,129.2,0,0.5384745496590707,Medium
2501-XWWTZ,11,Month-to-month,Fiber optic,70.2,760.05,0,0.5384511264010928,Medium
8445-DNBAE,1,Month-to-month,DSL,50.05,50.05,0,0.5383637484813997,Medium
1522-VVDMG,7,Month-to-month,Fiber optic,89.75,608.8,1,0.537914003203913,Medium
9601-BRXPO,25,Month-to-month,Fiber optic,104.95,2566.5,1,0.5377776685473431,Medium
3755-JBMNH,16,Month-to-month,Fiber optic,71.8,1167.8,1,0.5376697382840564,Medium
5439-WIKXB,41,Month-to-month,Fiber optic,94.55,3851.45,0,0.5373239239507012,Medium
6652-YFFJO,11,Month-to-month,DSL,64.9,716.1,0,0.5373223994176134,Medium
7603-USHJS,12,Month-to-month,Fiber optic,73.75,871.4,1,0.5370656301374268,Medium
0311-UNPFF,26,Month-to-month,Fiber optic,88.8,2274.35,1,0.5369088663604528,Medium
7240-FQLHE,18,Month-to-month,Fiber optic,99.75,1836.25,1,0.5360542785994915,Medium
8189-XRIKE,32,Month-to-month,Fiber optic,90.95,2897.95,0,0.535777946461617,Medium
8714-EUHJO,31,Month-to-month,Fiber optic,91.15,2995.45,1,0.5353670620000162,Medium
2916-BQZLN,19,Month-to-month,Fiber optic,84.75,1651.95,0,0.5351785856959179,Medium
1965-DDBWU,16,Month-to-month,Fiber optic,89.05,1448.6,1,0.5348163499647284,Medium
3186-BAXNB,1,Month-to-month,Fiber optic,91.7,91.7,1,0.5348036555218567,Medium
5630-IXDXV,47,Month-to-month,Fiber optic,106.35,4849.1,0,0.5343803911355565,Medium
0952-KMEEH,13,Month-to-month,Fiber optic,98.15,1230.25,1,0.5341337986112484,Medium
8417-FMLZI,6,Month-to-month,Fiber optic,83.55,477.55,1,0.5341127424495629,Medium
1271-SJBGZ,12,Month-to-month,DSL,43.65,526.95,1,0.5337799005141506,Medium
7979-CORPM,24,Month-to-month,Fiber optic,90.55,2282.55,1,0.5332014692741218,Medium
5449-FIBXJ,19,Month-to-month,Fiber optic,103.3,2012.7,1,0.5331453858228762,Medium
5922-ABDVO,19,Month-to-month,Fiber optic,89.65,1761.05,1,0.5323390152554492,Medium
4846-WHAFZ,37,Month-to-month,Fiber optic,76.5,2868.15,1,0.5323117905627878,Medium
8903-WMRNW,15,Month-to-month,Fiber optic,101.75,1669.4,0,0.5322807704583963,Medium
5307-DZCVC,32,Month-to-month,Fiber optic,85.95,2628.6,1,0.5321657090168477,Medium
5226-NOZFC,26,Month-to-month,Fiber optic,85.75,2146.5,0,0.5321480936853614,Medium
9283-LZQOH,13,Month-to-month,Fiber optic,74.4,896.75,1,0.5318389885742106,Medium
7562-UXTPG,13,Month-to-month,Fiber optic,70.15,886.7,0,0.5310863469237003,Medium
8456-QDAVC,19,Month-to-month,Fiber optic,78.7,1495.1,0,0.5310045998846216,Medium
6581-NQCBA,16,Month-to-month,DSL,49.95,810.2,1,0.5308545620310098,Medium
1399-UBQIU,11,Month-to-month,DSL,69.35,712.25,0,0.5307723285522746,Medium
3934-HXCFZ,23,Month-to-month,Fiber optic,99.25,2186.4,1,0.5306358703812227,Medium
6178-KFNHS,12,Month-to-month,Fiber optic,78.3,909.25,1,0.5301437751369678,Medium
9529-OFXHY,15,Month-to-month,Fiber optic,87.75,1242.2,0,0.5301424842895984,Medium
2956-GGUCQ,24,Month-to-month,Fiber optic,78.85,1772.25,1,0.5301419255932485,Medium
7279-BUYWN,41,Month-to-month,Fiber optic,113.2,4689.5,1,0.5300139884285273,Medium
3853-LYGAM,17,Month-to-month,Fiber optic,95.65,1640.0,0,0.5299749529311035,Medium
1391-UBDAR,11,Month-to-month,Fiber optic,72.9,818.45,0,0.5298599481558481,Medium
8687-BAFGU,1,Month-to-month,Fiber optic,74.0,74.0,0,0.5296589130702398,Medium
3955-JBZZM,20,Month-to-month,Fiber optic,78.8,1641.3,0,0.5296469628194309,Medium
4690-PKDQG,42,Month-to-month,Fiber optic,95.55,3930.6,0,0.5295858497803685,Medium
8486-AYEQH,31,Month-to-month,Fiber optic,76.05,2227.8,0,0.5294906234402021,Medium
9465-RWMXL,32,Month-to-month,Fiber optic,78.9,2447.95,1,0.5292887915123702,Medium
2018-PZKMU,9,Month-to-month,Fiber optic,103.1,970.45,0,0.5290448002835414,Medium
9824-BEMCV,17,Month-to-month,Fiber optic,69.0,1149.65,1,0.5285635632945079,Medium
6284-AHOOQ,22,Month-to-month,Fiber optic,90.5,1910.6,1,0.5284240604757559,Medium
6331-LWDTQ,10,Month-to-month,DSL,72.15,794.25,1,0.5278964919446525,Medium
5760-FXFVO,6,Month-to-month,Fiber optic,78.95,494.95,0,0.5273066338064404,Medium
4398-HSCJH,3,Month-to-month,DSL,63.6,155.65,1,0.5272479218842693,Medium
0682-USIXD,21,Month-to-month,Fiber optic,86.05,1818.9,0,0.5271402957869901,Medium
2800-QQUSO,42,Month-to-month,Fiber optic,100.3,4222.95,0,0.526886158081536,Medium
0778-NELLA,9,Month-to-month,DSL,34.7,296.1,1,0.5268636167396447,Medium
5981-ITEMU,40,Month-to-month,Fiber optic,97.1,3706.95,1,0.5267607259727054,Medium
0221-WMXNQ,4,Month-to-month,Fiber optic,75.35,273.4,0,0.5264696285925063,Medium
6906-ANDWJ,15,Month-to-month,Fiber optic,74.9,1107.25,1,0.5263988780614252,Medium
5087-SUURX,18,Month-to-month,DSL,39.05,669.85,1,0.5263517915037855,Medium
4718-DHSMV,11,Month-to-month,DSL,35.8,363.15,0,0.5262131893424298,Medium
5108-ADXWO,11,Month-to-month,Fiber optic,73.5,791.75,1,0.5261072576141264,Medium
6557-BZXLQ,16,Month-to-month,Fiber optic,69.65,1043.3,0,0.5259905972861008,Medium
0817-HSUSE,1,Month-to-month,DSL,75.5,75.5,0,0.5256732864848258,Medium
4236-XPXAV,5,Month-to-month,Fiber optic,99.15,465.05,1,0.5255267202629408,Medium
5453-AXEPF,17,Month-to-month,Fiber optic,80.5,1336.9,0,0.5251145633659156,Medium
6599-SFQVE,6,Month-to-month,DSL,55.0,340.4,0,0.5249023422576428,Medium
0082-OQIQY,29,Month-to-month,Fiber optic,94.2,2607.6,0,0.5248125704428547,Medium
8696-JKZNU,37,Month-to-month,Fiber optic,76.25,2841.55,1,0.524581540727239,Medium
7786-WBJYI,4,Month-to-month,Fiber optic,77.95,305.55,1,0.5239905631055416,Medium
7853-OETYL,4,Month-to-month,DSL,29.05,129.6,0,0.5239900744603628,Medium
7508-SMHXL,15,Month-to-month,Fiber optic,89.0,1288.3,0,0.5239124558935352,Medium
2692-BUCFV,29,Month-to-month,Fiber optic,101.45,2948.6,0,0.5236109617516216,Medium
5950-AAAGJ,18,Month-to-month,Fiber optic,84.3,1537.9,0,0.5236097678325483,Medium
3799-ISUZQ,7,Month-to-month,Fiber optic,69.95,529.5,1,0.5235407818238953,Medium
3914-FDRHP,9,Month-to-month,Fiber optic,86.25,770.5,0,0.5235047514408406,Medium
8356-WUAOJ,1,Month-to-month,DSL,45.0,45.0,0,0.5234520289418011,Medium
4501-EQDRN,1,Month-to-month,Fiber optic,69.7,69.7,1,0.5233253438602122,Medium
2135-RXIHG,1,Month-to-month,DSL,45.65,45.65,1,0.5230349309057291,Medium
2082-CEFLT,1,Month-to-month,DSL,45.6,45.6,1,0.5230175783321628,Medium
4484-GLZOU,52,Month-to-month,Fiber optic,105.05,5624.85,1,0.5227946688368815,Medium
8705-WZCYL,1,Month-to-month,DSL,44.8,44.8,0,0.52273992962665,Medium
4373-VVHQL,1,Month-to-month,DSL,44.75,44.75,0,0.5227225761141545,Medium
9885-AIBVB,29,Month-to-month,Fiber optic,85.8,2440.25,0,0.5226972539858549,Medium
9430-FRQOC,4,Month-to-month,Fiber optic,87.1,341.45,1,0.5225393001791522,Medium
8404-GFGCZ,4,Month-to-month,DSL,65.6,250.1,0,0.522209325457088,Medium
6959-UWKHF,1,Month-to-month,DSL,42.9,42.9,1,0.5220804579402792,Medium
0963-ZBDRN,32,Month-to-month,Fiber optic,96.2,3183.4,1,0.5218330873858871,Medium
7895-VONWT,25,Month-to-month,DSL,48.25,1293.8,0,0.521797659412641,Medium
9971-ZWPBF,34,Month-to-month,Fiber optic,108.9,3625.2,0,0.5216846620010808,Medium
9907-SWKKF,1,Month-to-month,DSL,25.05,25.05,1,0.5216058599749454,Medium
0139-IVFJG,2,Month-to-month,Fiber optic,90.35,190.5,0,0.5214235608266811,Medium
7892-QVYKW,23,Month-to-month,Fiber optic,85.6,1868.4,0,0.5209721607090372,Medium
4257-GAESD,6,Month-to-month,DSL,45.0,298.7,0,0.5205098881931488,Medium
1608-GMEWB,45,Month-to-month,Fiber optic,93.9,4200.25,0,0.5204409061479109,Medium
6637-KYRCV,5,Month-to-month,DSL,30.5,167.2,0,0.5203143264583905,Medium
6551-GNYDG,14,Month-to-month,Fiber optic,80.9,1152.8,0,0.5200870501616979,Medium
4128-ETESU,47,Month-to-month,Fiber optic,99.7,4747.2,0,0.5200565577593596,Medium
1264-BYWMS,55,Month-to-month,Fiber optic,96.8,5283.95,1,0.5198536877866159,Medium
5747-PMBSQ,10,Month-to-month,Fiber optic,92.5,934.1,1,0.5197905081474669,Medium
6834-NXDCA,13,Month-to-month,DSL,23.9,300.8,1,0.5197777248082802,Medium
2933-FILNV,2,Month-to-month,DSL,24.4,36.55,1,0.518331592913299,Medium
9048-JVYVF,3,Month-to-month,DSL,69.35,191.35,1,0.5180101987901858,Medium
2203-GHNWN,24,Month-to-month,Fiber optic,79.65,1928.7,0,0.517864041888649,Medium
6128-CZOMY,1,Month-to-month,DSL,45.65,45.65,1,0.5176474111134269,Medium
5077-DXTCG,1,Month-to-month,DSL,45.3,45.3,1,0.517525835532514,Medium
4855-SNKMY,1,Month-to-month,DSL,44.1,44.1,1,0.517108989305128,Medium
6778-YSNIH,2,Month-to-month,DSL,59.0,114.15,0,0.5170610479158718,Medium
7018-WBJNK,13,Month-to-month,Fiber optic,78.3,1033.95,0,0.5169655964722832,Medium
3312-ZWLGF,29,Month-to-month,Fiber optic,79.3,2414.55,0,0.516900471380027,Medium
3671-SHRSP,4,Month-to-month,Fiber optic,80.6,319.15,1,0.5168906417197539,Medium
5204-QZXPU,19,Month-to-month,DSL,39.65,733.35,1,0.5167764136386309,Medium
2626-URJFX,4,Month-to-month,DSL,50.9,225.6,1,0.5164302216809684,Medium
8012-SOUDQ,43,Month-to-month,Fiber optic,90.25,3838.75,0,0.5163511463585044,Medium
5373-SFODM,36,Month-to-month,Fiber optic,85.25,3132.75,1,0.5163294966033157,Medium
1746-TGTWV,1,Month-to-month,Fiber optic,75.35,75.35,0,0.5162450921763034,Medium
4013-TLDHQ,19,Month-to-month,Fiber optic,78.25,1490.95,1,0.5161907349999125,Medium
5035-BVCXS,11,Month-to-month,Fiber optic,75.9,866.4,0,0.5157565973513538,Medium
4512-ZUIYL,2,Month-to-month,Fiber optic,70.0,153.05,1,0.5155284382414146,Medium
0212-ISBBF,22,Month-to-month,DSL,50.35,1098.85,0,0.515267501799897,Medium
6166-ILMNY,2,Month-to-month,Fiber optic,69.75,144.55,1,0.5149323310556936,Medium
5650-YLIBA,31,Month-to-month,Fiber optic,81.15,2640.55,0,0.5146368442307915,Medium
5480-TBGPH,24,Month-to-month,Fiber optic,99.3,2431.35,1,0.5140709761342793,Medium
4729-XKASR,1,Month-to-month,DSL,24.75,24.75,1,0.5138337413573695,Medium
2823-LKABH,18,Month-to-month,Fiber optic,95.05,1679.4,0,0.5138292669429085,Medium
2719-BDAQO,17,Month-to-month,Fiber optic,93.85,1625.65,1,0.5136392433040519,Medium
2983-ZANRP,2,Month-to-month,Fiber optic,73.55,145.4,1,0.5134384593524605,Medium
9588-OZDMQ,2,Month-to-month,DSL,45.0,89.75,0,0.5131866944162173,Medium
2962-XPMCQ,2,Month-to-month,DSL,45.15,98.5,1,0.513126178249046,Medium
8059-UDZFY,33,Month-to-month,Fiber optic,105.35,3465.05,0,0.5129331911037971,Medium
5028-GZLDO,2,Month-to-month,Fiber optic,70.7,140.7,1,0.5128827516581816,Medium
2507-QZPQS,15,Month-to-month,Fiber optic,95.7,1451.1,0,0.5128323714686517,Medium
8584-KMVXD,8,Month-to-month,Fiber optic,75.6,535.55,0,0.5126948023134833,Medium
1624-WOIWJ,10,Month-to-month,Fiber optic,84.7,832.05,1,0.5125742258824597,Medium
8837-VVWLQ,8,Month-to-month,Fiber optic,84.95,668.4,1,0.5123497760675945,Medium
8903-XEBGX,2,Month-to-month,DSL,55.3,108.65,0,0.5120110665149409,Medium
6608-QQLVK,1,Month-to-month,DSL,50.5,50.5,1,0.5117238330344313,Medium
9747-DDZOS,1,Month-to-month,Fiber optic,73.5,73.5,1,0.5116497334956995,Medium
8610-WFCJF,49,Month-to-month,Fiber optic,95.6,4783.5,1,0.5112585912678008,Medium
4741-WWJQZ,2,Month-to-month,Fiber optic,80.15,194.55,0,0.5112000597650803,Medium
1194-HVAIF,27,Month-to-month,Fiber optic,95.0,2462.55,0,0.5111825306626274,Medium
3866-MDTUB,2,Month-to-month,DSL,70.75,146.9,1,0.5111803617727033,Medium
7718-RXDGG,15,Month-to-month,Fiber optic,68.6,1108.6,0,0.5108455408877725,Medium
4749-VFKVB,1,Month-to-month,DSL,50.1,50.1,1,0.5107672184236449,Medium
4881-JVQOD,10,Month-to-month,DSL,34.55,362.6,0,0.5105040624510991,Medium
6651-AZVTJ,49,Month-to-month,Fiber optic,99.8,4872.45,1,0.5103403438260228,Medium
7901-HXJVA,14,Month-to-month,Fiber optic,76.45,1117.55,0,0.5102559181298668,Medium
9851-KIELU,10,Month-to-month,Fiber optic,110.1,1043.3,1,0.5102063566295821,Medium
5281-BUZGT,36,Month-to-month,Fiber optic,90.85,3186.7,1,0.510073614845487,Medium
9821-POOTN,35,Month-to-month,Fiber optic,75.2,2576.2,1,0.5100656318464194,Medium
6017-PPLPX,20,Month-to-month,Fiber optic,70.45,1470.95,1,0.5097262852221095,Medium
9274-UARKJ,15,Month-to-month,Fiber optic,83.2,1130.0,0,0.5093138349240349,Medium
0428-IKYCP,22,Month-to-month,Fiber optic,87.0,1850.65,0,0.5092799278269472,Medium
8800-ZKRFW,30,Month-to-month,Fiber optic,107.5,3242.5,0,0.5090675425708185,Medium
6034-YMTOB,5,Month-to-month,Fiber optic,75.65,399.45,0,0.5089722568698689,Medium
9661-ACXBS,42,Month-to-month,Fiber optic,105.2,4400.75,1,0.5087514996292467,Medium
6235-VDHOM,5,Month-to-month,DSL,28.45,131.05,1,0.5082647874323288,Medium
9643-AVVWI,3,Month-to-month,Fiber optic,80.0,241.3,0,0.507626057931466,Medium
9904-EHEVJ,32,Month-to-month,Fiber optic,91.35,2896.55,0,0.5074217796007106,Medium
1902-XBTFB,22,Month-to-month,Fiber optic,89.4,2001.5,1,0.5071917101812734,Medium
7783-YKGDV,12,Month-to-month,Fiber optic,99.7,1238.45,1,0.5068068943517948,Medium
6519-CFDBX,2,Month-to-month,DSL,45.4,80.95,0,0.5067194880870656,Medium
2675-DHUTR,58,Month-to-month,Fiber optic,98.9,5780.7,0,0.5061884081598893,Medium
7562-GSUHK,16,Month-to-month,Fiber optic,93.2,1573.7,1,0.5060080478383294,Medium
3352-ALMCK,40,Month-to-month,Fiber optic,102.65,4108.15,0,0.5057623437569849,Medium
9944-AEXBM,32,Month-to-month,Fiber optic,85.65,2664.3,0,0.5057596407332392,Medium
4062-HBMOS,52,Month-to-month,Fiber optic,103.05,5364.8,0,0.5055273892797045,Medium
5606-AMZBO,10,Month-to-month,Fiber optic,78.15,765.15,0,0.5046965536629942,Medium
6661-HBGWL,42,Month-to-month,Fiber optic,104.75,4323.45,1,0.5046513054803453,Medium
2955-BJZHG,17,Month-to-month,Fiber optic,80.85,1400.85,1,0.5043348372986649,Medium
5222-IMUKT,32,Month-to-month,Fiber optic,91.05,2871.5,0,0.504264508054484,Medium
7978-DKUQH,25,Month-to-month,Fiber optic,74.6,1797.75,0,0.5037259223088294,Medium
3088-LHEFH,11,Month-to-month,Fiber optic,79.0,929.3,0,0.5034781336702229,Medium
8849-AYPTR,33,Month-to-month,Fiber optic,91.25,2964.05,0,0.5030360964238648,Medium
1589-AGTLK,3,Month-to-month,DSL,45.35,141.5,1,0.5027987490722974,Medium
2786-GCDPI,50,Month-to-month,Fiber optic,104.95,5222.35,0,0.502590933698168,Medium
3757-NJYBX,32,Month-to-month,Fiber optic,106.35,3520.75,1,0.5025796355702271,Medium
5647-FXOTP,60,Month-to-month,Fiber optic,105.9,6401.25,0,0.5020333221586317,Medium
2027-CWDNU,18,Month-to-month,Fiber optic,85.6,1601.5,0,0.5018430922914042,Medium
2187-LZGPL,7,Month-to-month,DSL,40.1,293.3,1,0.5016708328959852,Medium
8819-IMISP,31,Month-to-month,Fiber optic,80.45,2429.1,0,0.5013767058327858,Medium
0256-LTHVJ,28,Month-to-month,Fiber optic,81.05,2227.1,1,0.5013307020931222,Medium
7587-RZNME,3,Month-to-month,DSL,43.3,123.65,1,0.5011096300964883,Medium
6481-ESCNL,29,Month-to-month,Fiber optic,100.55,2878.75,0,0.5008262922536844,Medium
5022-JNQEQ,9,Month-to-month,Fiber optic,75.85,647.5,0,0.5005104524784665,Medium
9053-EJUNL,41,Month-to-month,Fiber optic,89.2,3645.75,0,0.5002520625077377,Medium
3518-PZXZQ,1,Month-to-month,DSL,55.3,55.3,0,0.5001563930058018,Medium
8640-SDGKB,4,Month-to-month,DSL,74.4,299.7,1,0.5001002111200205,Medium
8563-OYMQY,17,Month-to-month,Fiber optic,90.95,1612.2,0,0.5000956848795705,Medium
4238-JSSWH,35,Month-to-month,Fiber optic,102.05,3452.55,0,0.49984690080299055,Medium
7851-FLGGQ,1,Month-to-month,DSL,44.65,44.65,1,0.49967095000403705,Medium
6629-CZTTH,1,Month-to-month,DSL,55.7,55.7,1,0.49960935056414374,Medium
7351-KYHQH,7,Month-to-month,DSL,64.95,493.65,0,0.49934817511250656,Medium
5626-MGTUK,20,Month-to-month,Fiber optic,89.1,1879.25,0,0.499306307152564,Medium
8519-QJGJD,14,Month-to-month,Fiber optic,75.35,1025.95,1,0.49888688305488493,Medium
2386-LAHRK,1,Month-to-month,DSL,53.5,53.5,1,0.49888631024393254,Medium
8212-CRQXP,22,Month-to-month,Fiber optic,80.0,1706.45,0,0.4985038100171636,Medium
9921-QFQUL,23,Month-to-month,Fiber optic,90.15,2044.95,0,0.4978903370234545,Medium
9508-ILZDG,34,Month-to-month,Fiber optic,96.35,3190.25,0,0.4974570528600487,Medium
5143-EGQFK,10,Month-to-month,DSL,29.65,291.4,1,0.4973735153081794,Medium
7048-GXDAY,39,Month-to-month,Fiber optic,106.4,4040.65,0,0.49714874872547793,Medium
2694-CIUMO,12,Month-to-month,Fiber optic,79.55,958.25,0,0.49703604413182734,Medium
1100-DDVRV,17,Month-to-month,DSL,49.8,836.35,0,0.49701332652725655,Medium
8212-DJRCH,5,Month-to-month,Fiber optic,90.35,434.5,0,0.4969844980299204,Medium
5385-SUIRI,52,Month-to-month,Fiber optic,104.2,5568.35,1,0.4969643238007781,Medium
2322-VCZHZ,23,Month-to-month,Fiber optic,90.0,2024.1,0,0.49622824712584246,Medium
2495-KZNFB,33,Month-to-month,Fiber optic,90.65,2989.6,0,0.49616913454448575,Medium
8543-MSDMF,3,Month-to-month,DSL,77.4,206.15,0,0.49608506735488733,Medium
4503-BDXBD,11,Month-to-month,Fiber optic,74.95,815.5,1,0.4960715732956043,Medium
6704-UTUKK,29,Month-to-month,DSL,45.9,1332.4,0,0.495796199684846,Medium
2344-JMOGN,9,Month-to-month,Fiber optic,94.85,890.6,1,0.4954642975454395,Medium
0570-BFQHT,9,Month-to-month,Fiber optic,80.55,653.9,0,0.49536911476293677,Medium
5998-VVEJY,26,Month-to-month,Fiber optic,80.5,2088.8,1,0.4948511698866664,Medium
6467-CHFZW,47,Month-to-month,Fiber optic,99.35,4749.15,1,0.4944559749974076,Medium
1482-OXZSY,30,Month-to-month,Fiber optic,100.4,2936.25,0,0.4944018875780419,Medium
7395-IGJOS,17,Month-to-month,Fiber optic,81.5,1329.2,1,0.49423229043999617,Medium
6522-YRBXD,35,Month-to-month,Fiber optic,94.55,3365.4,0,0.49397685363409244,Medium
4074-SJFFA,1,Month-to-month,DSL,54.75,54.75,1,0.4938827522570004,Medium
3677-TNKIO,14,Month-to-month,Fiber optic,71.0,914.0,1,0.4936366594731186,Medium
5759-RCVCB,3,Month-to-month,DSL,35.2,108.95,1,0.49352349477014223,Medium
2831-EBWRN,4,Month-to-month,DSL,45.9,199.75,0,0.49351102583048306,Medium
4929-BSTRX,1,Month-to-month,DSL,53.55,53.55,1,0.4935075589330768,Medium
8378-LKJAF,38,Month-to-month,Fiber optic,101.15,3956.7,0,0.49271983934537567,Medium
0869-PAPRP,26,Month-to-month,Fiber optic,85.7,2067.0,0,0.4925868582728672,Medium
8878-HMWBV,3,Month-to-month,DSL,49.15,169.05,1,0.49257623663637706,Medium
3055-MJDSB,9,Month-to-month,DSL,24.6,190.1,0,0.49218109073293786,Medium
8155-IBNHG,24,Month-to-month,Fiber optic,75.4,1747.85,1,0.492119615721678,Medium
3334-CTHOL,1,Month-to-month,DSL,49.95,49.95,1,0.49182329105250516,Medium
3211-ILJTT,17,Month-to-month,Fiber optic,70.4,1214.05,1,0.49178924347497477,Medium
6158-HDPXZ,1,Month-to-month,DSL,25.35,25.35,0,0.4917553918985732,Medium
8914-RBTSB,31,Month-to-month,Fiber optic,93.8,3019.5,1,0.49153225369613424,Medium
3439-GVUSX,1,Month-to-month,DSL,24.4,24.4,0,0.491425085759034,Medium
5153-RTHKF,34,Month-to-month,Fiber optic,85.35,2896.6,0,0.49120458976036996,Medium
8364-TRMMK,3,Month-to-month,DSL,50.65,151.3,1,0.4910910024821386,Medium
3167-SNQPL,38,Month-to-month,Fiber optic,101.15,3741.85,0,0.4906854881244563,Medium
6692-YQHXC,16,Month-to-month,Fiber optic,69.95,1205.5,0,0.4906548692160875,Medium
9026-LHEVG,9,Month-to-month,DSL,40.75,359.4,0,0.48995519274190674,Medium
7567-ECMCM,24,Month-to-month,Fiber optic,79.85,2001.0,0,0.4898858329649281,Medium
7442-YGZFK,1,Month-to-month,DSL,49.8,49.8,0,0.48968684839229687,Medium
5600-KTXFM,2,Month-to-month,Fiber optic,69.95,143.9,0,0.4890359974586331,Medium
7825-ECJRF,19,Month-to-month,Fiber optic,106.6,1934.45,1,0.4887118679109174,Medium
5175-WLYXL,22,Month-to-month,Fiber optic,78.85,1600.25,0,0.4885685261333053,Medium
4248-QPAVC,17,Month-to-month,Fiber optic,85.35,1463.45,1,0.488426234964138,Medium
4349-GFQHK,1,Month-to-month,DSL,54.35,54.35,1,0.4883597111668998,Medium
4154-AQUGT,13,Month-to-month,Fiber optic,89.05,1169.35,1,0.48829370955232426,Medium
9898-KZQDZ,40,Month-to-month,Fiber optic,94.55,3640.45,1,0.48818730924772885,Medium
3096-IZETN,12,Month-to-month,Fiber optic,78.1,947.3,1,0.48808570854854566,Medium
0927-LCSMG,7,Month-to-month,Fiber optic,74.65,544.55,1,0.48711152220502824,Medium
6413-XKKPU,17,Month-to-month,Fiber optic,89.4,1539.45,1,0.4870358177221093,Medium
8260-NGFNY,1,Month-to-month,DSL,25.2,25.2,1,0.48630939530639944,Medium
9895-VFOXH,1,Month-to-month,DSL,24.4,24.4,0,0.48603137691035997,Medium
0402-CQAJN,37,Month-to-month,Fiber optic,101.9,3545.35,1,0.48562258776607825,Medium
0354-WYROK,31,Month-to-month,Fiber optic,98.9,2911.3,1,0.4856029415991924,Medium
5868-CZJDR,1,Month-to-month,DSL,31.35,31.35,1,0.4851707477793631,Medium
4658-HCOHW,21,Month-to-month,Fiber optic,102.8,2110.15,1,0.48505843417226796,Medium
9552-TGUZV,8,Month-to-month,Fiber optic,75.0,658.1,0,0.48493861548719486,Medium
7503-QQRVF,16,Month-to-month,Fiber optic,74.3,1178.25,1,0.48438534856539595,Medium
8020-BWHYL,15,Month-to-month,Fiber optic,75.3,1147.45,1,0.48437566772867163,Medium
5889-JTMUL,50,Month-to-month,Fiber optic,95.05,4888.7,1,0.48432287466058677,Medium
1472-TNCWL,36,Month-to-month,Fiber optic,94.7,3512.5,0,0.48406492380135757,Medium
4947-DSMXK,34,Month-to-month,Fiber optic,97.7,3410.0,0,0.4833923546889392,Medium
3174-RKMOW,35,Month-to-month,Fiber optic,109.95,3782.4,0,0.4833073199805892,Medium
2519-FAKOD,38,Month-to-month,Fiber optic,99.25,3777.15,1,0.48253074997535417,Medium
9979-RGMZT,7,One year,Fiber optic,94.05,633.45,0,0.4824082566125142,Medium
1452-KIOVK,22,Month-to-month,Fiber optic,89.1,1949.4,0,0.4820979969475657,Medium
5572-ZDXHY,22,Month-to-month,Fiber optic,84.3,1855.65,1,0.48201236853459406,Medium
9518-XXBXE,10,Month-to-month,Fiber optic,75.3,720.45,0,0.4818830583490881,Medium
2911-WDXMV,18,Month-to-month,Fiber optic,80.55,1406.65,0,0.4808796353730284,Medium
3932-CMDTD,4,One year,Fiber optic,105.65,443.9,1,0.48070340373417464,Medium
0895-DQHEW,54,Month-to-month,Fiber optic,104.3,5278.15,1,0.48049344394222354,Medium
6339-DKLMK,13,Month-to-month,DSL,31.65,389.95,0,0.48028269591963246,Medium
9450-TRJUU,35,Month-to-month,Fiber optic,83.15,2848.45,0,0.47996253016087853,Medium
6127-IYJOZ,1,Month-to-month,DSL,45.85,45.85,0,0.4799549727865548,Medium
5895-QSXOD,9,Month-to-month,Fiber optic,70.05,657.5,0,0.4797060675984053,Medium
2971-SGAFL,13,Month-to-month,DSL,78.75,995.35,0,0.479511093458318,Medium
0537-QYZZN,24,Month-to-month,Fiber optic,79.85,1857.75,0,0.4795076964399131,Medium
2474-BRUCM,40,Month-to-month,Fiber optic,101.85,4086.3,1,0.47946532642766726,Medium
3587-PMCOY,10,One year,Fiber optic,98.9,1064.95,0,0.4793786851603862,Medium
7181-OQCUT,21,Month-to-month,Fiber optic,103.85,2215.0,0,0.47930380912163106,Medium
1777-JYQPJ,2,Month-to-month,DSL,24.3,38.45,0,0.4792313519769809,Medium
9512-UIBFX,18,Month-to-month,Fiber optic,95.15,1779.95,1,0.4788660098586781,Medium
6464-KEXXH,8,Month-to-month,DSL,25.25,186.3,0,0.47881291634935735,Medium
3737-GCSPV,11,Month-to-month,Fiber optic,96.2,1222.05,1,0.4787267544622341,Medium
3094-JOJAI,18,Month-to-month,Fiber optic,74.15,1387.0,0,0.4786613613734871,Medium
5982-FPVQN,37,Month-to-month,Fiber optic,95.15,3532.85,0,0.4785080483296364,Medium
6543-CPZMK,9,Month-to-month,DSL,29.95,248.95,1,0.4784516424880125,Medium
0634-SZPQA,23,Month-to-month,Fiber optic,90.05,2169.8,1,0.47840971168911944,Medium
2672-TGEFF,37,Month-to-month,Fiber optic,88.8,3340.55,0,0.47786631270634966,Medium
1845-CSBRZ,22,Month-to-month,Fiber optic,85.35,1961.6,0,0.4777016561015034,Medium
4317-VTEOA,1,Month-to-month,DSL,50.75,50.75,1,0.4775998535558526,Medium
4625-EWPTF,8,Month-to-month,DSL,30.45,226.45,1,0.4775863853461936,Medium
8718-PTMEZ,13,Month-to-month,DSL,31.05,347.25,1,0.47747795898670004,Medium
6486-LHTMA,31,One year,Fiber optic,90.7,2835.5,0,0.4771256954940506,Medium
1833-TCXKK,45,Month-to-month,Fiber optic,107.75,4882.8,0,0.47702286617957895,Medium
5016-IBERQ,23,Month-to-month,Fiber optic,84.25,1968.1,0,0.47656557257623033,Medium
2037-SGXHH,38,Month-to-month,Fiber optic,94.65,3624.3,1,0.4764137020497031,Medium
1346-UFHAX,13,Month-to-month,Fiber optic,80.0,1029.35,0,0.4763930701086116,Medium
7634-WSWDB,8,Month-to-month,DSL,38.5,330.8,0,0.4762962056241155,Medium
8993-IZEUX,7,Month-to-month,Fiber optic,69.15,488.65,0,0.4762177891769305,Medium
2974-GGUXS,36,Month-to-month,Fiber optic,91.95,3301.05,0,0.476073456230433,Medium
7483-IQWIB,37,Month-to-month,Fiber optic,92.95,3415.25,0,0.4760567737153901,Medium
2038-LLMLM,48,Month-to-month,Fiber optic,103.85,4946.05,0,0.4759472531062388,Medium
3665-JATSN,19,Month-to-month,DSL,39.7,710.05,0,0.4757099165264014,Medium
0093-XWZFY,40,Month-to-month,Fiber optic,104.5,4036.85,1,0.47553044640352715,Medium
1304-BCCFO,9,Month-to-month,DSL,70.05,564.4,0,0.47548354431466533,Medium
0786-VSSUD,16,Month-to-month,DSL,39.0,679.85,1,0.4750404155177904,Medium
8272-ONJLV,12,One year,Fiber optic,95.7,1184.0,0,0.4750377694248694,Medium
6542-LWGXJ,3,Month-to-month,DSL,25.0,78.25,0,0.4748959688602127,Medium
3370-GQEAL,30,Month-to-month,Fiber optic,85.45,2509.95,0,0.47472875677350185,Medium
2657-ALMWY,26,Month-to-month,Fiber optic,84.95,2169.75,1,0.4745736643025623,Medium
8665-UTDHZ,1,Month-to-month,DSL,30.2,30.2,1,0.47455516756363203,Medium
7389-KBFIT,2,Month-to-month,DSL,30.25,63.75,0,0.47447553990754415,Medium
2587-EKXTS,44,Month-to-month,Fiber optic,111.5,4915.15,0,0.4744257483768755,Medium
0504-HHAPI,27,Month-to-month,Fiber optic,88.3,2467.75,1,0.4742780494501195,Medium
0376-OIWME,36,Month-to-month,Fiber optic,93.6,3366.05,0,0.47413685584696547,Medium
1320-REHCS,52,Month-to-month,Fiber optic,110.75,5832.0,0,0.4740072999466355,Medium
7734-DBOAI,1,Month-to-month,DSL,40.1,40.1,1,0.47351496388384967,Medium
9620-ENEJV,6,Month-to-month,Fiber optic,70.55,433.95,0,0.4734120764287827,Medium
0141-YEAYS,27,Month-to-month,Fiber optic,86.45,2401.05,0,0.47308370767573465,Medium
9576-SYUHJ,37,Month-to-month,Fiber optic,91.15,3369.25,0,0.473055653581324,Medium
2856-NNASM,43,Month-to-month,Fiber optic,89.55,3856.75,1,0.4728863713600695,Medium
3943-KDREE,26,Month-to-month,Fiber optic,74.95,1834.95,1,0.47275095589837673,Medium
6366-ZGQGL,1,Month-to-month,DSL,24.8,24.8,1,0.47269639565954746,Medium
3806-DXQOM,4,Month-to-month,DSL,33.65,137.85,1,0.472580692459613,Medium
1084-UQCHV,1,Month-to-month,Fiber optic,69.75,69.75,1,0.47253305972058685,Medium
1319-YLZJG,12,Month-to-month,Fiber optic,84.6,959.9,0,0.4724665506652736,Medium
3323-CPBWR,23,Month-to-month,Fiber optic,96.9,2085.45,0,0.4722132922515735,Medium
6390-DSAZX,1,Month-to-month,Fiber optic,73.6,73.6,1,0.4720725860744624,Medium
4553-DVPZG,62,Month-to-month,Fiber optic,101.35,6164.7,0,0.47193265625975717,Medium
6402-EJMWF,4,Month-to-month,DSL,55.3,238.5,0,0.47168636775809025,Medium
9272-LSVYH,10,Month-to-month,Fiber optic,70.15,735.5,0,0.4715291477032396,Medium
9752-ZNQUT,1,Month-to-month,DSL,48.6,48.6,0,0.47147161734810367,Medium
3545-CNWRG,49,Month-to-month,Fiber optic,98.35,4889.2,0,0.4713687547698719,Medium
8601-QACRS,5,Month-to-month,DSL,50.6,249.95,1,0.4711142847522065,Medium
7020-OZKXZ,9,Month-to-month,Fiber optic,75.5,637.4,0,0.47062696253239317,Medium
5122-CYFXA,3,Month-to-month,DSL,75.3,244.1,0,0.4703769113976701,Medium
6240-EURKS,18,Month-to-month,DSL,35.0,553.0,1,0.4687180027912189,Medium
6458-CYIDZ,5,Month-to-month,Fiber optic,80.7,374.8,0,0.46864961802686206,Medium
2782-LFZVW,11,Month-to-month,DSL,58.95,601.6,0,0.4685769380908739,Medium
3096-JRDSO,27,Month-to-month,Fiber optic,104.3,2867.75,1,0.46849245042912263,Medium
4351-QLCSU,1,Month-to-month,DSL,55.0,55.0,1,0.4676809469948869,Medium
7967-HYCDE,8,Month-to-month,Fiber optic,70.7,553.4,0,0.46764458784218255,Medium
9828-AOQLM,1,Month-to-month,DSL,45.7,45.7,1,0.46750775655617616,Medium
2209-XADXF,1,Month-to-month,DSL,25.25,25.25,0,0.46747520144231647,Medium
6377-WHAOX,60,Month-to-month,Fiber optic,106.15,6411.25,0,0.4674034485945245,Medium
0599-XNYDO,20,Month-to-month,Fiber optic,69.8,1540.35,0,0.46729418887334784,Medium
7993-PYKOF,8,Month-to-month,Fiber optic,75.0,632.95,1,0.46715373544224165,Medium
1035-IPQPU,63,Month-to-month,Fiber optic,103.5,6479.4,0,0.4670900261072891,Medium
4361-JEIVL,1,Month-to-month,DSL,44.4,44.4,1,0.46641635291879047,Medium
2122-YWVYA,18,Month-to-month,Fiber optic,75.4,1380.4,0,0.4663873912355126,Medium
3005-NFMTA,55,Month-to-month,Fiber optic,98.8,5617.75,1,0.46636140404256116,Medium
9420-LOJKX,15,Month-to-month,Fiber optic,99.1,1426.4,1,0.46623542822555725,Medium
6599-RCLCJ,47,Month-to-month,Fiber optic,109.55,5124.55,1,0.46588161294524927,Medium
7881-INRLC,45,Month-to-month,Fiber optic,100.85,4740.0,1,0.46575421771937897,Medium
7339-POGZN,4,Month-to-month,DSL,50.7,214.55,0,0.4657477489458418,Medium
1818-ESQMW,27,Month-to-month,Fiber optic,89.2,2383.6,0,0.46565068432185885,Medium
6048-QBXKL,2,Month-to-month,DSL,56.55,118.25,0,0.46558409363434994,Medium
6259-WJQLC,32,Month-to-month,Fiber optic,81.1,2619.25,0,0.4649996023837279,Medium
8642-GVWRF,2,Month-to-month,Fiber optic,79.7,165.0,1,0.46489226961328833,Medium
4828-FAZPK,16,Month-to-month,Fiber optic,79.95,1267.95,0,0.46469279582081274,Medium
1976-CFOCS,1,Month-to-month,DSL,46.0,46.0,1,0.4644268205725951,Medium
6185-TASNN,1,Month-to-month,DSL,46.3,46.3,0,0.463889866461057,Medium
7268-IGMFD,18,Month-to-month,Fiber optic,93.9,1743.9,0,0.4635419171685748,Medium
4706-DGAHW,1,Month-to-month,DSL,45.2,45.2,0,0.4635093149678749,Medium
8080-DDEMJ,1,Month-to-month,DSL,45.1,45.1,1,0.4634747214783425,Medium
7774-OJSXI,31,One year,Fiber optic,103.45,3066.45,1,0.463445732883626,Medium
7658-UYUQS,21,Month-to-month,Fiber optic,86.55,1857.25,0,0.46322049938039483,Medium
6583-QGCSI,50,Month-to-month,Fiber optic,88.05,4367.35,1,0.4631836812401782,Medium
8720-RQSBJ,1,Month-to-month,DSL,44.0,44.0,0,0.4630942163684843,Medium
2675-OTVVJ,31,Month-to-month,Fiber optic,89.45,2807.65,0,0.4627707382084806,Medium
2979-SXESE,17,Month-to-month,Fiber optic,94.4,1607.2,1,0.46261480606454775,Medium
7517-SAWMO,19,Month-to-month,Fiber optic,73.2,1441.1,1,0.46252433768941237,Medium
2189-WWOEW,15,Month-to-month,Fiber optic,85.9,1269.55,1,0.4624867424505791,Medium
4879-GZLFH,42,Month-to-month,Fiber optic,92.15,3875.4,0,0.4624286896387224,Medium
0277-BKSQP,8,Month-to-month,DSL,54.4,475.1,0,0.46228511835599045,Medium
7729-JTEEC,2,Month-to-month,DSL,44.5,90.05,0,0.46228277600437323,Medium
2523-EWWZL,27,Month-to-month,Fiber optic,76.1,2093.4,0,0.46217698166217447,Medium
6078-VESFR,13,Month-to-month,Fiber optic,70.45,849.1,0,0.46205483314395607,Medium
5129-JLPIS,25,Month-to-month,Fiber optic,105.5,2686.05,0,0.46203567022889364,Medium
7011-CVEUC,25,Month-to-month,Fiber optic,95.7,2338.35,0,0.4620002237530709,Medium
7296-PIXQY,14,Month-to-month,Fiber optic,70.2,1046.5,0,0.4615614089258966,Medium
9800-ONTFE,22,Month-to-month,Fiber optic,75.8,1615.1,0,0.46142772853913844,Medium
5294-DMSFH,29,Month-to-month,Fiber optic,87.8,2621.75,0,0.4614059553956572,Medium
6729-GDNGC,20,Month-to-month,Fiber optic,80.7,1614.2,0,0.461162013968488,Medium
1251-KRREG,2,Month-to-month,DSL,54.4,114.1,1,0.46114343013319303,Medium
3071-VBYPO,3,Month-to-month,Fiber optic,89.85,248.4,0,0.46105141038619335,Medium
7460-ITWWP,45,Month-to-month,Fiber optic,86.1,3861.45,0,0.46068323908617953,Medium
2874-YXVVA,34,Month-to-month,Fiber optic,105.1,3634.8,0,0.460625897025481,Medium
2606-RMDHZ,6,Month-to-month,DSL,30.5,208.7,1,0.4606159474008409,Medium
7752-XUSCI,60,Month-to-month,Fiber optic,105.9,6396.45,1,0.460413711008383,Medium
9206-GVPEQ,13,Month-to-month,DSL,54.45,706.85,1,0.46029425652318606,Medium
3737-XBQDD,24,Month-to-month,Fiber optic,84.85,2048.8,0,0.46008584268144737,Medium
7126-RBHSD,17,Month-to-month,Fiber optic,78.9,1348.95,0,0.459858637295659,Medium
7813-ZGGAW,31,Month-to-month,Fiber optic,96.6,2877.95,0,0.4596427899105135,Medium
0133-BMFZO,2,Month-to-month,Fiber optic,86.25,181.65,1,0.4589613983329704,Medium
0111-KLBQG,32,Month-to-month,Fiber optic,93.95,2861.45,0,0.458756036391772,Medium
9398-MMQTO,3,Month-to-month,Fiber optic,74.45,221.1,0,0.4587351568779076,Medium
3540-RZJYU,15,Month-to-month,Fiber optic,86.2,1270.2,1,0.45867541993038885,Medium
3791-LGQCY,56,Month-to-month,Fiber optic,100.65,5688.05,1,0.4585443180440409,Medium
9090-SGQXL,68,Month-to-month,Fiber optic,105.3,7299.65,1,0.45850570005628105,Medium
1565-RHDJD,4,Month-to-month,Fiber optic,84.05,333.55,1,0.45831769110003495,Medium
6693-FRIRW,18,Month-to-month,Fiber optic,101.3,1794.65,0,0.45821270588950785,Medium
1230-QAJDW,3,Month-to-month,DSL,65.25,209.9,0,0.45805184462723036,Medium
5331-RGMTT,54,Month-to-month,Fiber optic,99.05,5295.7,0,0.457854427040481,Medium
5828-AVIPD,19,One year,Fiber optic,100.95,1875.55,1,0.4577850436051775,Medium
4184-TJFAN,3,Month-to-month,Fiber optic,88.3,273.75,1,0.4577027893377013,Medium
0224-HJAPT,5,Month-to-month,DSL,47.15,223.15,1,0.45766384445782954,Medium
4619-EVPHY,20,One year,Fiber optic,91.0,1859.5,0,0.45755675135844187,Medium
3768-NLUBH,57,Month-to-month,Fiber optic,100.6,5746.15,1,0.4571024809131344,Medium
2141-RRYGO,4,Month-to-month,DSL,68.65,261.25,1,0.457101757341564,Medium
9710-ZUSHQ,37,Month-to-month,Fiber optic,106.75,4056.75,1,0.456971601966732,Medium
5389-FFVKB,32,Month-to-month,Fiber optic,80.3,2483.05,1,0.45695433105828853,Medium
3995-WFCSM,2,Month-to-month,DSL,60.85,111.4,0,0.4569041228826757,Medium
7739-LAXOG,32,Month-to-month,Fiber optic,91.05,2954.5,1,0.4567236639378727,Medium
2178-PMGCJ,22,Month-to-month,Fiber optic,69.7,1490.4,0,0.45640518927591883,Medium
2931-FSOHN,13,Month-to-month,DSL,59.9,788.35,0,0.45636542119449114,Medium
7421-ZLUPA,8,Month-to-month,DSL,29.25,226.95,0,0.456306513700499,Medium
5609-IMCGG,15,Month-to-month,Fiber optic,84.35,1302.65,0,0.4555222733344477,Medium
7410-OIEDU,10,Month-to-month,Fiber optic,79.85,887.35,0,0.4554621783021135,Medium
8064-RAVOH,1,Month-to-month,DSL,49.85,49.85,0,0.4553682311747287,Medium
9793-WECQC,23,Month-to-month,Fiber optic,95.3,2192.9,0,0.45529015112910165,Medium
0430-IHCDJ,15,Month-to-month,DSL,49.0,749.25,0,0.4550898591256723,Medium
8313-KTIHG,4,Month-to-month,DSL,61.3,249.4,0,0.4547768739847966,Medium
6907-FLBER,1,Month-to-month,DSL,54.3,54.3,0,0.4542405397193519,Medium
1101-SSWAG,15,Month-to-month,DSL,51.1,711.15,0,0.45398975536708985,Medium
7129-CAKJW,17,Month-to-month,Fiber optic,80.05,1345.65,0,0.4536560882591314,Medium
1013-QCWAM,66,Month-to-month,Fiber optic,100.8,6690.75,0,0.45334335126802494,Medium
9281-OFDMF,39,Month-to-month,Fiber optic,90.7,3413.25,0,0.45305122502637085,Medium
2378-VTKDH,65,Month-to-month,Fiber optic,104.35,6578.55,0,0.452859627333889,Medium
3714-NTNFO,49,Month-to-month,Fiber optic,84.5,3906.7,0,0.45261988822788707,Medium
1260-TTRXI,4,Month-to-month,DSL,54.3,195.3,1,0.45257019036132984,Medium
0564-MUUQK,20,Month-to-month,Fiber optic,95.5,1916.2,0,0.4524372242069083,Medium
8785-CJSHH,60,Month-to-month,Fiber optic,99.8,5985.75,0,0.45240870039350717,Medium
4911-BANWH,31,Month-to-month,Fiber optic,86.55,2697.4,1,0.45216665036937864,Medium
0096-BXERS,6,Month-to-month,DSL,50.35,314.55,0,0.45187367128587286,Medium
4446-BZKHU,61,Month-to-month,Fiber optic,105.55,6281.45,1,0.4516696213333457,Medium
9058-CBREO,1,Month-to-month,DSL,50.55,50.55,1,0.45162674168055944,Medium
1228-ZLNBX,21,Month-to-month,Fiber optic,75.3,1570.7,0,0.4513484219422494,Medium
8167-GJLRN,3,Month-to-month,DSL,30.4,82.15,0,0.4513395024376342,Medium
7852-LECYP,13,Month-to-month,Fiber optic,93.8,1261.0,0,0.45114237141630403,Medium
9278-VZKCD,52,Month-to-month,Fiber optic,109.1,5647.95,0,0.45080670810167334,Medium
2722-JMONI,1,Month-to-month,DSL,49.55,49.55,1,0.45046575279551565,Medium
1173-NOEYG,27,Month-to-month,Fiber optic,90.15,2423.4,0,0.4503649123379674,Medium
3987-KQDDU,9,Month-to-month,Fiber optic,75.6,661.55,0,0.450126498180217,Medium
2476-YGEFM,29,Month-to-month,Fiber optic,76.0,2215.25,0,0.45007299426048136,Medium
1550-EENBN,31,Month-to-month,Fiber optic,104.35,3205.6,0,0.44928711041374014,Medium
6537-QLGEX,16,Month-to-month,DSL,38.9,664.4,0,0.4491189620416081,Medium
4662-EKDPQ,2,Month-to-month,DSL,62.05,118.3,1,0.44882711290499483,Medium
6961-VCPMC,46,Month-to-month,Fiber optic,80.4,3605.2,1,0.4486852074470326,Medium
3374-LXDEV,13,Month-to-month,Fiber optic,89.4,1132.35,1,0.44760803983818714,Medium
3798-EPWRR,2,Month-to-month,DSL,43.95,85.1,0,0.44730754061279776,Medium
3348-CFRNX,28,Month-to-month,Fiber optic,92.35,2602.9,1,0.4472194104747866,Medium
9168-INPSZ,44,Month-to-month,Fiber optic,104.15,4495.65,0,0.4471526960109677,Medium
6741-EGCBI,30,Month-to-month,Fiber optic,90.5,2595.85,0,0.4469762174914321,Medium
7404-JLKQG,3,Month-to-month,DSL,57.55,161.45,0,0.4461527913214208,Medium
5590-YRFJT,20,Month-to-month,DSL,24.45,482.8,1,0.4461302637467375,Medium
2311-QYMUQ,16,Month-to-month,Fiber optic,89.45,1430.25,1,0.4461149201101095,Medium
8058-DMYRU,54,Month-to-month,Fiber optic,90.05,4931.8,0,0.4459117085491687,Medium
8614-VGMMV,15,Month-to-month,DSL,49.1,679.55,1,0.44551153783600517,Medium
3524-WQDSG,43,Month-to-month,Fiber optic,99.3,4209.95,0,0.44492473244879477,Medium
1343-EHPYB,63,Month-to-month,Fiber optic,103.4,6603.0,1,0.4449058117068858,Medium
4237-RLAQD,1,Month-to-month,DSL,45.85,45.85,1,0.4448045648465376,Medium
5133-POWUA,1,Month-to-month,DSL,45.8,45.8,0,0.44478738736917894,Medium
0887-HJGAR,1,Month-to-month,DSL,45.7,45.7,1,0.44475303281031775,Medium
9117-SHLZX,1,Month-to-month,DSL,45.7,45.7,1,0.44475303281031775,Medium
3566-HJGPK,1,Month-to-month,DSL,45.55,45.55,0,0.44470150196226615,Medium
5696-QURRL,1,Month-to-month,DSL,45.05,45.05,1,0.44452974106385196,Medium
8950-MTZNV,1,Month-to-month,DSL,44.95,44.95,0,0.4444953904733564,Medium
8710-YGLWG,1,Month-to-month,DSL,44.9,44.9,0,0.44447821537701726,Medium
2277-DJJDL,60,Month-to-month,Fiber optic,99.0,6017.9,0,0.44427950748813316,Medium
0082-LDZUE,1,Month-to-month,DSL,44.3,44.3,0,0.44427212457979404,Medium
7663-RGWBC,1,Month-to-month,DSL,44.15,44.15,1,0.4442206048734178,Medium
6180-YBIQI,5,Month-to-month,DSL,24.3,100.2,0,0.4441358155975241,Medium
0666-UXTJO,34,Month-to-month,Fiber optic,85.2,2874.45,0,0.44361330152520273,Medium
4315-MURBD,12,Month-to-month,Fiber optic,98.9,1120.95,1,0.4433767325475543,Medium
8782-LKFPK,44,Month-to-month,Fiber optic,90.4,4063.0,0,0.4431325119525575,Medium
0708-LGSMF,13,Month-to-month,DSL,65.85,902.25,0,0.4431076509723391,Medium
5896-NPFWW,3,Month-to-month,DSL,50.15,168.15,1,0.4428467506139437,Medium
7129-ACFOG,5,Month-to-month,DSL,53.8,283.95,0,0.442777382648446,Medium
7599-FKVXZ,42,Month-to-month,Fiber optic,106.15,4512.7,1,0.44233698041237485,Medium
3137-LUPIX,4,Month-to-month,DSL,64.4,253.0,0,0.4421916253468629,Medium
2347-WKKAE,42,Month-to-month,Fiber optic,94.4,4014.6,0,0.4418600847593171,Medium
9927-DSWDF,22,Month-to-month,Fiber optic,104.6,2180.55,0,0.44168550396503387,Medium
6394-MFYNG,48,Month-to-month,Fiber optic,107.4,5121.3,1,0.4413432645860111,Medium
8676-OOQEJ,4,Month-to-month,DSL,30.5,118.4,0,0.4406894978920387,Medium
2811-POVEX,23,Month-to-month,Fiber optic,88.45,2130.55,0,0.44066154184504264,Medium
2227-JRSJX,21,Month-to-month,Fiber optic,99.15,1956.4,0,0.4405790131254953,Medium
8982-NHAVY,27,One year,Fiber optic,100.5,2673.45,0,0.4405198600563976,Medium
5515-AKOAJ,54,Month-to-month,Fiber optic,100.1,5440.9,1,0.4404597522649665,Medium
9842-EFSYY,4,Month-to-month,DSL,57.2,223.75,0,0.44032852610911427,Medium
8802-UNOJF,12,Month-to-month,Fiber optic,83.8,1029.75,1,0.439740318410303,Medium
3481-JHUZH,41,Month-to-month,Fiber optic,80.25,3439.0,0,0.43960840476867835,Medium
0067-DKWBL,2,Month-to-month,DSL,49.25,91.1,1,0.4393951121909033,Medium
5692-FPTAH,1,Month-to-month,DSL,45.4,45.4,1,0.43932616745212555,Medium
2275-RBYQS,1,Month-to-month,DSL,45.4,45.4,0,0.43932616745212555,Medium
7065-YUNRY,1,Month-to-month,DSL,45.3,45.3,1,0.4392919009623107,Medium
6595-COKXZ,1,Month-to-month,DSL,44.45,44.45,1,0.439000659199379,Medium
5404-GGUKR,5,Month-to-month,DSL,51.35,262.3,0,0.4389555626899517,Medium
9214-EKVXR,1,Month-to-month,DSL,44.0,44.0,0,0.43884648937963333,Medium
2085-BOJKI,17,One year,Fiber optic,96.65,1588.25,0,0.43877221991983567,Medium
3331-HQDTW,34,Month-to-month,Fiber optic,109.8,3587.25,1,0.43868948752001713,Medium
9626-WEQRM,4,Month-to-month,DSL,29.15,110.05,0,0.4385586634355707,Medium
5461-QKNTN,43,Month-to-month,Fiber optic,94.3,3953.15,0,0.4383588014441694,Medium
9526-JAWYF,26,Month-to-month,Fiber optic,89.8,2335.3,1,0.43751591506721615,Medium
6022-UGGSO,32,Month-to-month,Fiber optic,74.4,2276.95,1,0.43739246706070845,Medium
7675-OZCZG,3,Month-to-month,DSL,45.0,127.1,1,0.4372939564249762,Medium
3161-GETRM,34,Month-to-month,Fiber optic,90.05,3097.0,0,0.43729155282761134,Medium
0324-BRPCJ,68,Month-to-month,Fiber optic,100.2,6851.65,1,0.4372210186687513,Medium
0867-MKZVY,20,Month-to-month,Fiber optic,82.4,1592.35,1,0.4370146282706378,Medium
9763-PDTKK,4,Month-to-month,Fiber optic,94.4,387.2,1,0.4365514395260554,Medium
1855-AGAWH,31,One year,Fiber optic,93.8,2939.8,0,0.43631545360619844,Medium
1436-ZMJAN,10,Month-to-month,DSL,67.8,653.15,0,0.4358427899014256,Medium
0177-PXBAT,33,Month-to-month,Fiber optic,109.9,3694.7,0,0.43562207056787483,Medium
5351-QESIO,1,Month-to-month,DSL,24.2,24.2,0,0.4354658620915241,Medium
9574-RKJIF,30,Month-to-month,Fiber optic,94.4,2838.7,1,0.43540266513258696,Medium
4570-QHXHL,9,Month-to-month,DSL,43.75,405.7,0,0.4353656908287184,Medium
7233-DRTRF,63,Month-to-month,Fiber optic,102.4,6444.05,0,0.43494557190306704,Medium
4671-LXRDQ,2,Month-to-month,DSL,45.0,96.45,1,0.4347910648860557,Medium
6988-CJEYV,49,Month-to-month,Fiber optic,98.7,4920.55,0,0.4345430434271374,Medium
5651-YLPRD,32,Month-to-month,Fiber optic,86.1,2723.75,0,0.43446375651034097,Medium
3627-FHKBK,1,Month-to-month,Fiber optic,75.3,75.3,1,0.43444906668446476,Medium
5356-CSVSQ,3,Month-to-month,DSL,64.6,174.2,0,0.434273644855865,Medium
5536-RTPWK,49,Month-to-month,Fiber optic,99.05,4853.75,1,0.4339467593538656,Medium
4201-JMNGR,1,Month-to-month,DSL,55.8,55.8,1,0.43381449488294976,Medium
7982-VCELR,36,Month-to-month,Fiber optic,94.8,3565.65,0,0.4337011566045742,Medium
9699-UBQFS,43,Month-to-month,Fiber optic,94.5,4156.8,0,0.43354435592888135,Medium
1660-HSOOQ,1,Month-to-month,DSL,49.65,49.65,1,0.4332884037398224,Medium
3234-VKACU,2,Month-to-month,DSL,70.3,132.4,0,0.43327629252745475,Medium
4116-TZAQJ,9,Month-to-month,Fiber optic,74.25,639.65,1,0.4331257044903471,Medium
4905-JEFDW,11,One year,DSL,41.6,470.6,1,0.43169889921036625,Medium
4811-JBUVU,30,Month-to-month,Fiber optic,89.9,2723.15,0,0.4316718838285227,Medium
2432-TFSMK,18,One year,Fiber optic,89.6,1633.0,0,0.4315810337841115,Medium
6217-TOWGS,17,Month-to-month,DSL,75.4,1322.55,0,0.43150389704879094,Medium
6862-CQUMB,37,Month-to-month,Fiber optic,96.1,3646.8,0,0.4314800124772018,Medium
2640-PMGFL,27,Month-to-month,Fiber optic,79.5,2180.55,1,0.43137436693056114,Medium
0623-IIHUG,21,Month-to-month,DSL,41.9,840.1,1,0.431238066546739,Medium
9667-EQRXU,30,Month-to-month,DSL,40.3,1172.95,1,0.4310523395685754,Medium
3058-WQDRE,13,Month-to-month,DSL,25.15,331.85,0,0.4304774908871308,Medium
9474-PHLYD,15,Month-to-month,DSL,59.45,892.65,1,0.4303604232313086,Medium
2538-OIMXF,1,Month-to-month,DSL,24.7,24.7,0,0.4303373547295183,Medium
5365-LLFYV,2,Month-to-month,DSL,45.85,105.6,0,0.43028653951784285,Medium
3969-GYXEL,11,Month-to-month,Fiber optic,76.4,838.7,0,0.43010933269127455,Medium
9389-ACWBI,5,Month-to-month,Fiber optic,69.95,320.4,0,0.4295066542535916,Medium
7077-XJMET,12,Month-to-month,DSL,74.15,741.4,0,0.42947788607243564,Medium
0397-GZBBC,59,Month-to-month,Fiber optic,93.85,5574.75,1,0.4292574470897121,Medium
4948-WBBKL,36,Month-to-month,Fiber optic,74.9,2659.45,0,0.4290545015156627,Medium
0637-UBJRP,13,Month-to-month,Fiber optic,84.05,1095.3,1,0.42887846747362085,Medium
7359-PTSXY,1,Month-to-month,DSL,45.75,45.75,1,0.4287581526115031,Medium
1963-SVUCV,1,Month-to-month,DSL,45.3,45.3,1,0.42860483167520824,Medium
5552-ZNFSJ,1,Month-to-month,DSL,45.3,45.3,1,0.42860483167520824,Medium
7636-OWBPG,12,Month-to-month,DSL,29.35,381.2,0,0.42845694620517083,Medium
9369-XFEHK,33,Month-to-month,Fiber optic,80.6,2656.5,1,0.42844839991956346,Medium
8280-MQRQN,1,Month-to-month,DSL,50.45,50.45,1,0.4282682771470922,Medium
3278-FSIXX,2,Month-to-month,DSL,45.25,74.2,0,0.42821721536592444,Medium
0621-TWIEM,10,Month-to-month,DSL,45.55,402.6,1,0.42817769046510795,Medium
1942-OQFRW,1,Month-to-month,DSL,44.0,44.0,0,0.4281619816087885,Medium
0320-JDNQG,23,Month-to-month,Fiber optic,99.85,2331.3,1,0.42782689191778095,Medium
5498-TXHLF,34,Month-to-month,Fiber optic,87.45,2874.15,1,0.42770519803385587,Medium
5649-RXQTV,51,Month-to-month,Fiber optic,99.0,5038.15,0,0.42763516451868044,Medium
0280-XJGEX,49,Month-to-month,Fiber optic,103.7,5036.3,1,0.4276262210341025,Medium
8818-XYFCQ,32,Month-to-month,Fiber optic,99.55,3204.65,1,0.4274760013078382,Medium
2683-BPJSO,29,Month-to-month,Fiber optic,84.45,2467.1,1,0.42739997864973345,Medium
3716-UVSPD,1,Month-to-month,DSL,49.3,49.3,0,0.42687212891654025,Medium
6075-SLNIL,38,Month-to-month,Fiber optic,95.1,3691.2,0,0.4264461538732359,Medium
4818-DRBQT,29,Month-to-month,Fiber optic,80.15,2265.25,1,0.4263992349663015,Medium
9643-YBLUR,9,Month-to-month,DSL,69.05,653.95,0,0.4261015861007896,Medium
1866-OBPNR,1,Month-to-month,Fiber optic,74.6,74.6,0,0.4260573198931374,Medium
3926-CUQZX,1,Month-to-month,DSL,45.1,45.1,1,0.42597185302296225,Medium
2988-PLAHS,3,One year,DSL,69.95,220.45,0,0.4259131433929231,Medium
1216-JWVUX,25,Month-to-month,Fiber optic,75.5,1901.05,0,0.42583447993428336,Medium
3961-SXAXY,1,Month-to-month,DSL,44.05,44.05,0,0.4256147181336562,Medium
6650-VJONK,1,Month-to-month,DSL,43.85,43.85,0,0.425546701227872,Medium
2573-GYRUU,48,Month-to-month,Fiber optic,91.05,4370.75,0,0.42549719652480755,Medium
9714-EDSUC,4,Month-to-month,Fiber optic,94.9,360.55,0,0.425329265344186,Medium
4220-TINQT,61,Month-to-month,Fiber optic,106.35,6751.35,0,0.42521132748623747,Medium
2637-FKFSY,3,Month-to-month,DSL,46.1,130.15,0,0.42498457590644884,Medium
7682-AZNDK,34,Month-to-month,Fiber optic,89.85,3091.75,0,0.4247648672233903,Medium
5419-JKZNQ,30,Month-to-month,Fiber optic,77.9,2351.45,0,0.4247581852603281,Medium
9522-BNTHX,34,Month-to-month,DSL,56.25,1765.95,0,0.4245772324849042,Medium
0207-MDKNV,15,Month-to-month,Fiber optic,105.1,1582.75,1,0.42449490595942935,Medium
7159-FVYPK,3,Month-to-month,DSL,69.15,235.0,0,0.4244264296741604,Medium
6135-OZQVA,7,Month-to-month,DSL,53.65,404.35,0,0.4244165423412688,Medium
4430-UZIPO,3,Month-to-month,DSL,36.85,108.7,1,0.4242905076472308,Medium
9722-UJOJR,29,Month-to-month,Fiber optic,70.75,1974.8,1,0.4241345276632072,Medium
2884-GBPFB,35,Month-to-month,Fiber optic,70.3,2416.55,1,0.4238928405161676,Medium
4607-CHPCA,25,One year,Fiber optic,90.4,2178.6,1,0.4235959297545344,Medium
7825-GKXMW,1,Month-to-month,DSL,45.8,45.8,1,0.4234965112765813,Medium
9505-SQFSW,3,Month-to-month,DSL,40.3,92.5,0,0.42345517062488364,Medium
1612-EOHDH,1,Month-to-month,DSL,45.15,45.15,1,0.42327575605400286,Medium
7000-WCEVQ,20,Month-to-month,DSL,61.6,1174.35,1,0.42325790113713246,Medium
5716-LIBJC,13,One year,Fiber optic,104.15,1299.1,0,0.423231948588494,Medium
6946-LMSQS,25,One year,Fiber optic,89.05,2177.45,1,0.42311378403729905,Medium
1478-VPOAD,1,Month-to-month,DSL,43.8,43.8,0,0.4228173624018414,Medium
4678-DVQEO,1,Month-to-month,DSL,52.2,52.2,1,0.42258368852237516,Medium
6317-YPKDH,1,Month-to-month,DSL,29.95,29.95,1,0.42245456229200745,Medium
2103-ZRXFN,1,Month-to-month,DSL,50.75,50.75,0,0.4222123647615167,Medium
6080-TCMYC,40,Month-to-month,Fiber optic,81.2,3292.3,0,0.4221794620742472,Medium
9286-DOJGF,38,Month-to-month,Fiber optic,74.95,2869.85,1,0.4221758092909321,Medium
9637-EIHEQ,1,Month-to-month,DSL,50.8,50.8,1,0.4221085282474553,Medium
1469-LBJQJ,66,Month-to-month,Fiber optic,105.2,6936.85,0,0.42193671290245655,Medium
1536-HBSWP,1,Month-to-month,DSL,49.9,49.9,0,0.42180314413531506,Medium
1406-PUQVY,1,Month-to-month,DSL,49.9,49.9,0,0.4216883721819861,Medium
1310-QRITU,18,Month-to-month,DSL,50.3,913.3,0,0.42159866033661614,Medium
0064-YIJGF,27,Month-to-month,Fiber optic,75.75,1929.0,0,0.42155864692613115,Medium
0641-EVBOJ,3,Month-to-month,Fiber optic,82.3,214.4,0,0.4214682692638132,Medium
4465-VDKIQ,18,Month-to-month,Fiber optic,77.8,1358.6,0,0.42138023814492914,Medium
0468-YRPXN,29,Month-to-month,Fiber optic,98.8,2807.1,0,0.421206719257716,Medium
3780-YVMFA,8,Month-to-month,DSL,68.55,564.35,0,0.42068174595599794,Medium
4847-QNOKA,1,Month-to-month,DSL,44.9,44.9,1,0.4206344626334794,Medium
4566-QVRRW,11,Month-to-month,DSL,44.05,483.7,1,0.4205381886862382,Medium
2277-VWCNI,4,Month-to-month,DSL,48.75,179.85,0,0.4204962308597135,Medium
4550-VBOFE,70,Month-to-month,Fiber optic,102.95,7101.5,1,0.42009770916374645,Medium
8496-EJAUI,19,Month-to-month,Fiber optic,73.85,1424.5,1,0.41962985697830046,Medium
0975-VOOVL,3,Month-to-month,DSL,29.2,98.5,0,0.4193602793288166,Medium
4459-BBGHE,30,Month-to-month,DSL,44.5,1307.8,0,0.4192532990134477,Medium
4680-KUTAJ,11,Month-to-month,DSL,55.6,580.8,0,0.41919519392992116,Medium
4840-ORQXB,56,Month-to-month,Fiber optic,104.75,5841.35,0,0.4191485445870014,Medium
1597-FZREH,2,Month-to-month,DSL,76.4,160.8,1,0.418694881400369,Medium
8108-UXRQN,11,Month-to-month,DSL,50.55,565.35,0,0.41868335433233217,Medium
0322-CHQRU,2,Month-to-month,DSL,45.35,89.5,1,0.41854665117277173,Medium
6416-YJTTB,11,Month-to-month,Fiber optic,79.5,795.65,0,0.41837660764127743,Medium
0577-WHMEV,16,Month-to-month,Fiber optic,90.7,1374.9,0,0.41828183992815726,Medium
2951-QOQTK,4,Month-to-month,Fiber optic,80.8,332.45,1,0.41815657454373595,Medium
8158-WPEZG,11,Month-to-month,DSL,35.65,425.1,0,0.4178479922435631,Medium
2372-HWUHI,2,Month-to-month,DSL,44.35,81.25,1,0.41777225065030926,Medium
3130-ICDUP,2,Month-to-month,Fiber optic,80.55,188.1,0,0.4177327655312272,Medium
2037-XJFUP,33,One year,Fiber optic,95.8,3036.75,1,0.4172102823048842,Medium
9889-TMAHG,8,Month-to-month,Fiber optic,100.3,832.35,1,0.4171162401777994,Medium
4993-JCRGJ,26,Month-to-month,Fiber optic,84.3,2281.6,0,0.4170688099312668,Medium
1261-FWTTE,23,Month-to-month,DSL,34.65,768.45,0,0.4170180024805534,Medium
4931-TRZWN,13,Month-to-month,DSL,71.95,923.85,0,0.41682104521353913,Medium
0829-XXPLX,20,Month-to-month,Fiber optic,89.4,1871.15,0,0.416558850657969,Medium
7504-UWHNB,25,Month-to-month,Fiber optic,69.75,1729.35,0,0.41645568176129355,Medium
8019-ENHXU,42,Month-to-month,Fiber optic,99.45,4138.05,1,0.41635854260504657,Medium
5968-VXZLG,2,Month-to-month,DSL,46.6,87.9,0,0.416249451620185,Medium
3197-ARFOY,19,Month-to-month,Fiber optic,105.0,2007.25,0,0.41614523403289067,Medium
0578-SKVMF,22,Month-to-month,Fiber optic,83.3,1845.9,1,0.41545208745334616,Medium
3688-FTHLT,16,Month-to-month,DSL,63.05,1067.05,0,0.4151775788696868,Medium
7798-JVXYM,14,Month-to-month,DSL,69.65,921.4,0,0.41515370270800295,Medium
5916-QEWPT,2,Month-to-month,DSL,69.0,147.8,0,0.4149805191599765,Medium
3237-AJGEH,3,Month-to-month,DSL,31.0,95.05,1,0.4136935416607445,Medium
6825-UYPFK,23,Month-to-month,Fiber optic,75.6,1758.6,1,0.4133917773062164,Medium
3452-ABWRL,47,Month-to-month,Fiber optic,86.05,3865.6,0,0.4132430160203999,Medium
8180-AKMJV,1,Month-to-month,DSL,44.55,44.55,0,0.41324120745893916,Medium
5312-UXESG,41,Month-to-month,Fiber optic,98.05,3990.6,0,0.4131627790072699,Medium
8384-FZBJK,57,Month-to-month,Fiber optic,100.6,5611.7,0,0.4131545036948506,Medium
5047-LHVLY,1,Month-to-month,DSL,50.15,50.15,1,0.4130690269799166,Medium
4537-DKTAL,2,Month-to-month,DSL,45.55,84.4,0,0.4130526681864535,Medium
7529-ZDFXI,57,Month-to-month,Fiber optic,89.85,4925.35,0,0.4130441046286429,Medium
3703-VAVCL,2,Month-to-month,Fiber optic,90.0,190.05,1,0.41276216232495044,Medium
3500-RMZLT,15,Month-to-month,Fiber optic,96.3,1426.75,1,0.41265536358802185,Medium
1728-BQDMA,2,Month-to-month,DSL,44.45,82.7,0,0.41264577918769696,Medium
9777-WJJPR,31,Month-to-month,Fiber optic,88.65,2683.2,0,0.4125127008143865,Medium
9026-RNUJS,5,Month-to-month,DSL,50.35,237.25,1,0.4125033965575381,Medium
5813-UECBU,33,Month-to-month,Fiber optic,83.85,2716.3,1,0.4123550335267182,Medium
7758-XKCBS,15,Month-to-month,DSL,29.7,438.25,1,0.41218998424913667,Medium
2108-XWMPY,3,Month-to-month,DSL,35.45,106.85,1,0.41197799202931784,Medium
9469-WEJBT,37,Month-to-month,Fiber optic,90.35,3419.3,0,0.411839577739896,Medium
3932-IJWDZ,45,Month-to-month,Fiber optic,103.65,4747.85,0,0.4116560964812825,Medium
2195-ZRVAX,47,Month-to-month,Fiber optic,85.3,4045.65,1,0.41124957925395894,Medium
2921-XWDJH,38,Month-to-month,Fiber optic,83.45,3147.15,0,0.41088189048954943,Medium
3891-PUQOD,1,Month-to-month,DSL,59.2,59.2,1,0.4108563750228528,Medium
1373-ORVIZ,11,Month-to-month,DSL,66.35,740.8,1,0.4105793480041808,Medium
8725-JEDFD,27,Month-to-month,Fiber optic,69.05,1793.25,0,0.41057027159259163,Medium
7481-ATQQS,49,Month-to-month,Fiber optic,90.85,4515.85,1,0.41034440418524754,Medium
8229-TNIQA,4,Month-to-month,DSL,45.3,196.95,1,0.4102117307064469,Medium
5175-AOBHI,4,Month-to-month,DSL,46.0,193.6,1,0.4102051783712437,Medium
1095-JUDTC,47,Month-to-month,Fiber optic,95.05,4504.55,1,0.4097122566298836,Medium
6710-HSJRD,61,Month-to-month,Fiber optic,114.1,7132.15,0,0.40955243619743625,Medium
7030-NJVDP,24,Month-to-month,Fiber optic,89.25,2210.2,0,0.4093774465427161,Medium
2014-MKGMH,46,One year,Fiber optic,101.1,4674.4,0,0.4092487446804646,Medium
1518-VOWAV,9,Month-to-month,DSL,74.65,703.55,1,0.4091589238387925,Medium
5302-BDJNT,35,Month-to-month,Fiber optic,95.5,3418.2,0,0.40873075191406955,Medium
7841-TZDMQ,2,Month-to-month,DSL,46.0,84.5,1,0.4086275923235359,Medium
4959-JOSRX,2,Month-to-month,DSL,44.6,80.55,1,0.40862721702014776,Medium
9708-HPXWZ,5,Month-to-month,DSL,45.4,214.75,0,0.4077310010546885,Medium
5886-VLQVU,35,Month-to-month,Fiber optic,89.85,3161.2,0,0.4076638936436717,Medium
5697-GOMBF,28,Month-to-month,DSL,35.9,973.65,0,0.4070232931464619,Medium
6635-CPNUN,28,Month-to-month,Fiber optic,96.6,2684.35,0,0.4069382041543905,Medium
6233-HXJMX,45,Month-to-month,Fiber optic,89.3,4192.15,0,0.40683487000787266,Medium
0380-NEAVX,34,One year,Fiber optic,99.85,3343.15,0,0.40667719505543826,Medium
9408-HRXRK,45,Month-to-month,Fiber optic,105.15,4730.9,0,0.40667178072995036,Medium
1685-BQULA,40,Month-to-month,Fiber optic,93.4,3756.4,0,0.4065988745523384,Medium
5712-AHQNN,43,Month-to-month,Fiber optic,91.65,3954.1,0,0.4065108952943334,Medium
4860-IJUDE,13,Month-to-month,Fiber optic,73.75,956.65,0,0.40649764393307775,Medium
2232-DMLXU,1,Month-to-month,DSL,55.2,55.2,1,0.4064218287960236,Medium
5515-RUGKN,8,Month-to-month,DSL,54.75,438.05,0,0.40639198101588314,Medium
9667-TKTVZ,2,Month-to-month,DSL,54.35,117.05,0,0.4062231228818444,Medium
4727-MCYZG,1,Month-to-month,DSL,55.55,55.55,0,0.40587728273503865,Medium
6745-JEFZB,35,Month-to-month,Fiber optic,91.5,3236.35,0,0.4054206280775253,Medium
9169-BSVIN,12,Month-to-month,DSL,74.75,827.05,0,0.40541367930056926,Medium
1785-BPHTP,28,Month-to-month,Fiber optic,85.45,2289.9,0,0.40523938713533786,Medium
7547-EKNFS,42,Month-to-month,Fiber optic,95.25,3959.35,1,0.4050715620503485,Medium
3082-VQXNH,3,Month-to-month,DSL,29.8,94.4,0,0.404805566046764,Medium
6029-CSMJE,17,Month-to-month,DSL,25.65,440.2,0,0.4047560931662381,Medium
5392-AKEMH,12,Month-to-month,DSL,45.05,523.1,0,0.4046750788665482,Medium
1853-ARAAQ,26,Month-to-month,DSL,50.35,1277.5,0,0.4046256157163023,Medium
7377-DMMRI,2,Month-to-month,DSL,47.8,92.45,1,0.40458311906708444,Medium
0701-RFGFI,49,Month-to-month,Fiber optic,95.4,4613.95,0,0.40447982913083763,Medium
7277-OZCGZ,22,Month-to-month,Fiber optic,89.05,1886.25,0,0.40414557717709604,Medium
8096-LOIST,19,Month-to-month,DSL,56.2,1093.4,0,0.4034411001438109,Medium
0410-IPFTY,31,Month-to-month,Fiber optic,83.85,2674.15,0,0.4034220291007004,Medium
1910-FMXJM,36,Month-to-month,Fiber optic,80.4,2937.65,0,0.40335668926314944,Medium
0475-RIJEP,43,Month-to-month,Fiber optic,77.85,3365.85,1,0.4032138683558938,Medium
0003-MKNFE,9,Month-to-month,DSL,59.9,542.4,0,0.40306150405162766,Medium
3466-RITXD,26,Month-to-month,Fiber optic,92.4,2349.8,0,0.40297738543577827,Medium
0374-IOEGQ,3,Month-to-month,DSL,44.6,122.7,0,0.4024760433505776,Medium
5301-GAUUY,32,Month-to-month,Fiber optic,80.35,2596.15,1,0.40245504999953796,Medium
9470-XCCEM,35,Month-to-month,Fiber optic,89.65,3161.6,0,0.4023580698292635,Medium
1849-RJYIG,8,Month-to-month,DSL,60.0,487.75,0,0.40063575768570514,Medium
1329-VHWNP,7,Month-to-month,DSL,25.05,189.95,0,0.40062241448532826,Medium
1907-YLNYW,8,Month-to-month,DSL,66.7,579.0,0,0.4005362012391424,Medium
2070-FNEXE,7,Month-to-month,Fiber optic,76.45,503.6,1,0.40041494168628566,Medium
1845-ZLLIG,1,Month-to-month,DSL,50.15,50.15,0,0.4001923526301583,Medium
2105-PHWON,33,Month-to-month,Fiber optic,95.0,3008.15,0,0.4001670582779703,Medium
1767-TGTKO,8,Month-to-month,DSL,45.45,411.75,0,0.40005987476241656,Medium
8468-EHYJA,57,Month-to-month,Fiber optic,99.65,5497.05,0,0.3996665066439585,Medium
9269-CQOOL,3,Month-to-month,DSL,54.7,169.45,1,0.3990830779575257,Medium
0118-JPNOY,26,Month-to-month,Fiber optic,85.8,2193.65,0,0.39871724016258886,Medium
3569-EDBPQ,24,Month-to-month,Fiber optic,84.35,1938.05,0,0.398639657451601,Medium
0804-XBFBV,11,Month-to-month,DSL,25.2,321.05,0,0.39788902839535556,Medium
5673-TIYIB,2,Month-to-month,DSL,40.4,77.15,1,0.3978829013193332,Medium
7272-QDCKA,28,One year,Fiber optic,100.2,2688.45,0,0.39788223071248807,Medium
3845-JHAMY,16,Month-to-month,DSL,35.5,552.7,0,0.397486739180589,Medium
8069-YQQAJ,14,Month-to-month,DSL,31.1,419.7,0,0.39724759985110764,Medium
3415-TAILE,2,Month-to-month,DSL,65.7,134.35,1,0.39700377140768645,Medium
1481-ZUWZA,28,Month-to-month,Fiber optic,94.5,2659.4,1,0.39683211055318723,Medium
9381-NDKME,24,Month-to-month,DSL,40.65,933.3,1,0.39675655612274224,Medium
1816-FLZDK,1,Month-to-month,DSL,29.15,29.15,0,0.3966119704466788,Medium
4468-KAZHE,20,Month-to-month,DSL,60.0,1259.35,0,0.39620530764243583,Medium
4760-THGOT,43,Month-to-month,Fiber optic,94.1,4107.3,0,0.39610384215115346,Medium
3165-HDOEW,1,Month-to-month,DSL,45.85,45.85,1,0.39591243283949934,Medium
4690-LLKUA,17,Month-to-month,DSL,45.05,770.6,1,0.3958719722640222,Medium
9029-FEGVJ,32,Month-to-month,Fiber optic,79.3,2570.0,0,0.3951664153013099,Medium
2519-ERQOJ,33,Month-to-month,DSL,54.6,1803.7,0,0.3951409901761791,Medium
2960-NKRSO,24,Month-to-month,Fiber optic,85.95,2107.15,0,0.39486330178190693,Medium
9578-VRMNM,16,Month-to-month,DSL,65.2,1043.35,1,0.3946103296934622,Medium
7743-EXURX,8,Month-to-month,DSL,51.05,415.05,1,0.39449515022877446,Medium
4660-IRIBM,18,Month-to-month,Fiber optic,87.9,1500.5,0,0.3942323868158404,Medium
7064-FRRSW,48,One year,Fiber optic,99.0,4744.35,0,0.394029384300333,Medium
1025-FALIX,26,Month-to-month,Fiber optic,69.05,1815.65,0,0.39389137238989497,Medium
6646-JPPHA,14,Month-to-month,Fiber optic,78.85,1043.8,0,0.39366193612229483,Medium
9462-MJUAW,4,Month-to-month,DSL,50.4,206.6,1,0.39362158294871685,Medium
9530-EHPOH,11,Month-to-month,DSL,53.75,608.0,1,0.3936004959035721,Medium
5839-SUYVZ,16,Month-to-month,Fiber optic,74.55,1170.5,0,0.3934867640031404,Medium
0463-ZSDNT,10,Month-to-month,DSL,56.75,503.25,0,0.39295012226351284,Medium
2604-IJPDU,20,Month-to-month,Fiber optic,96.55,1901.65,0,0.392668127417811,Medium
8631-WUXGY,46,Month-to-month,Fiber optic,99.8,4391.25,0,0.39265516116706295,Medium
3976-BWUCK,30,Month-to-month,Fiber optic,94.1,2804.45,1,0.39261052540288194,Medium
6204-IEUXJ,3,Month-to-month,Fiber optic,80.1,217.55,1,0.39259195336938474,Medium
6927-WTFIV,20,Month-to-month,Fiber optic,71.3,1389.2,1,0.3924673533821278,Medium
6218-KNUBD,6,Month-to-month,DSL,59.45,357.6,0,0.3923519896226263,Medium
6711-VTNRE,36,Month-to-month,Fiber optic,87.55,3078.1,1,0.39234583301143694,Medium
6859-RKMZJ,11,Month-to-month,DSL,55.05,608.15,0,0.39202805186965783,Medium
6656-JWRQX,1,Month-to-month,DSL,30.55,30.55,0,0.3919219609928724,Medium
9445-SZLCH,36,Month-to-month,Fiber optic,97.35,3457.9,1,0.39187773624862776,Medium
5349-AZPEW,5,Month-to-month,DSL,25.05,125.5,0,0.3918100669530181,Medium
4801-JZAZL,11,Month-to-month,DSL,29.6,346.45,0,0.3917434560312324,Medium
4248-HCETZ,30,Month-to-month,Fiber optic,79.65,2365.15,1,0.39172621735209673,Medium
6168-YBYNP,59,Month-to-month,Fiber optic,111.35,6519.75,0,0.39171367503056814,Medium
4343-EJVQB,7,Month-to-month,Fiber optic,74.35,533.6,0,0.391020560565518,Medium
9992-UJOEL,2,Month-to-month,DSL,50.3,92.75,0,0.39027856767859415,Medium
0365-GXEZS,18,Month-to-month,Fiber optic,78.2,1468.75,0,0.39016259308062917,Medium
3787-TRIAL,21,Month-to-month,DSL,26.05,565.75,0,0.38945997159844165,Medium
8123-QBNAZ,36,Month-to-month,Fiber optic,104.5,3684.95,0,0.38932788604387925,Medium
7929-DMBCV,20,Month-to-month,Fiber optic,81.0,1683.7,0,0.3890875586645476,Medium
5419-KLXBN,25,Month-to-month,Fiber optic,89.15,2257.75,1,0.38891159787260576,Medium
9348-YVOMK,4,Month-to-month,DSL,44.8,176.2,0,0.3887173819015234,Medium
5649-VUKMC,12,One year,Fiber optic,95.5,1115.15,1,0.38866426447356206,Medium
9261-WDCAF,3,Month-to-month,DSL,54.65,189.1,0,0.3885492727614619,Medium
1323-OOEPC,53,Month-to-month,Fiber optic,98.4,5149.5,1,0.38849542748906274,Medium
2792-LSHWX,1,Month-to-month,Fiber optic,83.4,83.4,0,0.3883965960895283,Medium
3583-KRKMD,18,Month-to-month,Fiber optic,75.9,1373.05,0,0.38805243409859735,Medium
8806-EAGWC,3,Month-to-month,DSL,55.15,159.15,1,0.3869678759132135,Medium
4829-AUOAX,46,Month-to-month,Fiber optic,96.05,4399.5,1,0.38675365285255114,Medium
2712-SYWAY,1,Month-to-month,No,25.7,25.7,0,0.38673471160603173,Medium
6633-MPWBS,5,Month-to-month,DSL,49.2,216.9,1,0.3865048306719222,Medium
3208-YPIOE,39,Month-to-month,Fiber optic,75.25,3017.65,1,0.38634253308584304,Medium
2040-VZIKE,49,Month-to-month,Fiber optic,100.85,4847.35,0,0.38632286544572647,Medium
0310-MVLET,61,Month-to-month,Fiber optic,99.15,6010.05,1,0.386307117375736,Medium
5057-LCOUI,39,Month-to-month,DSL,50.75,2011.4,1,0.38626681351868114,Medium
1226-UDFZR,2,Month-to-month,DSL,49.6,114.7,1,0.3862498065426516,Medium
4636-JGAAI,34,Month-to-month,Fiber optic,88.85,3000.25,0,0.38624717826012833,Medium
3692-JHONH,52,One year,Fiber optic,106.5,5621.85,0,0.38623960589858886,Medium
1355-KUSBG,7,Month-to-month,DSL,48.8,349.8,0,0.3861925198342267,Medium
8535-SFUTN,61,Month-to-month,Fiber optic,106.45,6300.15,0,0.38605259844457956,Medium
8327-LZKAS,43,One year,Fiber optic,107.55,4533.9,1,0.38599793125020126,Medium
2208-UGTGR,56,Month-to-month,Fiber optic,98.6,5581.05,0,0.38569082969972407,Medium
0015-UOCOJ,7,Month-to-month,DSL,48.2,340.35,0,0.3856362573035324,Medium
9526-BIHHD,1,Month-to-month,DSL,29.7,29.7,1,0.38523470939697574,Medium
8887-IPQNC,7,Month-to-month,DSL,44.25,313.45,0,0.3851205803887169,Medium
2207-NHRJK,1,Month-to-month,DSL,50.8,50.8,1,0.38488733012925647,Medium
1442-BQPVU,13,Month-to-month,DSL,29.15,357.15,0,0.38481982587423513,Medium
9584-EXCDZ,17,Month-to-month,Fiber optic,70.5,1165.6,0,0.38468316489713356,Medium
0541-FITGH,2,Month-to-month,DSL,62.15,113.1,0,0.38460274826898294,Medium
2720-FVBQP,6,Month-to-month,DSL,48.95,273.25,0,0.38454005847015976,Medium
3761-FLYZI,65,Month-to-month,Fiber optic,108.8,7082.45,0,0.38441920555590336,Medium
9631-XEYKE,3,Month-to-month,DSL,50.4,137.25,0,0.383988657722289,Medium
3005-TYFRD,55,Month-to-month,Fiber optic,103.65,5676.65,0,0.38372647073423816,Medium
8450-UYIBU,35,Month-to-month,DSL,39.85,1434.6,0,0.38359963713297346,Medium
4522-AKYLR,13,Month-to-month,DSL,54.8,731.3,0,0.3834005876531678,Medium
7207-RMRDB,65,Month-to-month,Fiber optic,105.5,6985.65,1,0.38337423929300274,Medium
8988-ECPJR,34,Month-to-month,Fiber optic,79.6,2718.3,1,0.38327761196437665,Medium
6038-GCYEC,24,Month-to-month,DSL,54.15,1240.25,1,0.3832697504441214,Medium
3014-WJKSM,29,Month-to-month,Fiber optic,75.3,2263.4,0,0.3831944414811968,Medium
7401-RUBNK,18,Month-to-month,Fiber optic,74.8,1438.05,0,0.3831512199242622,Medium
9332-GYWLO,6,Month-to-month,DSL,54.85,355.1,0,0.3830120126060091,Medium
5977-CKHON,43,Month-to-month,Fiber optic,92.55,4039.0,0,0.38278207021565847,Medium
1728-CXQBE,64,Month-to-month,Fiber optic,94.25,6081.4,0,0.38273602194580697,Medium
9940-HPQPG,9,Month-to-month,Fiber optic,91.75,865.8,1,0.3825001782318568,Medium
3192-LNKRK,34,Month-to-month,Fiber optic,84.05,2909.95,0,0.3822485119100051,Medium
4193-ORFCL,1,Month-to-month,DSL,45.1,45.1,1,0.38175252709834095,Medium
4526-ZJJTM,25,Month-to-month,Fiber optic,88.4,2191.15,0,0.38173899998451893,Medium
2049-BAFNW,1,Month-to-month,DSL,35.9,35.9,0,0.38134436699498925,Medium
5213-TWWJU,28,Month-to-month,Fiber optic,91.0,2626.15,0,0.3809619017588885,Medium
6429-SHBCB,19,Month-to-month,DSL,69.6,1394.55,0,0.3807851541795278,Medium
4391-LNRXK,22,Month-to-month,Fiber optic,94.95,2142.8,0,0.3806526244845144,Medium
2452-KDRRH,67,Month-to-month,Fiber optic,101.4,6841.05,0,0.3806352676073169,Medium
7627-JKIAZ,37,Month-to-month,Fiber optic,78.95,2839.65,1,0.3803661873612501,Medium
6591-QGOYB,17,Month-to-month,Fiber optic,106.65,1672.1,0,0.3802024565571495,Medium
5999-LCXAO,1,Month-to-month,DSL,29.9,29.9,0,0.3802009097955388,Medium
2903-YYTBW,1,Month-to-month,DSL,44.55,44.55,0,0.3800278608863319,Medium
6304-IJFSQ,3,Month-to-month,DSL,49.9,130.1,1,0.38000056887939504,Medium
0727-BMPLR,55,One year,Fiber optic,100.0,5509.3,1,0.3798626558327981,Medium
2718-GAXQD,4,Month-to-month,DSL,46.0,181.6,1,0.3797623462273319,Medium
2219-MVUSO,8,Month-to-month,DSL,45.15,438.4,1,0.379725337348926,Medium
6689-KXGBO,1,Month-to-month,DSL,50.55,50.55,1,0.37970780746093435,Medium
0089-IIQKO,39,Month-to-month,Fiber optic,99.95,3767.4,0,0.37968154964115053,Medium
1471-GIQKQ,1,Month-to-month,DSL,49.95,49.95,0,0.37951123196103836,Medium
2359-KLTEK,41,Month-to-month,Fiber optic,94.9,3848.0,0,0.3794785126949374,Medium
4065-JJAVA,1,Month-to-month,DSL,49.5,49.5,0,0.3793638262783272,Medium
0407-BDJKB,60,Month-to-month,Fiber optic,95.75,5742.9,1,0.3793107341958498,Medium
5016-ETTFF,10,Month-to-month,DSL,29.5,255.25,1,0.3791727700310933,Medium
5027-XWQHA,6,Month-to-month,DSL,44.75,270.95,1,0.37911759409634255,Medium
7964-VEXDG,21,Month-to-month,Fiber optic,80.35,1747.2,0,0.3782176645071553,Medium
3144-AUDBS,6,Month-to-month,DSL,49.15,270.8,1,0.377924816942234,Medium
0531-ZZJWQ,55,Month-to-month,Fiber optic,74.0,4052.4,0,0.377924197310633,Medium
2506-CLAKW,6,Month-to-month,Fiber optic,98.15,567.45,1,0.3776232023090179,Medium
4208-UFFGW,2,Month-to-month,DSL,44.95,85.15,1,0.37684029458339224,Medium
4523-WXCEF,59,Month-to-month,Fiber optic,101.1,6039.9,1,0.3767982885091796,Medium
5816-SCGFC,7,Month-to-month,DSL,51.3,419.35,0,0.3762974720048602,Medium
4226-KKDON,8,Month-to-month,DSL,66.65,520.95,0,0.37617207460598623,Medium
1670-SVOWZ,14,Month-to-month,Fiber optic,89.65,1208.35,1,0.3759759683954493,Medium
5981-ZVXOT,35,One year,Fiber optic,108.35,3726.15,0,0.3758667453316813,Medium
5099-BAILX,43,Month-to-month,Fiber optic,110.75,4687.9,1,0.375709077153776,Medium
5424-RLQLC,10,Month-to-month,DSL,59.65,638.95,0,0.37489115746687934,Medium
9659-QEQSY,45,Month-to-month,Fiber optic,115.65,5125.5,0,0.37488311644290867,Medium
9210-IAHGH,7,Month-to-month,DSL,70.75,450.8,1,0.3746841444693113,Medium
3351-NGXYI,16,Month-to-month,DSL,54.1,889.0,0,0.3746044681359958,Medium
5522-JBWMO,1,Month-to-month,DSL,44.0,44.0,0,0.3741726106597601,Medium
3162-KKZXO,55,One year,Fiber optic,100.15,5409.75,0,0.37412474481435315,Medium
6128-AQBMT,41,Month-to-month,DSL,53.95,2215.4,0,0.37400801723970517,Medium
0106-GHRQR,16,Month-to-month,DSL,71.4,1212.1,0,0.3736417096807542,Medium
6771-XWBDM,57,Month-to-month,Fiber optic,104.5,5921.35,1,0.37363139172431076,Medium
6362-QHAFM,42,One year,Fiber optic,108.3,4586.15,0,0.3732979441774579,Medium
0730-KOAVE,30,Month-to-month,Fiber optic,94.3,2679.7,0,0.37326183085169373,Medium
0836-SEYLU,9,Month-to-month,DSL,40.65,328.95,1,0.37308081655087333,Medium
5055-MGMGF,65,Month-to-month,Fiber optic,105.05,6914.95,0,0.37291489964193125,Medium
5568-DMXZS,8,Month-to-month,DSL,65.45,554.45,0,0.3727335139361854,Medium
1635-FJFCC,5,Month-to-month,DSL,44.05,202.15,0,0.37263830491498506,Medium
6625-UTXEW,12,Month-to-month,DSL,51.25,612.1,0,0.3724470337659915,Medium
6142-VSJQO,1,Month-to-month,DSL,44.35,44.35,1,0.3724371632568532,Medium
7876-BEUTG,15,Month-to-month,DSL,48.8,720.1,0,0.3720778263519823,Medium
2360-RDGRO,65,Month-to-month,Fiber optic,104.25,6812.95,0,0.3718545715830636,Medium
8124-NZVGJ,6,One year,DSL,49.25,255.6,0,0.3710739010629882,Medium
4471-KXAUH,42,Month-to-month,Fiber optic,84.3,3588.4,1,0.3705275310352833,Medium
7975-TZMLR,47,One year,Fiber optic,103.1,4889.3,0,0.3702308754808545,Medium
1142-WACZW,2,Month-to-month,DSL,29.85,75.6,1,0.36933383118392477,Medium
3413-BMNZE,1,Month-to-month,DSL,45.25,45.25,0,0.3691422855209687,Medium
6133-OZILE,18,Month-to-month,DSL,35.2,607.3,0,0.36888219800655786,Medium
3733-LSYCE,15,Month-to-month,Fiber optic,75.35,1114.55,0,0.36883249051113487,Medium
6923-EFPNL,4,Month-to-month,DSL,51.75,201.1,1,0.36878523419240017,Medium
0422-UXFAP,51,One year,Fiber optic,98.85,4947.55,0,0.36845160719608966,Medium
8242-JSVBO,7,Month-to-month,DSL,44.65,322.5,0,0.36741365186660274,Medium
4223-WOZCM,2,Month-to-month,DSL,49.95,107.1,0,0.367284335267375,Medium
0533-BNWKF,55,Month-to-month,Fiber optic,85.45,4874.7,1,0.36710752360676113,Medium
0999-QXNSA,7,Month-to-month,DSL,45.75,344.2,0,0.36710150061413016,Medium
3658-KIBGF,1,Month-to-month,DSL,54.9,54.9,1,0.36680891632039936,Medium
0481-SUMCB,45,One year,Fiber optic,102.15,4735.35,0,0.36658077944667616,Medium
8544-GOQSH,14,Month-to-month,Fiber optic,80.05,1112.3,0,0.3665694786349554,Medium
5934-TSSAU,23,Month-to-month,Fiber optic,75.3,1702.9,0,0.36631562425984615,Medium
6789-HJBWG,12,Month-to-month,DSL,49.4,611.65,0,0.3662999589145694,Medium
3804-RVTGV,50,Month-to-month,Fiber optic,103.85,5017.9,1,0.3661111719319692,Medium
8329-UTMVM,27,One year,Fiber optic,104.65,2964.0,0,0.3658975008511703,Medium
5156-UMKOW,3,Month-to-month,DSL,29.65,90.05,0,0.3654059148645162,Medium
3426-NIYYL,15,Month-to-month,DSL,51.55,765.5,1,0.3652946484500874,Medium
2325-WINES,32,One year,Fiber optic,104.05,3416.85,0,0.36525430578014495,Medium
1047-NNCBF,20,Month-to-month,Fiber optic,70.55,1493.55,0,0.3650564197257717,Medium
2869-ADAWR,45,Month-to-month,Fiber optic,89.3,4016.85,1,0.36421132814059404,Medium
2894-QOJRX,25,Month-to-month,DSL,34.0,853.0,1,0.36402255737861283,Medium
8016-NCFVO,55,Month-to-month,Fiber optic,116.5,6382.55,0,0.36391393193195043,Medium
1548-FEHVL,61,Month-to-month,Fiber optic,106.2,6375.2,0,0.3639121266998396,Medium
1559-DTODC,19,Month-to-month,DSL,25.15,468.35,0,0.3637249793093303,Medium
6876-ADESB,1,Month-to-month,DSL,48.95,48.95,1,0.36365868497951914,Medium
0311-QYWSS,6,Month-to-month,DSL,49.45,314.6,0,0.36356803009116556,Medium
8654-DHAOW,2,Month-to-month,DSL,54.15,101.65,0,0.36355835486793636,Medium
4918-QLLIW,3,Month-to-month,DSL,53.4,188.7,1,0.3634832422590069,Medium
0943-ZQPXH,44,Month-to-month,Fiber optic,92.95,4122.9,0,0.363315724762453,Medium
1644-IRKSF,33,One year,Fiber optic,93.8,3124.5,1,0.36321726858896514,Medium
2027-WKXMW,63,Month-to-month,Fiber optic,108.75,6871.7,0,0.3630286562863663,Medium
3509-GWQGF,24,Month-to-month,Fiber optic,70.0,1732.6,0,0.36301939992867727,Medium
2139-FQHLM,19,Month-to-month,Fiber optic,89.95,1682.4,0,0.36255166549271317,Medium
4821-SJHJV,32,Month-to-month,Fiber optic,89.6,2901.8,0,0.36216437412982166,Medium
3589-PPVKW,9,Month-to-month,DSL,44.4,348.15,0,0.36214801113242545,Medium
4657-FWVFY,40,Month-to-month,Fiber optic,96.35,3915.4,0,0.36212767677763996,Medium
4566-GOLUK,47,Month-to-month,Fiber optic,107.35,5118.95,1,0.3620738140318747,Medium
9732-EQMWY,49,Month-to-month,Fiber optic,99.4,5025.0,0,0.36201446165357676,Medium
9112-WSNPU,35,Month-to-month,Fiber optic,70.55,2419.0,0,0.3617248834266266,Medium
8178-EYZUO,46,Month-to-month,Fiber optic,93.7,4154.8,1,0.3613400793428587,Medium
4109-CYRBD,29,Month-to-month,DSL,51.6,1442.0,0,0.3610507730626421,Medium
6845-RGTYS,47,Month-to-month,Fiber optic,98.75,4533.7,1,0.3608638000446408,Medium
5502-RLUYV,69,Month-to-month,Fiber optic,103.95,7446.9,1,0.3608348949037274,Medium
3097-NNSPB,2,Month-to-month,DSL,49.05,91.1,1,0.3600682580492964,Medium
0265-PSUAE,16,Month-to-month,Fiber optic,100.7,1522.7,0,0.36006586779680955,Medium
2074-GUHPQ,17,Month-to-month,Fiber optic,92.7,1556.85,0,0.35990517486225115,Medium
0420-BWTPW,8,Month-to-month,DSL,25.5,215.2,1,0.3598223576918432,Medium
8149-AIQCG,39,Month-to-month,Fiber optic,73.15,2730.85,0,0.3597613105375534,Medium
8623-ULFNQ,26,Month-to-month,DSL,66.05,1652.4,0,0.3596272653851814,Medium
7641-EUYET,46,Month-to-month,Fiber optic,100.7,4541.2,1,0.3595516801893675,Medium
7130-YXBRO,48,Month-to-month,Fiber optic,111.45,5315.1,0,0.35941732323633135,Medium
3956-CJUST,23,Month-to-month,Fiber optic,75.4,1643.55,0,0.3592112174506309,Medium
5173-WXOQV,2,Month-to-month,DSL,64.2,143.65,0,0.3591660648413526,Medium
9812-GHVRI,40,Month-to-month,Fiber optic,83.85,3532.25,0,0.3582914612352148,Medium
7927-AUXBZ,30,Month-to-month,Fiber optic,85.15,2555.9,1,0.35818624953711514,Medium
9921-EZKBY,33,Month-to-month,Fiber optic,95.3,3275.15,0,0.3578643993767635,Medium
1689-MRZQR,34,Month-to-month,Fiber optic,78.3,2564.3,1,0.3577685599266897,Medium
1396-QWFBJ,21,Month-to-month,Fiber optic,74.05,1565.7,1,0.3575475858002181,Medium
4329-YPDDQ,20,Month-to-month,Fiber optic,108.2,2203.7,0,0.3575334807231489,Medium
5394-SVGJV,37,Month-to-month,Fiber optic,98.8,3475.55,1,0.35734689757274973,Medium
5522-NYKPB,25,Month-to-month,Fiber optic,85.9,2199.05,0,0.35687683510213564,Medium
5146-CBVOE,16,Month-to-month,Fiber optic,75.1,1212.85,0,0.3567355980591426,Medium
0585-EGDDA,40,Month-to-month,Fiber optic,80.0,3168.75,0,0.35660487323118945,Medium
0319-QZTCO,3,Month-to-month,DSL,58.7,168.6,0,0.35633541580573685,Medium
2067-QYTCF,64,Month-to-month,Fiber optic,111.15,6953.4,0,0.35629451298504844,Medium
1307-TVUFB,42,Month-to-month,Fiber optic,79.35,3344.1,0,0.35620899095090125,Medium
6537-OTKMY,15,One year,DSL,50.75,688.2,0,0.35612292141853635,Medium
5172-MIGPM,4,Month-to-month,DSL,65.55,237.2,0,0.3560138981102741,Medium
9003-CPATH,42,Month-to-month,Fiber optic,79.9,3313.4,0,0.35597367013581166,Medium
5118-MUEYH,48,Month-to-month,Fiber optic,105.1,5083.55,0,0.3558790746311435,Medium
6847-KJLTS,58,Month-to-month,Fiber optic,100.4,5749.8,0,0.35538692947585276,Medium
6987-XQSJT,54,Month-to-month,Fiber optic,79.5,4370.25,1,0.35524648005491555,Medium
9819-FBNSV,37,Month-to-month,Fiber optic,72.25,2575.45,0,0.3551760019412185,Medium
1427-VERSM,56,Month-to-month,Fiber optic,98.7,5669.5,0,0.35501251138452766,Medium
0856-NAOES,6,Month-to-month,DSL,60.9,414.1,0,0.35455635380686973,Medium
7593-XFKDI,1,Month-to-month,DSL,46.3,46.3,1,0.35426981644377975,Medium
9244-ZVAPM,1,Month-to-month,DSL,45.6,45.6,0,0.3540470767885343,Medium
5707-ORNDZ,9,Month-to-month,DSL,54.55,494.05,1,0.35387678043994836,Medium
2833-SLKDQ,1,Month-to-month,DSL,45.05,45.05,1,0.35387211146735664,Medium
4146-SVFUD,1,Month-to-month,DSL,44.6,44.6,0,0.3537289871189813,Medium
5858-EAFCZ,1,Month-to-month,DSL,44.45,44.45,0,0.35368128482604916,Medium
6982-SSHFK,1,Month-to-month,DSL,44.4,44.4,1,0.3536653847090077,Medium
6985-HAYWX,26,Month-to-month,Fiber optic,79.3,2015.8,0,0.35354436186426014,Medium
4989-LIXVT,68,Month-to-month,Fiber optic,95.9,6503.2,0,0.3532705758336497,Medium
3349-ANQNH,59,One year,Fiber optic,99.5,5890.0,0,0.3531256159377609,Medium
0363-QJVFX,32,Month-to-month,Fiber optic,108.15,3432.9,1,0.35298675419698816,Medium
6173-GOLSU,67,Month-to-month,Fiber optic,94.65,6079.0,0,0.35281398691555077,Medium
9174-FKWZE,1,Month-to-month,No,19.45,19.45,1,0.3523499556545058,Medium
5536-SLHPM,55,Month-to-month,Fiber optic,77.75,4458.15,1,0.3523101801836699,Medium
8773-HHUOZ,17,Month-to-month,DSL,64.7,1093.1,1,0.3521215882774754,Medium
1465-LNTLJ,8,Month-to-month,DSL,64.4,581.7,0,0.3519015132641119,Medium
1750-CSKKM,9,Month-to-month,DSL,55.35,449.75,1,0.3516195414060956,Medium
2157-MXBJS,13,One year,DSL,75.3,989.45,1,0.3515719013007285,Medium
4323-SADQS,7,Month-to-month,DSL,34.5,279.25,1,0.3514655592335642,Medium
2853-CWQFQ,1,Month-to-month,DSL,59.55,59.55,0,0.3513485173859347,Medium
0282-NVSJS,12,Month-to-month,DSL,29.3,355.9,0,0.35107207814595753,Medium
1928-BXYIV,1,Month-to-month,DSL,61.15,61.15,0,0.3510379492000063,Medium
4480-MBMLB,36,One year,Fiber optic,104.8,3886.45,0,0.3510330578373527,Medium
2480-SQIOB,4,Month-to-month,DSL,44.8,169.65,0,0.35097432554526453,Medium
7576-JMYWV,46,Month-to-month,Fiber optic,110.2,4972.1,0,0.3509245956779906,Medium
4320-QMLLA,7,Month-to-month,DSL,54.85,370.4,0,0.350482103570483,Medium
9233-PSYHO,45,One year,Fiber optic,100.15,4459.8,0,0.35039591956612764,Medium
5433-KYGHE,14,Month-to-month,Fiber optic,86.0,1164.05,0,0.3502524459101002,Medium
4067-HLYQI,33,Month-to-month,Fiber optic,70.4,2406.1,0,0.35004669144202977,Medium
6439-GTPCA,45,Month-to-month,Fiber optic,87.25,3941.7,1,0.34979030758841384,Medium
5816-QVHRX,37,Month-to-month,Fiber optic,100.3,3541.4,0,0.34968585930242435,Medium
3446-QDSZF,4,Month-to-month,DSL,55.5,227.35,0,0.3493070305939567,Medium
3945-GFWQL,12,Month-to-month,DSL,44.55,480.6,1,0.3493037009289866,Medium
7054-LGEQW,1,Month-to-month,DSL,45.95,45.95,1,0.34923674950961403,Medium
5046-NUHWD,29,Month-to-month,DSL,45.0,1228.65,0,0.3491668515044485,Medium
5671-UUNXD,50,One year,Fiber optic,100.65,5189.75,0,0.3490608931356551,Medium
7754-IXRMC,1,Month-to-month,DSL,45.35,45.35,0,0.34904707216575676,Medium
6582-OIVSP,1,Month-to-month,DSL,45.3,45.3,0,0.3490312678770721,Medium
7252-NTGSS,1,Month-to-month,DSL,45.15,45.15,0,0.34898385700264856,Medium
2672-OJQZP,1,Month-to-month,DSL,44.75,44.75,0,0.34885744261436447,Medium
0415-MOSGF,1,Month-to-month,DSL,44.4,44.4,1,0.3487468474659576,Medium
1357-BIJKI,50,One year,Fiber optic,98.25,4858.7,0,0.3487226850038023,Medium
3085-QUOZK,1,Month-to-month,DSL,43.95,43.95,1,0.34860467763924996,Medium
8344-WFMFH,9,Month-to-month,DSL,50.1,484.05,0,0.3484766224329979,Medium
9412-GHEEC,40,Month-to-month,Fiber optic,104.8,4131.95,1,0.3483283828232485,Medium
4976-LNFVV,19,Month-to-month,DSL,34.3,577.15,0,0.34814859194115966,Medium
2207-QPJED,37,Month-to-month,Fiber optic,90.0,3371.75,0,0.3480238901648521,Medium
1421-HCERK,30,Month-to-month,Fiber optic,105.7,3181.8,0,0.347656255454653,Medium
9137-UIYPG,35,Month-to-month,Fiber optic,106.9,3756.45,0,0.34746164091980775,Medium
9909-IDLEK,20,Month-to-month,Fiber optic,96.8,1826.7,0,0.34744151264292195,Medium
5924-IFQTT,13,Month-to-month,DSL,72.8,930.05,0,0.34727688845079957,Medium
2257-BOVXD,14,Month-to-month,DSL,66.6,979.5,0,0.34711628404674044,Medium
7669-LCRSD,12,Month-to-month,DSL,56.3,628.65,0,0.34662609731064536,Medium
6227-HWPWX,15,Month-to-month,Fiber optic,69.0,994.8,1,0.3465378623630731,Medium
1205-WNWPJ,7,Month-to-month,DSL,59.5,415.95,1,0.346474257006197,Medium
6410-LEFEN,9,Month-to-month,DSL,45.15,416.45,1,0.3463782620867268,Medium
9626-VFRGG,41,Month-to-month,Fiber optic,88.5,3645.05,0,0.34608345474244523,Medium
6202-DYYFX,22,One year,Fiber optic,76.0,1783.6,0,0.3455679100050001,Medium
3023-GFLBR,33,Month-to-month,Fiber optic,86.15,2745.7,1,0.3452316892230059,Medium
2115-BFTIW,25,Month-to-month,Fiber optic,70.95,1767.35,1,0.34507818577957305,Medium
2386-OWURY,58,Month-to-month,Fiber optic,95.3,5817.7,0,0.34506326212606225,Medium
8404-FYDIB,26,Month-to-month,Fiber optic,86.65,2208.75,0,0.34499815597596745,Medium
1587-FKLZB,66,Month-to-month,Fiber optic,99.5,6822.15,1,0.3447130530340351,Medium
9495-SKLKD,45,Month-to-month,Fiber optic,95.95,4456.65,0,0.3447087023484149,Medium
2826-DXLQO,7,Month-to-month,DSL,29.8,220.45,0,0.3445352292237772,Medium
1501-SGHBW,2,Month-to-month,DSL,45.85,81.0,1,0.34424369301609675,Medium
7486-KSRVI,43,One year,Fiber optic,100.0,4211.55,1,0.34423962974732647,Medium
3814-MLAXC,31,Month-to-month,Fiber optic,79.85,2404.15,1,0.34399321099464264,Medium
2235-ZGKPT,4,Month-to-month,DSL,50.85,239.55,1,0.3439178216598064,Medium
3946-MHCZW,1,Month-to-month,DSL,50.9,50.9,1,0.3438978604759898,Medium
3173-NVMPX,9,Month-to-month,DSL,55.3,501.2,0,0.34373070424209257,Medium
7112-OPOTK,33,Month-to-month,Fiber optic,68.25,2171.15,1,0.34360038508384544,Medium
4432-ADRLB,2,Month-to-month,DSL,44.65,74.9,1,0.34359377637195804,Medium
8775-CEBBJ,9,Month-to-month,DSL,44.2,403.35,1,0.34303395314520024,Medium
0587-DMGBH,8,Month-to-month,DSL,49.85,365.55,1,0.34271546013903614,Medium
3571-RFHAR,65,Month-to-month,Fiber optic,109.15,6941.2,1,0.3426425422616258,Medium
4824-GUCBY,22,Month-to-month,Fiber optic,81.7,1820.9,0,0.3420763784309546,Medium
7794-JASDG,1,Month-to-month,DSL,50.75,50.75,0,0.34179025236559585,Medium
6888-SBYAI,1,Month-to-month,DSL,50.7,50.7,0,0.3417746041387597,Medium
3707-LRWZD,32,One year,Fiber optic,84.05,2781.85,1,0.3413138391706684,Medium
0322-YINQP,1,Month-to-month,DSL,48.55,48.55,1,0.34110205657454273,Medium
2615-YVMYX,71,Month-to-month,Fiber optic,107.5,7713.55,0,0.3410667981209352,Medium
6908-VVYHM,65,Month-to-month,Fiber optic,90.65,5931.0,0,0.3405532319177663,Medium
9873-MNDKV,11,Month-to-month,DSL,44.65,472.25,0,0.3405063841985208,Medium
6172-FECYY,49,Month-to-month,Fiber optic,84.5,4254.85,1,0.3402003688696942,Medium
3207-OYBWH,57,Month-to-month,Fiber optic,95.25,5427.05,1,0.3400607044412579,Medium
2101-RANCD,55,Month-to-month,Fiber optic,73.1,4144.9,0,0.3398980851829219,Medium
3164-AALRN,5,One year,DSL,70.0,347.4,1,0.33983013878999896,Medium
3838-OZURD,66,Month-to-month,Fiber optic,105.0,7133.25,1,0.33970597014349074,Medium
7075-BNDVQ,4,Month-to-month,DSL,35.0,135.75,0,0.3395541340524984,Medium
6726-WEXXK,27,One year,Fiber optic,85.9,2220.1,0,0.33941782829883815,Medium
7905-TVXTA,5,Month-to-month,DSL,64.35,352.65,0,0.3392577938984088,Medium
1049-FYSYG,17,Month-to-month,DSL,35.65,646.05,0,0.33909967587655415,Medium
4307-KWMXE,10,Month-to-month,DSL,35.75,389.8,0,0.3390994726674021,Medium
4183-WCSEP,31,Month-to-month,Fiber optic,78.45,2435.15,1,0.33902830331376904,Medium
0274-JKUJR,7,Month-to-month,DSL,58.85,465.7,0,0.33890127527168346,Medium
9415-TPKRV,8,Month-to-month,DSL,55.75,446.8,0,0.33792382716147407,Medium
5018-GWURO,56,Month-to-month,Fiber optic,85.6,4902.8,0,0.33775444476133193,Medium
2842-BCQGE,43,Month-to-month,Fiber optic,75.35,3161.4,0,0.3371124425539886,Medium
1891-FZYSA,69,Month-to-month,Fiber optic,89.95,6143.15,1,0.33709215594723696,Medium
0356-ERHVT,11,Month-to-month,DSL,45.9,521.9,0,0.3368940000308025,Medium
6921-OZMFH,5,Month-to-month,DSL,55.7,259.4,0,0.33655961477733237,Medium
2189-UXTKY,22,Month-to-month,DSL,79.2,1742.75,1,0.3357993350063194,Medium
4061-UKJWL,3,Month-to-month,DSL,45.45,141.7,0,0.335798736162909,Medium
3694-DELSO,4,Month-to-month,DSL,38.55,156.1,0,0.3357453386132396,Medium
2272-UOINI,7,Month-to-month,DSL,78.5,571.05,0,0.33551697398889757,Medium
8257-RZAHR,14,Month-to-month,DSL,64.7,941.0,1,0.33544976041519864,Medium
9448-REEVD,1,Month-to-month,DSL,44.7,44.7,1,0.335393834739248,Medium
4176-FXYBO,54,Month-to-month,Fiber optic,109.55,6118.95,0,0.33537108737634536,Medium
2519-LBNQL,60,One year,Fiber optic,104.35,6339.45,0,0.3353479803521917,Medium
0295-QVKPB,5,Month-to-month,DSL,63.95,318.1,0,0.33508501508506766,Medium
5882-CMAZQ,5,Month-to-month,DSL,34.25,163.55,0,0.3348164106953488,Medium
4026-SKKHW,3,Month-to-month,DSL,50.25,152.3,0,0.33478859943686956,Medium
4143-HHPMK,52,Month-to-month,Fiber optic,85.35,4338.6,1,0.33476273741063994,Medium
0811-GSDTP,13,Month-to-month,DSL,30.15,382.2,0,0.33474343076405383,Medium
7850-VWJUU,23,Month-to-month,Fiber optic,75.0,1778.5,0,0.33462099123226985,Medium
1763-WQFUK,3,Month-to-month,DSL,50.5,147.75,0,0.33460189736209045,Medium
2455-USLMV,31,Month-to-month,Fiber optic,84.75,2613.4,0,0.33429345550423156,Medium
2883-ILGWO,57,Month-to-month,Fiber optic,104.9,5913.95,0,0.3342360929019974,Medium
4950-BDEUX,35,Month-to-month,DSL,49.2,1701.65,0,0.3339610643008015,Medium
5295-PCJOO,4,Month-to-month,DSL,49.4,184.4,1,0.3337644330268252,Medium
1258-YMZNM,27,One year,Fiber optic,110.5,2857.6,0,0.3336672599570621,Medium
1357-MVDOZ,11,Month-to-month,DSL,59.65,683.25,0,0.33358287347544574,Medium
4439-YRNVD,10,Month-to-month,DSL,36.25,374.0,0,0.3335375012219135,Medium
0257-ZESQC,27,Month-to-month,Fiber optic,75.2,1929.35,1,0.3333807290577205,Medium
3923-CSIHK,50,Month-to-month,Fiber optic,71.05,3444.85,1,0.3333608057102199,Medium
7147-AYBAA,37,Month-to-month,Fiber optic,70.35,2552.9,0,0.33310869804742993,Medium
4280-DLSHD,8,Month-to-month,DSL,54.75,445.85,0,0.3329801737653717,Medium
6807-SIWJI,38,One year,Fiber optic,104.85,3887.25,0,0.332770811740544,Medium
7950-XWOVN,11,Month-to-month,DSL,34.7,383.55,0,0.3325792673894459,Medium
5939-XAIXZ,19,Month-to-month,DSL,56.1,1033.9,0,0.3322184645887816,Medium
6641-XRPSU,34,Month-to-month,Fiber optic,70.0,2416.1,1,0.33205093970800953,Medium
6143-JQKEA,10,Month-to-month,DSL,45.8,436.2,0,0.33172989239413353,Medium
6145-NNPNO,1,Month-to-month,DSL,44.15,44.15,0,0.3317065810761429,Medium
3580-REOAC,10,Month-to-month,DSL,44.85,435.4,1,0.3314451930722477,Medium
8660-BUETV,3,Month-to-month,DSL,44.75,148.05,0,0.3311716206321602,Medium
8564-LDKFL,40,One year,Fiber optic,106.0,4178.65,0,0.3309532843030202,Medium
3808-HFKDE,20,Month-to-month,DSL,44.35,927.15,0,0.3308402772272953,Medium
4007-NHVHI,56,Month-to-month,Fiber optic,96.85,5219.65,0,0.33077441407086544,Medium
9780-FKVVF,6,Month-to-month,DSL,59.15,336.7,0,0.3306842939373707,Medium
9079-YEXQJ,54,Month-to-month,Fiber optic,111.1,6014.85,1,0.3306731481268379,Medium
3669-OYSJI,1,Month-to-month,DSL,46.2,46.2,1,0.33049110560527273,Medium
7593-JNWRU,6,Month-to-month,DSL,44.6,260.8,1,0.33019627744492536,Medium
7055-HNEOJ,3,Month-to-month,DSL,55.8,154.55,0,0.33013243783309454,Medium
2378-HTWFW,35,Month-to-month,Fiber optic,91.0,3180.5,0,0.33004385959813726,Medium
6817-WTYHE,2,Month-to-month,DSL,44.9,111.05,0,0.3287869819891994,Medium
7909-FIOIY,19,Month-to-month,DSL,24.85,434.8,0,0.32855723127711783,Medium
7878-JGDKK,4,Month-to-month,DSL,44.55,220.75,0,0.3283308385073356,Medium
1956-YIFGE,22,One year,Fiber optic,100.05,2090.25,0,0.327950620080373,Medium
2842-JTCCU,2,Month-to-month,DSL,46.05,80.35,1,0.3274044636995625,Medium
6549-NNDYT,13,Month-to-month,DSL,30.85,394.1,0,0.3273837007126503,Medium
2873-ZLIWT,40,Month-to-month,Fiber optic,84.85,3303.05,1,0.32728430917702916,Medium
8623-TMRBY,51,Month-to-month,Fiber optic,84.2,4146.05,1,0.3272040393238539,Medium
2240-HSJQD,38,Month-to-month,Fiber optic,81.85,3141.7,0,0.3271296403821019,Medium
7312-XSBAT,1,Month-to-month,DSL,49.75,49.75,0,0.32699389262895356,Medium
1174-FGIFN,28,One year,Fiber optic,90.45,2509.25,0,0.3268569126044575,Medium
8286-AFUYI,1,Month-to-month,DSL,47.95,47.95,0,0.3264430611571648,Medium
3873-NFTGI,14,Month-to-month,DSL,55.5,767.55,0,0.32637607790915024,Medium
6257-RJOHI,4,Month-to-month,DSL,50.8,202.3,0,0.3261177409205775,Medium
8824-RWFXJ,3,Month-to-month,DSL,56.15,168.15,1,0.32609919194866704,Medium
9822-WMWVG,41,Month-to-month,Fiber optic,106.5,4282.4,0,0.3256641791129896,Medium
0107-WESLM,1,Month-to-month,No,19.85,19.85,1,0.32562383705966963,Medium
3898-GUYTS,45,Month-to-month,Fiber optic,97.05,4385.05,0,0.3255233428680063,Medium
9732-KPKBW,1,Month-to-month,DSL,53.95,53.95,1,0.32549909200706567,Medium
1895-QTKDO,1,Month-to-month,DSL,43.95,43.95,0,0.32504534388462114,Medium
1919-RTPQD,7,Month-to-month,DSL,44.75,333.65,0,0.32501521993658283,Medium
6874-SGLHU,30,One year,Fiber optic,97.0,3021.3,0,0.3249820390787439,Medium
0929-HYQEW,3,Month-to-month,DSL,50.15,160.85,0,0.32450214764643687,Medium
8399-YNDCH,21,Month-to-month,DSL,60.05,1236.15,1,0.3242308401048491,Medium
2985-JUUBZ,40,Month-to-month,DSL,74.55,3015.75,0,0.3240810912664729,Medium
2011-TRQYE,18,Month-to-month,DSL,33.5,600.0,1,0.32390078416637874,Medium
0260-ZDLGK,9,Month-to-month,DSL,72.9,651.4,1,0.32387026244998335,Medium
6599-GZWCM,13,One year,Fiber optic,74.65,966.25,0,0.3237885722218712,Medium
7766-CLTIC,10,Month-to-month,DSL,60.95,629.55,0,0.3236984170913124,Medium
3345-PBBFH,8,Month-to-month,DSL,49.55,393.45,0,0.3236246119947122,Medium
2100-BDNSN,5,Month-to-month,DSL,67.95,350.3,1,0.32320792334896414,Medium
5493-SDRDQ,2,Month-to-month,DSL,55.1,113.35,1,0.3231999486815176,Medium
9795-VOWON,7,One year,DSL,24.35,150.85,0,0.32318336581926943,Medium
1552-AAGRX,30,Month-to-month,Fiber optic,106.4,3211.9,0,0.3229683603802623,Medium
1541-ETJZO,1,Month-to-month,DSL,62.05,62.05,1,0.3225815651157142,Medium
3018-TFTSU,12,Month-to-month,Fiber optic,81.7,858.6,1,0.3223903706608745,Medium
0374-AACSZ,1,Month-to-month,DSL,50.15,50.15,0,0.3223828882119595,Medium
0486-HECZI,55,Month-to-month,Fiber optic,96.75,5238.9,1,0.3222589544430671,Medium
3859-CVCET,4,Month-to-month,DSL,45.65,191.05,1,0.32225856892625876,Medium
9644-UMGQA,6,Month-to-month,DSL,49.15,295.65,0,0.3220880616610216,Medium
2632-UCGVD,66,Month-to-month,Fiber optic,100.05,6871.9,1,0.3220662162909979,Medium
2474-LCNUE,23,Month-to-month,DSL,73.65,1642.75,0,0.32201573425720437,Medium
1703-MGIAB,17,Month-to-month,DSL,69.0,1108.0,0,0.3216799046410832,Medium
6288-LBEAR,23,Month-to-month,Fiber optic,79.1,1783.75,0,0.32164911977662797,Medium
1930-WNXSB,58,Month-to-month,Fiber optic,92.85,5305.05,0,0.32155926671300994,Medium
2403-BCASL,41,One year,Fiber optic,111.95,4534.9,1,0.3214952572880856,Medium
7459-RRWQZ,15,Month-to-month,DSL,64.65,994.55,1,0.3214820250742803,Medium
4640-UHDOS,13,Month-to-month,DSL,55.95,734.35,1,0.3214299187921966,Medium
8751-EDEKA,28,Month-to-month,Fiber optic,89.9,2433.5,0,0.3211516214274318,Medium
8840-DQLGN,35,Month-to-month,Fiber optic,100.5,3653.35,1,0.3209968755068231,Medium
0080-OROZO,35,One year,Fiber optic,99.25,3532.0,0,0.3208417960932345,Medium
6844-DZKRF,2,Month-to-month,DSL,50.2,109.25,0,0.32068462065182535,Medium
3069-SSVSN,1,One year,DSL,25.85,25.85,0,0.320681867294906,Medium
8896-BQTTI,1,Month-to-month,No,25.0,25.0,0,0.31981657957311393,Medium
2957-LOLHO,12,Month-to-month,DSL,45.4,518.9,1,0.31977207953725995,Medium
0623-GDISB,1,Month-to-month,DSL,48.45,48.45,0,0.3195830313074662,Medium
2565-JSLRY,1,Month-to-month,No,24.05,24.05,1,0.3195291555410677,Medium
0129-KPTWJ,72,Month-to-month,Fiber optic,94.65,6747.35,0,0.319367399254835,Medium
3503-TYDAY,43,Month-to-month,Fiber optic,80.45,3398.9,0,0.31915952407970993,Medium
9281-PKKZE,46,Month-to-month,DSL,43.95,2007.85,0,0.31849023776604213,Medium
4883-QICIH,32,Month-to-month,Fiber optic,69.75,2347.9,1,0.3184208461581208,Medium
9170-CCKOU,17,Month-to-month,Fiber optic,90.2,1454.15,1,0.3184119331373133,Medium
8757-TFHHJ,1,Month-to-month,DSL,49.8,49.8,0,0.31817951853207044,Medium
5402-HTOTQ,16,Month-to-month,DSL,55.3,875.35,0,0.3181782336073243,Medium
1564-HJUVY,4,Month-to-month,DSL,63.75,226.2,0,0.31799000390376875,Medium
0032-PGELS,1,Month-to-month,DSL,30.5,30.5,1,0.3177181010343087,Medium
5035-PGZXH,56,One year,Fiber optic,106.8,5914.4,0,0.3175968643445293,Medium
7248-VZQLC,47,Month-to-month,Fiber optic,85.2,3969.35,1,0.3175261825914257,Medium
6022-KOUQO,2,Month-to-month,DSL,29.05,44.75,0,0.31733592562603713,Medium
6234-PFPXL,22,Month-to-month,Fiber optic,95.9,2234.95,0,0.31717326411652325,Medium
4081-DYXAV,19,One year,DSL,44.85,893.55,1,0.3171529546920782,Medium
1596-BBVTG,35,Month-to-month,Fiber optic,75.35,2636.05,1,0.31694079016868115,Medium
1216-BGTSP,45,Month-to-month,Fiber optic,108.45,4964.7,0,0.3168199082109493,Medium
0327-WFZSY,39,One year,Fiber optic,100.0,3835.55,0,0.3167135034734153,Medium
8749-JMNKX,51,Month-to-month,Fiber optic,93.8,4750.95,1,0.31647144939797556,Medium
3258-SANFR,6,Month-to-month,DSL,44.7,276.5,0,0.3164380353576997,Medium
0431-APWVY,28,One year,Fiber optic,90.1,2598.95,1,0.3159705149982512,Medium
1169-WCVAK,19,Month-to-month,Fiber optic,88.8,1672.35,0,0.3156779406023757,Medium
9661-MHUMO,1,Month-to-month,DSL,49.25,49.25,1,0.3156697991387454,Medium
5628-RKIFK,49,Month-to-month,Fiber optic,101.55,5070.4,0,0.31554143839811183,Medium
3466-WAESX,16,Month-to-month,DSL,69.1,1083.7,0,0.31547270792142273,Medium
2692-PFYTJ,1,Month-to-month,No,25.75,25.75,0,0.3153644921982321,Medium
3946-JEWRQ,47,One year,Fiber optic,95.2,4563.0,0,0.3153112367127863,Medium
1600-DILPE,12,Month-to-month,DSL,45.0,524.35,0,0.3152870569635376,Medium
4958-GZWIY,7,Month-to-month,DSL,48.7,340.25,1,0.3150280230379446,Medium
4720-VSTSI,44,Month-to-month,Fiber optic,84.8,3862.55,1,0.3149785126840461,Medium
3845-FXCYS,2,Month-to-month,No,19.65,31.2,0,0.3148273877575537,Medium
6646-QVXLR,62,One year,Fiber optic,103.75,6383.35,1,0.31468928548889086,Medium
5154-VEKBL,9,Month-to-month,DSL,58.5,539.85,1,0.314682964390221,Medium
2770-NSVDG,24,Month-to-month,DSL,29.1,688.0,0,0.3145954317844111,Medium
0596-BQCEQ,62,Month-to-month,Fiber optic,100.15,6283.3,1,0.31456816087856887,Medium
4238-HFHSN,61,Month-to-month,Fiber optic,82.15,4904.85,0,0.3142338720489277,Medium
3194-ORPIK,50,Month-to-month,Fiber optic,84.4,4116.15,1,0.31409625961834986,Medium
4558-FANTW,17,Month-to-month,Fiber optic,91.85,1574.45,1,0.3140775842244486,Medium
7579-OOPEC,2,Month-to-month,DSL,50.15,115.1,1,0.3139928836840909,Medium
5575-TPIZQ,46,Month-to-month,Fiber optic,89.15,4245.55,0,0.3137010958364217,Medium
9089-UOWJG,12,Month-to-month,DSL,58.35,740.55,0,0.3136650214947593,Medium
6905-NIQIN,1,Month-to-month,DSL,50.65,50.65,1,0.3136237578087195,Medium
0348-SDKOL,58,Month-to-month,Fiber optic,102.1,5885.4,1,0.3135825745283598,Medium
0774-IFUVM,11,Month-to-month,DSL,65.15,723.35,0,0.31350198137803015,Medium
9761-XUJWD,5,Month-to-month,DSL,65.6,339.9,0,0.31321005791043904,Medium
1794-HBQTJ,1,Month-to-month,DSL,48.6,48.6,1,0.31315592857992325,Medium
9356-AXGMP,38,One year,Fiber optic,110.7,4428.6,0,0.31302096310964367,Medium
5778-BVOFB,9,Month-to-month,DSL,59.5,530.05,0,0.31296228618868943,Medium
5133-VRSAB,8,Month-to-month,DSL,29.35,216.45,0,0.312839734207315,Medium
6986-IJDHX,39,Month-to-month,Fiber optic,86.3,3266.0,1,0.3127599477840413,Medium
3058-HJCUY,41,One year,Fiber optic,102.6,4213.35,1,0.31226041239622115,Medium
9862-KJTYK,19,Month-to-month,DSL,25.35,566.1,0,0.31221677521590546,Medium
8152-UOBNY,50,One year,Fiber optic,106.8,5347.95,0,0.31213428011822425,Medium
7554-AKDQF,6,Month-to-month,DSL,45.65,323.45,0,0.3119790455025452,Medium
6253-WRFHY,13,One year,DSL,64.75,877.35,0,0.3119258823565971,Medium
4983-CLMLV,52,Month-to-month,Fiber optic,102.7,5138.1,0,0.3118962776271029,Medium
6624-JDRDS,6,Month-to-month,DSL,29.45,161.45,0,0.3114899902380682,Medium
9919-YLNNG,42,Month-to-month,Fiber optic,103.8,4327.5,0,0.3110353002963978,Medium
0691-IFBQW,46,One year,Fiber optic,110.0,4874.8,1,0.3110273421255194,Medium
7916-VCCPB,16,Month-to-month,Fiber optic,73.25,1195.75,0,0.3107223724559646,Medium
0867-LDTTC,5,Month-to-month,DSL,75.15,392.65,0,0.31067702393259533,Medium
1862-SKORY,40,Month-to-month,DSL,39.3,1637.4,1,0.3103584725367039,Medium
8677-HDZEE,56,Month-to-month,Fiber optic,105.45,5916.95,0,0.3103276927123205,Medium
2929-QNSRW,56,One year,Fiber optic,98.25,5508.35,1,0.31029138808046774,Medium
4080-IIARD,13,Month-to-month,DSL,76.2,981.45,0,0.31014729630760624,Medium
1432-FPAXX,29,Month-to-month,DSL,30.6,856.35,1,0.31009316889640937,Medium
2436-QBZFP,22,Month-to-month,DSL,39.2,849.9,0,0.3100864401743093,Medium
9158-VCTQB,41,Month-to-month,Fiber optic,113.6,4594.95,1,0.30967047373523743,Medium
8761-NSOBC,44,Month-to-month,Fiber optic,100.55,4398.15,1,0.3096447377097057,Medium
2302-ANTDP,48,Month-to-month,Fiber optic,117.45,5438.9,1,0.3096011829274117,Medium
3143-ILDAL,56,Month-to-month,Fiber optic,94.45,5124.6,1,0.30954537694933465,Medium
0178-SZBHO,47,Month-to-month,Fiber optic,87.2,4017.45,0,0.3094721514735409,Medium
4724-WXVWF,48,Month-to-month,Fiber optic,95.4,4445.3,0,0.30935929834696435,Medium
2669-OIDSD,48,Month-to-month,Fiber optic,100.05,4834.0,0,0.3091134960804469,Medium
2181-UAESM,2,Month-to-month,DSL,53.45,119.5,0,0.30904926243255065,Medium
3521-SYVOR,37,Month-to-month,DSL,64.75,2345.2,1,0.30904112880864165,Medium
7067-KSAZT,65,One year,Fiber optic,106.25,6979.8,1,0.3087133868860905,Medium
2133-TSRRM,34,Month-to-month,Fiber optic,105.35,3688.6,0,0.3084148659936759,Medium
9776-CLUJA,51,Month-to-month,Fiber optic,77.5,3807.35,1,0.30826153623276115,Medium
4819-HJPIW,18,Month-to-month,DSL,25.15,476.8,0,0.30817728595563343,Medium
5339-TJFEK,62,Month-to-month,Fiber optic,105.5,6487.2,0,0.3081619286005781,Medium
9700-ISPUP,10,Month-to-month,DSL,65.5,616.9,0,0.30780935765574685,Medium
0929-PECLO,63,Month-to-month,Fiber optic,89.6,5538.8,0,0.3075238000638771,Medium
7693-QPEFS,52,Month-to-month,Fiber optic,72.95,3829.75,0,0.30747096547124003,Medium
0013-MHZWF,9,Month-to-month,DSL,69.4,571.45,0,0.3071964822377318,Medium
2927-QRRQV,46,One year,Fiber optic,94.65,4312.5,0,0.3071408097813592,Medium
9373-WSLOY,33,Month-to-month,DSL,50.0,1750.85,0,0.3067634839185443,Medium
4097-YODCF,34,One year,Fiber optic,103.8,3470.8,0,0.3065934215447408,Medium
6538-POCHL,33,Month-to-month,Fiber optic,79.0,2576.8,0,0.3065797473472918,Medium
2792-VPPET,3,Month-to-month,No,20.5,76.95,0,0.3062850969865447,Medium
7966-YOTQW,10,Month-to-month,DSL,54.5,568.2,0,0.3062265495924355,Medium
0924-BJCRC,60,Month-to-month,Fiber optic,89.45,5294.6,0,0.30619257646142484,Medium
1215-VFYVK,4,Month-to-month,DSL,48.25,202.25,0,0.3059385060574415,Medium
7596-LDUXP,12,One year,Fiber optic,85.15,979.05,0,0.30587527536348086,Medium
7343-EOBEU,3,Month-to-month,No,23.6,89.05,0,0.3056406100601338,Medium
7537-CBQUZ,63,Month-to-month,Fiber optic,109.4,7031.45,0,0.3054602671482866,Medium
3195-TQDZX,3,Month-to-month,No,20.25,61.45,0,0.30541112661275494,Medium
3452-SRFEG,49,Month-to-month,Fiber optic,74.6,3720.35,0,0.3053289499531064,Medium
1791-PQHBB,2,Month-to-month,DSL,61.2,125.95,0,0.3052043331228121,Medium
9774-NRNAU,27,Month-to-month,DSL,84.8,2309.55,0,0.30497407062661214,Medium
9681-KYGYB,49,Month-to-month,Fiber optic,88.2,4159.45,0,0.30490024807464006,Medium
7826-VVKWT,24,Two year,Fiber optic,96.55,2263.45,0,0.30486674333188507,Medium
0603-OLQDC,12,Month-to-month,DSL,69.85,837.5,0,0.3047058872819948,Medium
5948-UJZLF,2,Month-to-month,DSL,49.25,97.0,0,0.3045855294961799,Medium
4554-YGZIH,49,Month-to-month,Fiber optic,90.05,4547.25,1,0.3044650779413391,Medium
3009-JWMPU,62,One year,Fiber optic,96.75,6125.4,1,0.30434185632186184,Medium
6917-IAYHD,1,Month-to-month,DSL,33.6,33.6,0,0.30420036946922596,Medium
3865-QBWSJ,38,Month-to-month,Fiber optic,80.45,3162.65,0,0.3041410049742844,Medium
4462-CYWMH,62,Month-to-month,Fiber optic,89.8,5629.55,0,0.30405712434751436,Medium
2674-MLXMN,71,Month-to-month,Fiber optic,99.65,6951.15,0,0.3038877448723486,Medium
8033-VCZGH,50,One year,Fiber optic,103.95,5231.3,0,0.30372942696036603,Medium
2479-BRAMR,41,Month-to-month,Fiber optic,83.75,3273.55,1,0.30333556296306824,Medium
5649-TJHOV,27,Month-to-month,DSL,36.5,1032.0,1,0.30330924305493806,Medium
7623-TRNQN,1,Month-to-month,DSL,49.9,49.9,1,0.3030192916177879,Medium
9767-FFLEM,38,Month-to-month,Fiber optic,69.5,2625.25,0,0.30260357751637706,Medium
1024-KPRBB,38,One year,Fiber optic,89.1,3342.0,0,0.3025428709622919,Medium
0822-QGCXA,27,Month-to-month,DSL,83.85,2310.2,0,0.3024299321217826,Medium
5149-TGWDZ,21,One year,Fiber optic,104.55,2239.4,0,0.30239148836747604,Medium
1370-GGAWX,46,One year,Fiber optic,94.15,4408.45,0,0.3023153222555359,Medium
0734-OXWBT,3,Month-to-month,DSL,70.7,225.65,0,0.3023057021154047,Medium
3043-TYBNO,3,Month-to-month,DSL,60.65,196.9,0,0.3022661789642921,Medium
7789-HKSBS,42,One year,Fiber optic,105.2,4599.15,0,0.30219907572138743,Medium
5485-WUYWF,2,Month-to-month,DSL,66.4,94.55,1,0.3020376227373046,Medium
9108-EJFJP,1,Month-to-month,DSL,53.55,53.55,0,0.30199508688347376,Medium
6173-ITPWD,47,Month-to-month,Fiber optic,83.35,4065.0,1,0.30167048603842034,Medium
5686-CMAWK,17,One year,Fiber optic,86.75,1410.25,0,0.301614061404424,Medium
7271-AJDTL,55,Month-to-month,Fiber optic,94.45,5073.1,0,0.301563581687784,Medium
7251-LJBQN,40,One year,Fiber optic,103.75,4188.4,0,0.30128211441920016,Medium
4361-BKAXE,41,Month-to-month,Fiber optic,114.5,4527.45,1,0.3012243276968946,Medium
3606-SBKRY,31,One year,DSL,50.05,1523.4,0,0.30107198583006295,Medium
1548-ARAGG,4,Month-to-month,DSL,58.5,224.85,0,0.3010362482769886,Medium
8728-SKJLR,41,Month-to-month,Fiber optic,74.25,3089.1,0,0.30077062446310865,Medium
1550-LOAHA,32,Month-to-month,Fiber optic,84.15,2585.95,1,0.3006674151960766,Medium
7551-DACSP,6,Month-to-month,DSL,55.3,324.25,1,0.30052316651090405,Medium
8805-JNRAZ,2,Month-to-month,DSL,49.2,103.7,0,0.30036854172654553,Medium
8552-OBVRU,48,Month-to-month,Fiber optic,104.5,5068.05,0,0.3003435579798551,Medium
0980-PVMRC,40,Month-to-month,DSL,50.85,2036.55,0,0.3001397268155746,Medium
2817-NTQDO,13,Month-to-month,DSL,45.55,597.0,1,0.3001170406220194,Medium
6668-CNMFP,19,One year,Fiber optic,89.35,1686.85,0,0.3000443437589802,Medium
5103-MHMHY,1,Month-to-month,DSL,45.95,45.95,1,0.2999787511494579,Low
8229-MYEJZ,10,Month-to-month,DSL,51.2,498.25,0,0.2996430468839068,Low
9688-YGXVR,44,Month-to-month,Fiber optic,88.15,3973.2,0,0.2995293115704194,Low
7449-HVPIV,55,Month-to-month,Fiber optic,90.4,5099.15,0,0.29890545835465615,Low
8417-GSODA,28,One year,Fiber optic,92.2,2568.15,0,0.2984259065479186,Low
3113-IWHLC,5,Month-to-month,DSL,55.8,274.35,0,0.29837520067113527,Low
2858-EIMXH,53,One year,Fiber optic,95.85,5016.25,0,0.2982103857430003,Low
6614-VBEGU,24,Month-to-month,DSL,69.45,1614.05,0,0.29814220638693417,Low
6599-CEBNN,34,Month-to-month,Fiber optic,73.95,2524.45,1,0.29805266646579104,Low
5438-QMDDL,19,Month-to-month,DSL,59.8,1130.85,0,0.29802080702582795,Low
5201-USSQZ,26,Month-to-month,Fiber optic,85.9,2196.45,0,0.2977181545798361,Low
4452-QIIEB,7,Month-to-month,DSL,43.9,278.4,0,0.2975959371960339,Low
5207-PLSTK,1,Month-to-month,DSL,48.75,48.75,0,0.297558843971817,Low
3301-LSLWQ,29,Month-to-month,DSL,66.1,1912.15,0,0.29749049959395973,Low
9445-ZUEQE,27,Month-to-month,Fiber optic,85.2,2151.6,0,0.29705760927138647,Low
2740-JFBOK,10,Month-to-month,No,24.0,226.55,0,0.29705200535529985,Low
4080-OGPJL,8,Month-to-month,DSL,71.15,563.65,1,0.2968781551554623,Low
8387-MOJJT,42,Month-to-month,Fiber optic,77.95,3384.0,1,0.29685937811780333,Low
7009-LGECI,4,Month-to-month,DSL,50.55,235.65,0,0.2965972533639862,Low
1842-EZJMK,50,Month-to-month,Fiber optic,103.7,5071.05,1,0.2962226592716715,Low
4482-FTFFX,5,Month-to-month,DSL,56.15,291.45,0,0.29588617771280235,Low
8740-XLHDR,5,Month-to-month,DSL,43.25,219.0,1,0.2957821196894351,Low
2886-KEFUM,63,One year,Fiber optic,107.5,6873.75,1,0.29566493272500494,Low
7250-EQKIY,1,Month-to-month,DSL,50.45,50.45,1,0.29545727301180896,Low
3567-PQTSO,53,One year,Fiber optic,105.25,5576.3,0,0.294653275918872,Low
5949-HGVJL,26,Month-to-month,DSL,73.05,1959.5,0,0.29459182384568583,Low
4396-KLSEH,4,Month-to-month,No,19.85,63.0,0,0.294440725279561,Low
8388-FYNPZ,4,Month-to-month,DSL,56.75,245.15,0,0.294403005297158,Low
4282-ACRXS,38,Month-to-month,DSL,24.85,955.75,0,0.29418985173660317,Low
3345-JHUEO,4,Month-to-month,No,20.2,55.7,0,0.29414920360407715,Low
3511-APPBJ,23,One year,Fiber optic,99.95,2292.75,0,0.29403332755968586,Low
1422-DGUBX,32,One year,Fiber optic,79.25,2619.15,0,0.2938770588283609,Low
3717-LNXKW,38,Month-to-month,Fiber optic,91.7,3479.05,0,0.2937705582849041,Low
8679-JOEVF,16,Month-to-month,DSL,59.4,1023.9,1,0.2936606162461903,Low
7587-AOVVU,27,Month-to-month,Fiber optic,100.75,2793.55,0,0.2935147929786873,Low
3668-QPYBK,2,Month-to-month,DSL,53.85,108.15,1,0.2934405750601794,Low
4010-YLMVT,56,Month-to-month,Fiber optic,106.6,5893.95,0,0.29288089897894887,Low
1582-RAFML,1,Month-to-month,DSL,60.1,60.1,1,0.2928549834484201,Low
1658-XUHBX,59,Month-to-month,Fiber optic,88.75,5348.65,0,0.29281643182534944,Low
6578-KRMAW,32,Month-to-month,Fiber optic,93.4,2979.3,0,0.2927481829680823,Low
1976-AZZPJ,7,Month-to-month,DSL,34.2,256.6,0,0.29234406796338536,Low
4592-IWTJI,3,Month-to-month,DSL,29.7,91.7,1,0.2922772614624772,Low
6664-FPDAC,56,One year,Fiber optic,111.95,6418.9,1,0.2922022956812475,Low
4987-GQWPO,17,Month-to-month,DSL,25.1,382.8,0,0.29208736734620444,Low
2433-KMEAS,22,Month-to-month,DSL,54.45,1127.35,1,0.291905334039936,Low
1353-LJWEM,11,Month-to-month,DSL,60.9,688.5,0,0.2919015273655252,Low
5060-TQUQN,30,Month-to-month,Fiber optic,83.55,2570.2,0,0.29185497678700845,Low
8910-LEDAG,34,Month-to-month,Fiber optic,71.55,2427.35,0,0.2918484558002139,Low
5371-VYLSX,50,Month-to-month,Fiber optic,83.4,4113.7,0,0.2917818526670281,Low
0060-FUALY,59,Month-to-month,Fiber optic,94.75,5597.65,0,0.2916603970591745,Low
6891-JPYFF,48,Month-to-month,Fiber optic,105.25,4997.5,0,0.29153434381511717,Low
0520-FDVVT,35,One year,Fiber optic,102.35,3626.1,1,0.2914573424502897,Low
9481-SFCQY,14,Month-to-month,DSL,59.8,824.85,0,0.29130287425400103,Low
7047-FWEYA,46,One year,Fiber optic,103.15,4594.65,0,0.2912971013128853,Low
6896-SRVYQ,44,Month-to-month,Fiber optic,73.85,3122.4,0,0.291041021518952,Low
1480-IVEVR,35,One year,Fiber optic,81.6,2815.25,0,0.29102064917858544,Low
6713-OKOMC,10,Month-to-month,DSL,29.75,301.9,0,0.29085363150286475,Low
2207-OBZNX,7,Month-to-month,DSL,51.0,354.05,1,0.2904606076941806,Low
1596-OQSPS,11,Month-to-month,DSL,51.1,531.15,0,0.29045832210817946,Low
2806-MLNTI,52,One year,Fiber optic,105.1,5376.4,0,0.29037440893860916,Low
0979-PHULV,69,Month-to-month,Fiber optic,99.45,7007.6,1,0.29016540217742265,Low
6982-UQZLY,1,Month-to-month,No,20.85,20.85,1,0.28971180634412913,Low
9327-QSDED,8,Month-to-month,DSL,43.55,335.4,0,0.2896132392030952,Low
8201-AAXCB,25,Month-to-month,DSL,60.35,1404.65,0,0.28895624015464894,Low
5527-ACHSO,11,Month-to-month,DSL,70.5,829.3,0,0.288765068348516,Low
6199-IWKGC,46,One year,Fiber optic,100.25,4753.85,0,0.2886585948827532,Low
1456-TWCGB,4,Month-to-month,DSL,49.25,208.45,0,0.28856422243921426,Low
7346-MEDWM,59,Month-to-month,Fiber optic,83.25,4949.1,0,0.2884119942476759,Low
4488-KQFDT,61,One year,Fiber optic,103.95,6423.0,0,0.2883744501186752,Low
9052-VKDUW,65,Month-to-month,Fiber optic,109.4,7227.45,0,0.28808649296979033,Low
8651-ENBZX,60,One year,Fiber optic,106.0,6441.4,1,0.28787916018266085,Low
3683-QKIUE,6,Month-to-month,DSL,50.8,288.05,1,0.2877939949179668,Low
7963-GQRMY,3,Month-to-month,DSL,44.3,134.5,1,0.28749219328941383,Low
7993-NQLJE,15,Month-to-month,Fiber optic,75.1,1151.55,0,0.28746893308765836,Low
4628-WQCQQ,35,One year,Fiber optic,85.15,3030.6,1,0.2874339744538295,Low
4450-YOOHP,39,Month-to-month,DSL,50.65,1905.4,0,0.2872017306646198,Low
8455-HIRAQ,8,Month-to-month,DSL,44.45,369.3,0,0.28711408863661864,Low
8065-BVEPF,65,Month-to-month,Fiber optic,99.1,6496.15,0,0.2870336551443154,Low
5600-PDUJF,6,Month-to-month,DSL,49.5,312.7,0,0.287028960003481,Low
9103-TCIHJ,15,Month-to-month,DSL,55.7,899.8,1,0.28669966471882513,Low
7869-ZYDST,31,Month-to-month,DSL,59.05,1882.8,0,0.2865403844218195,Low
1213-NGCUN,6,Month-to-month,DSL,49.65,267.35,1,0.2864775820514346,Low
7621-VPNET,42,Month-to-month,Fiber optic,85.9,3729.75,0,0.2864144128236942,Low
9948-YPTDG,38,Month-to-month,Fiber optic,79.45,3013.05,1,0.2863262814408453,Low
2190-BCXEC,40,Month-to-month,Fiber optic,78.85,3126.85,0,0.2862795932768603,Low
4088-YLDSU,55,One year,Fiber optic,104.15,5743.05,1,0.28592941507990705,Low
3594-KADLU,3,Month-to-month,DSL,35.1,101.1,0,0.28584222052759845,Low
2144-BFDSO,50,Month-to-month,Fiber optic,108.75,5431.9,0,0.28580223772815816,Low
7133-VBDCG,25,Month-to-month,Fiber optic,79.85,2015.35,1,0.28565299470004374,Low
6821-JPCDC,48,One year,Fiber optic,97.05,4692.95,0,0.28562916893397783,Low
6360-SVNWV,31,Month-to-month,Fiber optic,73.55,2094.65,0,0.28561698656489837,Low
2988-GBIVW,70,Month-to-month,Fiber optic,90.85,6470.1,0,0.28498263224587894,Low
2460-FPSYH,40,Month-to-month,DSL,55.8,2109.35,1,0.2847270528331941,Low
8791-GFXLZ,12,Month-to-month,DSL,49.05,593.05,0,0.28469730720052044,Low
9314-QDMDW,11,One year,DSL,61.25,729.95,0,0.28460198850345986,Low
1803-BGNBD,12,Month-to-month,DSL,54.3,654.5,0,0.28417716615807337,Low
3030-YZADT,9,Month-to-month,DSL,44.95,431.0,1,0.28410028983913704,Low
9396-ZSFLL,15,Month-to-month,DSL,48.85,631.4,0,0.2840539707275069,Low
1208-NBVFH,20,Month-to-month,DSL,49.6,939.8,0,0.28362358578381813,Low
7410-KTVFV,18,Month-to-month,DSL,49.55,878.35,1,0.2836125472083581,Low
6507-DTJZV,13,Month-to-month,DSL,66.4,831.75,0,0.2835659234911981,Low
7661-CPURM,19,One year,Fiber optic,87.7,1725.95,0,0.2834840123372265,Low
9776-OJUZI,65,Month-to-month,Fiber optic,95.45,6223.3,0,0.28312514146893986,Low
7396-VJUZB,4,Month-to-month,DSL,45.25,155.35,0,0.282529915451757,Low
6854-EXGSF,8,Month-to-month,DSL,65.5,573.15,0,0.2824528756009136,Low
1215-FIGMP,60,Month-to-month,Fiber optic,89.9,5450.7,0,0.2822680545072733,Low
4191-XOVOM,63,Month-to-month,Fiber optic,105.4,6713.2,0,0.28190374463247436,Low
0419-YAAPX,49,Month-to-month,Fiber optic,85.3,4297.95,0,0.28178316667890035,Low
4307-KTUMW,53,Month-to-month,Fiber optic,93.9,5029.2,1,0.2815755712889903,Low
4831-EOBFE,29,Month-to-month,Fiber optic,94.65,2649.15,1,0.2812617571696789,Low
5136-KCKGI,33,One year,Fiber optic,103.7,3467.0,1,0.2809710217222678,Low
8799-OXZMD,28,Month-to-month,DSL,29.75,790.7,0,0.28050472706144175,Low
7245-JMTTQ,51,One year,Fiber optic,111.5,5703.25,0,0.28036252697738046,Low
4937-QPZPO,61,One year,Fiber optic,99.9,6241.35,0,0.2802722372423201,Low
8901-HJXTF,12,Month-to-month,DSL,29.2,309.1,1,0.2801354893220303,Low
0691-NIKRI,40,One year,Fiber optic,105.95,4335.2,0,0.2801200995379025,Low
5311-IHLEI,12,Month-to-month,DSL,50.95,605.75,0,0.27983954388657095,Low
1089-HDMKP,11,Month-to-month,DSL,54.55,601.25,0,0.279591947104563,Low
7426-GSWPO,64,Month-to-month,Fiber optic,103.5,6548.65,0,0.2793627690209793,Low
5002-GCQFH,49,Month-to-month,Fiber optic,93.85,4733.1,0,0.2792048015394875,Low
6770-XUAGN,1,Month-to-month,No,21.0,21.0,1,0.2791116616550309,Low
2320-JRSDE,1,Month-to-month,No,19.9,19.9,1,0.2788038622801664,Low
1784-EZDKJ,51,One year,Fiber optic,106.8,5498.8,0,0.2787526803068552,Low
7594-LZNWR,34,Month-to-month,Fiber optic,69.15,2275.1,0,0.27869230305312437,Low
3842-QTGDL,16,Month-to-month,Fiber optic,80.75,1321.3,0,0.27868272307162456,Low
1899-VXWXM,48,One year,Fiber optic,106.1,5082.8,1,0.27851848903558235,Low
0191-ZHSKZ,30,Month-to-month,DSL,74.75,2111.3,0,0.2784626898838584,Low
3815-SLMEF,3,Month-to-month,DSL,34.25,139.35,1,0.2782956013462658,Low
1996-DBMUS,48,Month-to-month,Fiber optic,70.65,3545.05,0,0.2780592370956093,Low
6769-DYBQN,46,Month-to-month,Fiber optic,85.0,3969.4,1,0.27796073230803114,Low
4012-ZTHBR,21,Month-to-month,DSL,44.95,926.25,0,0.27749102958560423,Low
5208-HFSBT,2,Month-to-month,DSL,55.05,102.75,1,0.2774327936124696,Low
3062-ICYZQ,51,Month-to-month,Fiber optic,93.8,4539.35,0,0.27733574426113433,Low
4250-WAROZ,60,Month-to-month,Fiber optic,93.25,5774.55,0,0.27695181944309094,Low
5651-CPDND,10,Month-to-month,DSL,46.0,492.1,0,0.2768603953661621,Low
5804-HYIEZ,70,Month-to-month,Fiber optic,106.05,7554.05,0,0.2765058705509451,Low
0100-DUVFC,70,One year,Fiber optic,104.8,7308.95,0,0.2757272164479893,Low
2931-SVLTV,40,Month-to-month,Fiber optic,110.1,4469.1,0,0.2757016636305825,Low
7683-CBDKJ,14,Month-to-month,DSL,65.45,937.6,1,0.27554124696424687,Low
1848-LBZHY,7,Month-to-month,DSL,50.3,355.1,0,0.27554080060674596,Low
9489-UTFKA,8,Month-to-month,DSL,60.9,551.95,0,0.2753352627885862,Low
5843-TTHGI,18,Month-to-month,DSL,50.0,892.7,0,0.2752196322542106,Low
7730-IUTDZ,43,Month-to-month,Fiber optic,75.2,3198.6,1,0.27520188495702125,Low
5973-EJGDP,51,Month-to-month,Fiber optic,87.35,4473.0,0,0.275083402492231,Low
2810-FTLEM,16,Month-to-month,DSL,50.15,762.25,1,0.27483006069445354,Low
0643-OKLRP,47,Month-to-month,Fiber optic,80.35,3825.85,1,0.27468485357737427,Low
5780-INQIK,8,Month-to-month,DSL,49.4,408.25,0,0.27450362326138716,Low
1656-DRSMG,63,Month-to-month,Fiber optic,109.85,7002.95,0,0.27440607576116255,Low
8049-WJCLQ,10,Month-to-month,DSL,60.2,563.5,0,0.2743825880218979,Low
8705-DWKTI,52,Month-to-month,Fiber optic,83.8,4331.4,0,0.2742763595837844,Low
4695-VADHF,18,Month-to-month,DSL,57.45,990.85,1,0.27419324947418156,Low
3657-COGMW,52,Month-to-month,Fiber optic,108.1,5839.3,0,0.27401154762366825,Low
1217-VASWC,43,One year,Fiber optic,100.55,4304.0,0,0.273957161385313,Low
4001-TSBTV,58,Month-to-month,Fiber optic,91.55,5511.65,0,0.2734678822373541,Low
8647-SDTWQ,57,Month-to-month,Fiber optic,74.3,4018.35,0,0.27343584799976123,Low
3685-YLCMQ,58,One year,Fiber optic,104.65,6219.6,1,0.27337081121200585,Low
4123-FCVCB,12,One year,DSL,75.85,854.45,0,0.2732290942943432,Low
5076-YVXCM,51,Month-to-month,Fiber optic,83.4,4149.45,0,0.272270235378605,Low
6351-SCJKT,3,Month-to-month,DSL,41.35,107.25,0,0.2722564301475026,Low
0899-WZRSD,56,Month-to-month,Fiber optic,105.35,5794.45,0,0.27223533984984205,Low
6954-OOYZZ,18,Month-to-month,DSL,44.35,768.05,0,0.2722279050769835,Low
0823-HSCDJ,52,Month-to-month,DSL,49.15,2550.9,1,0.27215787807406217,Low
0909-SDHNU,7,Month-to-month,DSL,29.8,201.95,0,0.2720280881030736,Low
5274-XHAKY,41,Month-to-month,Fiber optic,94.3,3893.6,0,0.27199287884269685,Low
3689-MOZGR,29,Month-to-month,DSL,31.2,926.2,0,0.2719638365778918,Low
8450-JOVAH,2,Month-to-month,DSL,56.7,113.55,1,0.27193108062473775,Low
2267-FPIMA,50,Month-to-month,Fiber optic,94.4,4914.9,0,0.2718764563475107,Low
9564-KCLHR,1,Month-to-month,DSL,51.25,51.25,1,0.27183275140641655,Low
2533-TIBIX,15,Month-to-month,DSL,30.2,469.65,0,0.27175746096211834,Low
6559-RAKOZ,49,One year,Fiber optic,97.95,4917.9,0,0.2716743923195836,Low
2273-QCKXA,1,Month-to-month,DSL,49.05,49.05,0,0.2712273714730219,Low
8205-MQUGY,12,Month-to-month,DSL,49.2,571.15,0,0.27108727555151035,Low
7521-AFHAB,5,Month-to-month,DSL,44.8,220.45,0,0.2708851269725361,Low
6897-UUBNU,29,Month-to-month,Fiber optic,89.65,2623.65,0,0.2707700281153799,Low
8967-SZQAS,14,Month-to-month,DSL,50.45,765.45,0,0.27041245315387596,Low
0843-WTBXE,53,Month-to-month,Fiber optic,85.45,4517.25,1,0.27010701646936364,Low
8868-GAGIO,45,Month-to-month,Fiber optic,84.55,3713.95,0,0.2696684052378627,Low
2279-AXJJK,52,Month-to-month,Fiber optic,95.65,5088.4,0,0.2696067125010467,Low
3522-CDKHF,32,Month-to-month,Fiber optic,75.5,2324.7,0,0.2694854913769587,Low
2382-BCKQJ,62,One year,Fiber optic,100.15,6413.65,1,0.26930137907885837,Low
8095-WANWK,10,Month-to-month,DSL,45.25,428.7,0,0.2692952294420552,Low
6576-FBXOJ,17,One year,DSL,54.6,934.8,0,0.2691413388878917,Low
4957-TREIR,3,Month-to-month,DSL,64.4,195.65,0,0.2691229530287652,Low
3656-TKRVZ,3,Month-to-month,DSL,55.35,165.2,1,0.268592432240166,Low
0406-BPDVR,54,One year,Fiber optic,101.5,5373.1,1,0.2684857801148281,Low
5141-ZUVBH,9,Month-to-month,Fiber optic,93.0,870.25,0,0.2684410341145708,Low
2623-DRYAM,70,One year,Fiber optic,101.75,7069.3,0,0.2684386751661742,Low
4256-ZWTZI,5,Month-to-month,DSL,51.0,286.8,0,0.268263308196218,Low
4672-FOTSD,12,Month-to-month,DSL,67.25,832.3,0,0.26825052208114736,Low
8807-ARQET,41,Month-to-month,DSL,40.35,1677.85,0,0.26791710924639206,Low
2709-UQGNP,10,Month-to-month,DSL,51.65,524.5,0,0.2676041812313385,Low
6313-GIDIT,53,Month-to-month,DSL,54.45,2854.55,1,0.2676023079372018,Low
3325-FUYCG,28,One year,Fiber optic,106.1,2847.4,1,0.2670651575245686,Low
2172-EJXVF,71,One year,Fiber optic,105.9,7521.95,0,0.2670221948763058,Low
3016-KSVCP,29,Month-to-month,DSL,33.75,1009.25,0,0.2668959722766482,Low
6353-BRMMA,54,Month-to-month,Fiber optic,104.1,5645.8,0,0.2665534727001025,Low
1935-IMVBB,56,Month-to-month,Fiber optic,89.7,4952.95,0,0.26652044124415936,Low
1809-DMJHQ,5,Month-to-month,DSL,46.0,221.7,1,0.2664680162267721,Low
2293-IJWPS,57,One year,Fiber optic,100.75,5985.0,0,0.26638593610712846,Low
5336-UFNZP,65,One year,Fiber optic,107.45,7047.5,0,0.2663852160240568,Low
7750-EYXWZ,12,One year,DSL,60.65,743.3,0,0.2663519486111417,Low
5136-RGMZO,31,Month-to-month,DSL,71.05,2168.15,0,0.2663233566591109,Low
2320-SLKMB,26,Month-to-month,DSL,44.45,1183.8,0,0.26610770988484694,Low
9137-NOQKA,2,Month-to-month,No,19.2,37.2,0,0.26610402729303634,Low
0512-FLFDW,60,One year,Fiber optic,100.5,6029.0,0,0.26551101546431216,Low
4324-BZCKL,10,Month-to-month,DSL,55.55,551.3,0,0.26527972653231957,Low
2684-EIWEO,30,Month-to-month,Fiber optic,91.7,2758.15,1,0.26508757361908836,Low
2669-QVCRG,41,Month-to-month,Fiber optic,81.3,3190.65,0,0.2650580443604552,Low
8679-LZBMD,44,One year,Fiber optic,90.65,3974.15,0,0.26500581144144636,Low
7854-EKTJL,2,Month-to-month,No,19.6,35.85,1,0.2644155323418438,Low
0237-YFUTL,50,Month-to-month,Fiber optic,109.65,5405.8,0,0.26437779056561833,Low
8980-WQFWL,35,Month-to-month,DSL,62.1,2096.1,0,0.2643500108880691,Low
8597-CWYHH,43,One year,Fiber optic,94.35,3921.3,0,0.2642145971326658,Low
2924-KHUVI,56,One year,Fiber optic,100.55,5514.95,0,0.26416997176664747,Low
4685-ERGHK,57,One year,Fiber optic,86.9,4939.25,0,0.26413261474125366,Low
4647-XXZAM,6,Month-to-month,DSL,45.5,285.2,0,0.26395532637238117,Low
5423-BHIXO,32,Month-to-month,DSL,54.2,1739.6,0,0.2636685680851691,Low
3424-NMNBO,58,One year,Fiber optic,108.85,6287.25,1,0.2634816168439669,Low
0326-VDYXE,70,One year,Fiber optic,97.65,6982.5,0,0.26333616091113,Low
2195-VVRJF,18,Month-to-month,DSL,59.1,1011.05,0,0.26329302678973143,Low
6815-ABQFQ,56,One year,Fiber optic,107.25,6033.3,0,0.26326845685416916,Low
0461-CVKMU,23,Month-to-month,Fiber optic,83.8,1900.25,1,0.2630802512653202,Low
3132-TVFDZ,57,Month-to-month,DSL,44.85,2572.95,1,0.262902837636282,Low
7742-MYPGI,6,Month-to-month,DSL,48.8,297.35,0,0.2628173688248341,Low
3577-AMVUX,1,Month-to-month,DSL,55.05,55.05,0,0.26267610408927383,Low
6344-SFJVH,20,Month-to-month,DSL,24.9,505.95,0,0.2624681192099622,Low
8695-WDYEA,1,Month-to-month,DSL,51.25,51.25,0,0.2623297550694091,Low
2828-SLQPF,19,Month-to-month,DSL,45.0,865.85,0,0.26215950878972494,Low
5136-GFPMB,54,Month-to-month,Fiber optic,89.4,4869.5,0,0.2617625516203742,Low
7356-IWLFW,46,Month-to-month,Fiber optic,80.0,3769.7,0,0.2617399529645934,Low
9912-OMZDS,59,One year,Fiber optic,106.15,6256.2,0,0.26144268981884644,Low
2480-JZOSN,1,Month-to-month,No,20.65,20.65,0,0.26143480383676443,Low
6680-NENYN,43,Two year,Fiber optic,104.6,4759.85,1,0.26142232620302397,Low
2003-CKLOR,66,Month-to-month,Fiber optic,99.5,6710.5,1,0.2612345072157693,Low
6818-WOBHJ,68,Month-to-month,Fiber optic,89.6,6127.6,1,0.2611798733966462,Low
1575-KRZZE,4,Month-to-month,DSL,55.2,220.65,0,0.26106876955190295,Low
4130-MZLCC,5,Month-to-month,DSL,50.55,244.75,0,0.2609090421818296,Low
8262-COGGB,1,Month-to-month,No,20.45,20.45,0,0.2608840157003704,Low
5996-DAOQL,1,Month-to-month,No,20.45,20.45,0,0.2608840157003704,Low
2081-KJSQF,1,Month-to-month,No,20.25,20.25,0,0.26083036973171886,Low
5356-RHIPP,1,Month-to-month,No,20.2,20.2,1,0.2608169593550321,Low
8305-VHZBZ,1,Month-to-month,No,20.2,20.2,1,0.2608169593550321,Low
1240-KNSEZ,1,Month-to-month,No,20.1,20.1,1,0.260790139940301,Low
1000-AJSLD,1,Month-to-month,No,20.1,20.1,1,0.260790139940301,Low
2108-YKQTY,4,Month-to-month,DSL,50.7,151.3,1,0.2607795011647159,Low
4661-NJEUX,1,Month-to-month,No,20.05,20.05,0,0.26077673090227704,Low
5370-IIVVL,37,One year,Fiber optic,104.5,3778.0,0,0.26075995848336664,Low
2369-FEVNO,1,Month-to-month,No,19.9,19.9,0,0.26073650646569346,Low
2465-BLLEU,1,Month-to-month,No,19.75,19.75,0,0.26069628604555567,Low
7989-CHGTL,1,Month-to-month,No,19.6,19.6,1,0.2606560696421376,Low
5906-BFOZT,1,Month-to-month,No,19.5,19.5,0,0.26062926093817185,Low
0058-EVZWM,55,Month-to-month,Fiber optic,89.8,4959.6,0,0.260618604217376,Low
4667-OHGKG,1,Month-to-month,No,19.3,19.3,1,0.2605756488865558,Low
2075-RMJIK,5,Month-to-month,DSL,49.4,232.55,0,0.26055657873571714,Low
9318-NKNFC,1,Month-to-month,No,18.85,18.85,1,0.2604550478854188,Low
4070-OKWVH,52,Month-to-month,Fiber optic,94.6,5025.8,0,0.26034289181742043,Low
3404-JNXAX,51,Month-to-month,Fiber optic,80.75,4116.9,0,0.26000251717955575,Low
9614-RMGHA,65,Month-to-month,Fiber optic,91.85,5940.85,1,0.2598786530256403,Low
0668-OGMHD,21,Month-to-month,DSL,28.5,629.35,0,0.25973109517523496,Low
2027-OAQQC,43,Month-to-month,DSL,49.05,2076.2,1,0.25972152805644266,Low
7905-NJMXS,7,Month-to-month,DSL,64.2,475.0,0,0.2595977378622696,Low
2045-BMBTJ,33,Month-to-month,DSL,59.45,1884.65,0,0.259409278723426,Low
6620-JDYNW,18,Month-to-month,DSL,60.6,1156.35,0,0.25902557536103993,Low
6179-GJPSO,43,Month-to-month,Fiber optic,108.15,4600.7,1,0.2588717236076586,Low
8755-IWJHN,69,Month-to-month,Fiber optic,95.35,6382.0,0,0.2586426181955494,Low
9544-PYPSJ,62,Month-to-month,Fiber optic,96.1,6019.35,0,0.2586349960381328,Low
8294-UIMBA,30,One year,Fiber optic,94.4,2638.1,0,0.2586152809754382,Low
9163-GHAYE,15,Month-to-month,DSL,48.85,736.8,0,0.25853075520602814,Low
2043-WVTQJ,1,Month-to-month,DSL,55.7,55.7,0,0.2581531442185163,Low
1871-MOWRM,12,Month-to-month,Fiber optic,80.85,866.45,1,0.2577803712058306,Low
8706-HRADD,21,Month-to-month,DSL,43.55,1011.5,0,0.2575949100891313,Low
5071-FBJFS,4,Month-to-month,DSL,50.3,217.1,0,0.25754181254543446,Low
6917-YACBP,59,Month-to-month,Fiber optic,89.75,5496.9,0,0.25744538361349867,Low
8722-NGNBH,5,Month-to-month,DSL,40.0,223.45,1,0.25723563985688463,Low
2391-SOORI,4,Month-to-month,DSL,49.35,219.65,1,0.2569623085813008,Low
4634-JLRJT,1,Month-to-month,No,20.35,20.35,0,0.25671671122467865,Low
8073-IJDCM,1,Month-to-month,No,20.3,20.3,1,0.2567034388971704,Low
0670-KDOMA,1,Month-to-month,No,20.25,20.25,0,0.25669016701887454,Low
2876-VBBBL,1,Month-to-month,No,20.25,20.25,1,0.25669016701887454,Low
7839-QRKXN,1,Month-to-month,No,20.2,20.2,1,0.25667689558980017,Low
4897-QSUYC,1,Month-to-month,No,20.15,20.15,1,0.2566636246099568,Low
4310-KEDTB,26,Month-to-month,DSL,29.8,786.5,0,0.2566242116959588,Low
4800-VHZKI,1,Month-to-month,No,19.9,19.9,1,0.2565972764495282,Low
4588-YBNIB,1,Month-to-month,No,19.6,19.6,1,0.256517673483574,Low
1622-HSHSF,1,Month-to-month,No,19.55,19.55,0,0.2565044078952254,Low
8566-YPRGL,1,Month-to-month,No,19.5,19.5,0,0.25649114275622825,Low
4851-BQDNX,40,One year,Fiber optic,85.05,3355.65,0,0.25647202471409614,Low
7298-IZWLY,1,Month-to-month,No,19.4,19.4,0,0.25646461382632557,Low
6121-VZNQB,1,Month-to-month,No,19.1,19.1,1,0.2563850378220155,Low
3756-VNWDH,65,One year,Fiber optic,100.75,6674.65,0,0.2562198854679025,Low
8652-YHIYU,16,One year,Fiber optic,79.5,1264.2,0,0.256015389569908,Low
2898-LSJGD,21,One year,DSL,55.95,1157.05,1,0.25595522876137083,Low
7501-VTYLJ,2,Month-to-month,DSL,51.55,106.2,0,0.2559282327489902,Low
0471-ARVMX,62,One year,Fiber optic,104.85,6312.9,0,0.2558745914371951,Low
0959-WHOKV,42,One year,Fiber optic,99.0,4298.45,0,0.25576537261627547,Low
2625-TRCZQ,51,Month-to-month,DSL,49.65,2553.35,0,0.25554898719576985,Low
7398-LXGYX,44,Month-to-month,Fiber optic,84.8,3626.35,0,0.2552141086172389,Low
7016-BPGEU,29,Month-to-month,DSL,25.1,712.85,1,0.25499439637299154,Low
4468-YDOVK,5,Month-to-month,DSL,48.65,235.2,0,0.25485522233283314,Low
4791-QRGMF,59,One year,Fiber optic,99.5,5961.1,1,0.254791996626849,Low
4177-JPDFU,12,Month-to-month,DSL,34.0,442.45,0,0.25448693723295984,Low
2937-FTHUR,18,Month-to-month,DSL,64.8,1166.7,0,0.254395099001581,Low
5651-WYIPH,18,Month-to-month,DSL,49.85,865.75,0,0.2542477998120778,Low
9419-IPPBE,51,One year,Fiber optic,90.15,4554.85,0,0.2539871925258603,Low
7629-WIXZF,7,One year,DSL,59.1,369.25,0,0.25390531848689696,Low
8495-LJDFO,64,Month-to-month,Fiber optic,108.95,7111.3,0,0.25371032954671136,Low
2782-JEEBU,21,Month-to-month,DSL,36.0,780.15,0,0.25361782179868453,Low
3604-WLABM,10,Month-to-month,DSL,54.25,583.0,0,0.25358946334316573,Low
0618-XWMSS,28,Month-to-month,Fiber optic,74.9,2068.55,1,0.25348806961443643,Low
7821-DPRQE,68,Month-to-month,Fiber optic,107.7,7320.9,0,0.2534792567317767,Low
8263-OKETD,20,Month-to-month,DSL,68.9,1370.35,0,0.25341969515880286,Low
7610-TVOPG,15,Month-to-month,No,26.35,378.6,0,0.25312835198144373,Low
6968-GMKPR,55,Month-to-month,Fiber optic,81.55,4509.5,0,0.2524818162678795,Low
7921-LMDFQ,51,One year,Fiber optic,94.0,4905.75,0,0.2523651939847347,Low
3620-MWJNE,2,Month-to-month,DSL,54.45,87.3,0,0.2523448839644142,Low
5325-UWTWJ,31,Month-to-month,Fiber optic,90.55,2929.75,0,0.25216764603880004,Low
0742-MOABM,4,Month-to-month,DSL,50.05,179.35,1,0.25210288297830086,Low
0575-CUQOV,60,One year,Fiber optic,97.95,5867.0,0,0.25188023905173856,Low
2640-LYMOV,2,Month-to-month,No,19.65,38.8,0,0.2516302415224771,Low
6629-LADHQ,2,Month-to-month,DSL,50.95,123.05,0,0.2515699205133807,Low
3629-WEAAM,8,Month-to-month,DSL,64.1,504.05,0,0.2513931404562319,Low
7673-LPRNY,23,One year,DSL,78.55,1843.05,0,0.2513781940748379,Low
3097-PYWXL,4,Month-to-month,No,19.95,82.9,0,0.2513721190786382,Low
6572-ADKRS,46,Month-to-month,Fiber optic,74.8,3548.3,0,0.2512790734655523,Low
2267-WTPYD,57,Month-to-month,Fiber optic,94.0,5438.95,0,0.25118755092922773,Low
0799-DDIHE,15,Month-to-month,DSL,46.3,639.45,0,0.25115246983584605,Low
2607-FBDFF,1,Month-to-month,DSL,49.0,49.0,0,0.25087021216546396,Low
5701-ZIKJE,13,Month-to-month,DSL,50.55,610.75,0,0.25072748093346325,Low
7054-ENNGU,9,Month-to-month,DSL,50.85,466.6,0,0.25066865211456363,Low
9835-ZIITK,66,One year,Fiber optic,110.85,7491.75,1,0.25032929692413436,Low
6067-NGCEU,65,Month-to-month,Fiber optic,111.05,7107.0,0,0.2500773771517691,Low
2522-AHJXR,60,Month-to-month,Fiber optic,109.45,6572.85,0,0.2500355420150244,Low
8267-ZNYVZ,33,One year,Fiber optic,103.75,3361.05,1,0.24993733568432427,Low
6207-WIOLX,25,Month-to-month,DSL,58.6,1502.65,1,0.24988421823250362,Low
4250-FDVOU,6,Month-to-month,DSL,56.25,389.1,1,0.2493757248815331,Low
0228-MAUWC,19,Month-to-month,DSL,59.55,1144.6,0,0.2493129144749213,Low
3701-SFMUH,7,Month-to-month,DSL,69.7,516.15,0,0.2489361891107219,Low
2676-OXPPQ,6,Month-to-month,DSL,55.7,335.65,0,0.24886435115733846,Low
1360-JYXKQ,54,One year,Fiber optic,99.1,5437.1,0,0.24880313667130174,Low
5088-QZLRL,1,Month-to-month,No,20.65,20.65,0,0.24858074033378313,Low
7893-IXHRQ,1,Month-to-month,No,20.55,20.55,1,0.24855475606292274,Low
5553-AOINX,66,One year,Fiber optic,104.9,6891.45,0,0.2484865557253984,Low
7319-VENRZ,7,Month-to-month,DSL,64.3,445.95,0,0.24843609091329832,Low
5143-WMWOG,1,Month-to-month,No,19.95,19.95,1,0.24839888861355752,Low
5201-FRKKS,25,Month-to-month,Fiber optic,74.3,1952.25,0,0.24838359170719,Low
9881-VCZEP,25,Month-to-month,DSL,54.1,1373.0,0,0.24832568227730298,Low
7617-EYGLW,1,Month-to-month,No,19.45,19.45,0,0.24826904907118988,Low
4232-JGKIY,1,Month-to-month,No,19.2,19.2,0,0.2482041463475868,Low
6284-KMNUF,56,One year,Fiber optic,98.0,5270.6,0,0.24800199934531417,Low
3594-IVHJZ,2,Month-to-month,No,20.45,42.45,0,0.2479258469301873,Low
4986-MXSFP,2,Month-to-month,No,20.0,40.9,0,0.24775846967091852,Low
7285-KLOTR,12,One year,DSL,78.85,876.75,0,0.24770507450697254,Low
0871-OPBXW,2,Month-to-month,No,20.05,39.25,0,0.24769313828603973,Low
6967-QIQRV,15,One year,Fiber optic,101.9,1667.25,0,0.24766568529088687,Low
9027-YFHQJ,7,Month-to-month,No,25.05,152.95,0,0.24757703154491523,Low
6942-LBFDP,2,Month-to-month,No,20.55,33.6,0,0.2475395700471883,Low
2731-GJRDG,32,One year,Fiber optic,109.55,3608.0,0,0.24739072468247628,Low
6689-VRRTK,44,One year,Fiber optic,109.8,4860.35,0,0.24704457169215985,Low
7814-LEEVE,1,Month-to-month,No,20.3,20.3,0,0.2470165408035817,Low
4188-FRABG,57,Month-to-month,Fiber optic,103.05,5925.75,0,0.24698299960710493,Low
4612-THJBS,56,One year,Fiber optic,104.75,5510.65,1,0.246894124740618,Low
0880-FVFWF,56,Month-to-month,Fiber optic,86.4,4922.4,0,0.2466804154058259,Low
6791-YBNAK,18,Month-to-month,DSL,25.55,467.85,0,0.24661418905499333,Low
1493-AMTIE,1,Month-to-month,No,20.2,20.2,1,0.24651183020624068,Low
7291-CDTMJ,1,Month-to-month,No,19.65,19.65,0,0.24636973855092886,Low
1685-VAYJF,11,Month-to-month,DSL,45.2,492.0,0,0.24625088100309234,Low
5243-SAOTC,54,Month-to-month,Fiber optic,79.85,4308.25,0,0.24590015208096608,Low
4925-LMHOK,15,Month-to-month,DSL,58.6,939.7,1,0.24552648143253,Low
2475-MROZF,30,Month-to-month,Fiber optic,95.0,2852.4,0,0.2450585895684986,Low
9500-LTVBP,35,Month-to-month,Fiber optic,80.05,2835.9,0,0.2447903911476923,Low
5337-IIWKZ,34,Month-to-month,DSL,44.85,1442.6,0,0.24470649044173937,Low
1228-FZFRV,50,Month-to-month,Fiber optic,105.95,5341.8,1,0.24468288683835968,Low
7074-STDCN,39,Month-to-month,DSL,40.6,1494.5,0,0.2446692942301496,Low
2778-OCLGR,24,Month-to-month,DSL,39.1,971.3,1,0.2446150919535939,Low
8620-RJPZN,1,Month-to-month,No,20.7,20.7,0,0.24458349451706216,Low
5624-RYAMH,9,Month-to-month,No,19.5,178.85,0,0.24450171707838178,Low
0215-BQKGS,30,Month-to-month,Fiber optic,84.3,2438.6,0,0.24449803513927496,Low
7041-TXQJH,37,Month-to-month,DSL,40.2,1478.85,0,0.24441638463334042,Low
1156-ZFYDO,1,Month-to-month,No,19.75,19.75,0,0.24433939523143694,Low
0761-AETCS,1,Month-to-month,No,19.3,19.3,1,0.24422382680534324,Low
8992-CEUEN,1,Month-to-month,No,18.85,18.85,0,0.24410829538320686,Low
8885-QSQBX,1,Month-to-month,DSL,49.55,49.55,0,0.24353010365981448,Low
9572-MTILT,59,Month-to-month,Fiber optic,106.75,6252.9,1,0.2434162995559937,Low
3566-VVORZ,12,Month-to-month,DSL,45.9,505.95,0,0.24339875163657146,Low
7526-IVLYU,3,Month-to-month,No,19.65,68.35,0,0.24327436084734705,Low
6300-BWMJX,59,Month-to-month,Fiber optic,93.35,5386.5,0,0.2432546218417164,Low
6184-DYUOB,3,Month-to-month,No,19.6,55.25,0,0.24314213400811793,Low
2826-UWHIS,45,Month-to-month,Fiber optic,81.4,3775.85,0,0.24307272510560973,Low
7799-DSEWS,18,Month-to-month,DSL,68.35,1299.8,0,0.2429229593681642,Low
7351-MHQVU,6,Month-to-month,DSL,50.95,307.6,0,0.2429044216348521,Low
1449-XQEMT,3,Month-to-month,No,19.8,58.15,1,0.24284215987923097,Low
5309-TAIKL,7,Month-to-month,DSL,62.8,418.3,0,0.24282115594805195,Low
5066-GFJMM,3,Month-to-month,No,19.9,45.75,0,0.2427734358217206,Low
7580-UGXNC,2,Month-to-month,DSL,54.85,104.2,1,0.2426965702361953,Low
2955-PSXOE,1,Month-to-month,No,20.2,20.2,1,0.24252433640462875,Low
8992-OBVDG,21,Month-to-month,DSL,61.65,1393.6,0,0.24250919902986742,Low
9039-ZVJDC,3,Month-to-month,No,19.1,53.05,0,0.24246336855629286,Low
5186-EJEGL,9,Month-to-month,DSL,69.5,653.25,0,0.2423639134589696,Low
1098-TDVUQ,1,Month-to-month,No,19.25,19.25,0,0.24228163308268114,Low
5828-DWPIL,62,Month-to-month,Fiber optic,89.1,5618.3,0,0.24217097993858192,Low
5443-SCMKX,58,One year,Fiber optic,94.3,5610.15,0,0.24211685190587162,Low
2153-MREFK,37,One year,Fiber optic,99.2,3754.6,1,0.24199829435515272,Low
6158-DWPZT,9,One year,DSL,24.1,259.8,1,0.2419402893667886,Low
8547-NSBBO,35,Month-to-month,Fiber optic,96.75,3403.4,0,0.24188851808049056,Low
4430-YHXGG,4,Month-to-month,No,25.45,84.2,0,0.24184503812019953,Low
2208-NQBCT,26,Month-to-month,Fiber optic,81.95,2070.05,0,0.24173198168212237,Low
1104-FEJAM,28,Month-to-month,DSL,64.4,1802.15,0,0.24172410852654835,Low
9360-AHGNL,43,One year,Fiber optic,109.55,4830.25,1,0.2417211499275136,Low
8812-ZRHFP,30,One year,Fiber optic,86.45,2538.05,0,0.2415706448659211,Low
3584-WKTTW,51,One year,Fiber optic,111.55,5720.35,0,0.24156289935566586,Low
0550-DCXLH,13,Month-to-month,DSL,73.35,931.55,0,0.24147892427633,Low
1470-PSXNM,49,One year,Fiber optic,93.65,4520.15,0,0.24142514054202413,Low
1958-RNRKS,30,Month-to-month,DSL,49.9,1441.95,0,0.24128147426671487,Low
2259-OUUSZ,7,One year,DSL,35.5,249.55,0,0.24122269081137668,Low
6366-XIVKZ,13,Month-to-month,DSL,63.15,816.8,0,0.24121940223283336,Low
7853-WNZSY,1,Month-to-month,No,19.75,19.75,0,0.24088102078119591,Low
4431-EDMIQ,7,Month-to-month,DSL,75.7,554.05,0,0.24047992900638848,Low
2604-XVDAM,12,Month-to-month,DSL,43.8,540.95,0,0.24011477851872473,Low
4827-USJHP,20,Month-to-month,DSL,51.8,1023.85,0,0.2398487081847722,Low
4524-QCSSM,26,Month-to-month,DSL,44.65,1156.55,0,0.23956130068753492,Low
4797-AXPXK,1,Month-to-month,DSL,60.0,60.0,1,0.23944101580982813,Low
7103-IPXPJ,50,One year,Fiber optic,99.4,5059.75,0,0.23941908881720275,Low
2393-DIVAI,3,Month-to-month,No,20.0,61.7,0,0.23909638475131711,Low
5131-PONJI,49,Month-to-month,Fiber optic,90.4,4494.65,0,0.23898736391207767,Low
1087-UDSIH,3,Month-to-month,No,19.6,59.75,1,0.23892550042964514,Low
8111-BKVDS,10,Month-to-month,DSL,40.7,449.3,0,0.23887221957719884,Low
2233-FAGXV,5,Month-to-month,No,24.3,132.25,0,0.23865885130458503,Low
2305-MRGLV,28,Month-to-month,Fiber optic,76.55,2065.4,0,0.23857042210849114,Low
8050-WYBND,22,One year,DSL,49.45,1031.4,0,0.2384602261918874,Low
7124-UGSUR,61,One year,Fiber optic,104.4,6405.0,1,0.23843616620247077,Low
7880-XSOJX,4,Month-to-month,DSL,42.4,146.4,0,0.23840983142671016,Low
4945-RVMTE,28,Month-to-month,DSL,59.55,1646.45,0,0.23832993613333245,Low
7251-XFOIL,61,Month-to-month,Fiber optic,89.2,5500.6,0,0.23822887380088464,Low
5898-IGSLP,31,Month-to-month,Fiber optic,89.3,2823.0,0,0.23819882975122103,Low
7128-GGCNO,46,Month-to-month,Fiber optic,72.8,3249.4,0,0.2380812855832981,Low
4608-LCIMN,8,Month-to-month,DSL,44.65,369.15,0,0.23792644185158254,Low
2480-EJWYP,58,One year,Fiber optic,97.8,5458.8,0,0.23791310555044629,Low
5802-ADBRC,50,One year,Fiber optic,104.4,5232.9,0,0.23786049419007907,Low
7595-EHCDL,32,Month-to-month,DSL,50.6,1653.45,0,0.23782986311792095,Low
0423-UDIJQ,9,Month-to-month,DSL,49.2,447.9,0,0.23764776392358428,Low
8003-EWNDZ,10,Month-to-month,No,21.2,222.65,0,0.23729574726487362,Low
1074-AMIOH,53,Month-to-month,Fiber optic,108.25,5935.1,0,0.2372726464918316,Low
2832-SCUCO,2,Month-to-month,No,19.9,57.4,0,0.23654149079907083,Low
1794-SWWKL,15,Month-to-month,DSL,59.65,867.1,0,0.23624843387310182,Low
4003-FUSHP,19,Month-to-month,DSL,61.55,1093.2,0,0.23597040721829554,Low
3413-DHLPB,60,Month-to-month,Fiber optic,103.75,5969.95,0,0.2358805990977177,Low
8713-IGZSO,2,Month-to-month,No,24.85,62.0,0,0.235576995961166,Low
7733-UDMTP,57,Month-to-month,DSL,55.0,3094.05,0,0.2355382159063723,Low
7203-OYKCT,72,One year,Fiber optic,104.95,7544.3,0,0.23551994982233876,Low
6773-LQTVT,29,Month-to-month,DSL,35.65,1025.15,0,0.23545056978936818,Low
3419-SNJJD,65,Month-to-month,Fiber optic,105.25,6786.4,1,0.23526461353773453,Low
0872-JCPIB,17,Month-to-month,DSL,65.75,1111.2,0,0.23524734644584272,Low
1699-HPSBG,12,One year,DSL,59.8,727.8,1,0.2352210115957299,Low
1986-PHGZF,18,Month-to-month,DSL,58.4,964.9,0,0.2350096171681467,Low
2408-TZMJL,59,One year,Fiber optic,110.15,6448.05,1,0.23498683645300764,Low
6890-PFRQX,18,Month-to-month,DSL,69.5,1199.4,0,0.23481708227081943,Low
8198-RKSZG,14,Month-to-month,DSL,80.45,1137.05,0,0.23409119818752475,Low
3714-JTVOV,42,Month-to-month,Fiber optic,74.15,3229.4,1,0.23407669821185914,Low
3307-TLCUD,17,Month-to-month,DSL,34.4,592.75,0,0.23404972148000486,Low
3007-FDPEA,2,Month-to-month,No,20.7,39.85,0,0.23403991475120797,Low
4393-RYCRE,44,One year,Fiber optic,106.05,4510.8,0,0.23401949423320048,Low
5018-HEKFO,10,Month-to-month,No,24.5,270.15,0,0.23401398014429908,Low
5949-EBSQK,4,Month-to-month,DSL,61.45,229.55,1,0.2339632051333824,Low
3920-HIHMQ,26,Month-to-month,DSL,49.5,1265.65,0,0.23386019400592736,Low
6633-SYEUS,23,Month-to-month,Fiber optic,83.2,2032.3,0,0.2338001491586839,Low
0690-SRQID,4,Month-to-month,No,19.65,67.55,0,0.2337626261176525,Low
0567-GGCAC,7,Month-to-month,DSL,61.4,438.9,0,0.23362202608012794,Low
5144-PQCDZ,4,Month-to-month,No,19.95,59.25,0,0.23345683149737723,Low
9375-MHRRS,6,Month-to-month,DSL,50.05,288.35,0,0.23343652814759527,Low
7550-WIQVA,50,One year,Fiber optic,108.25,5431.4,0,0.23340312167617341,Low
9825-YCXWZ,41,One year,Fiber optic,101.1,4016.2,0,0.23335309748382096,Low
3521-MNKLV,24,Month-to-month,DSL,49.7,1167.8,0,0.23287762192564973,Low
5180-UCIIQ,22,Month-to-month,DSL,40.05,880.2,1,0.23253703587787097,Low
7636-XUHWW,2,Month-to-month,No,19.9,33.7,0,0.23211384789481673,Low
8217-QYOHV,5,Month-to-month,DSL,55.75,266.95,0,0.23204640917529373,Low
1450-SKCVI,56,Month-to-month,Fiber optic,73.85,4092.85,1,0.23195129157486455,Low
0898-XCGTF,61,One year,Fiber optic,96.5,5673.7,0,0.23147868730702165,Low
8627-ZYGSZ,47,One year,Fiber optic,78.9,3650.35,0,0.23113816205962825,Low
2000-MPKCA,58,One year,Fiber optic,107.75,6332.75,0,0.23055592908499678,Low
3890-RTCMS,16,Month-to-month,DSL,49.45,799.0,0,0.2304089845458929,Low
3780-DDGSE,35,Month-to-month,DSL,76.05,2747.2,0,0.23029670716875825,Low
4767-HZZHQ,30,Month-to-month,Fiber optic,82.05,2570.2,0,0.23006448772536214,Low
4501-VCPFK,26,Month-to-month,DSL,35.75,1022.5,0,0.22990077528162547,Low
3709-OIJEA,26,One year,Fiber optic,85.2,2184.6,0,0.2297444345485219,Low
2911-UREFD,39,Month-to-month,DSL,55.9,2184.35,1,0.22970852120819021,Low
2446-ZKVAF,18,Month-to-month,DSL,56.8,1074.65,0,0.22951531650585283,Low
0568-ONFPC,5,Month-to-month,No,25.9,135.0,1,0.22943098491044187,Low
9943-VSZUV,67,Month-to-month,Fiber optic,75.7,5060.85,0,0.2294076884249278,Low
0096-FCPUF,30,Month-to-month,DSL,64.5,1888.45,0,0.22939619333035374,Low
4338-EYCER,21,Month-to-month,DSL,54.6,1125.2,0,0.2292474072644256,Low
5445-GLVOT,22,Month-to-month,DSL,49.8,1049.05,0,0.2291991328787702,Low
3537-HPKQT,55,Month-to-month,Fiber optic,77.75,4266.4,0,0.22919341351018727,Low
9693-XMUOB,59,Month-to-month,DSL,50.25,2997.45,0,0.22914168000834706,Low
1061-PNTHC,56,Month-to-month,Fiber optic,109.6,5953.0,0,0.22903983606708309,Low
7549-MYGPK,63,Month-to-month,Fiber optic,100.55,6215.35,1,0.22902868629271722,Low
3162-ZJZFU,53,Month-to-month,Fiber optic,92.55,4779.45,0,0.22894239886982165,Low
2239-JALAW,58,One year,Fiber optic,103.25,6017.65,1,0.22865950228607795,Low
7426-WEIJX,60,Month-to-month,Fiber optic,80.95,4859.1,0,0.2283940293952851,Low
6898-MDLZW,12,Month-to-month,DSL,53.75,648.65,0,0.22820191022144803,Low
6473-ULUHT,16,Month-to-month,DSL,84.9,1398.25,0,0.22806576729264916,Low
4390-KYULV,3,Month-to-month,No,20.55,51.15,1,0.22804692204493812,Low
7402-PWYJJ,53,One year,Fiber optic,91.15,4862.5,0,0.22802545423740472,Low
5630-AHZIL,3,Month-to-month,DSL,64.5,177.4,0,0.22788291606606637,Low
8992-VONJD,13,Month-to-month,DSL,56.0,764.55,0,0.2278618162557426,Low
0853-NWIFK,45,One year,Fiber optic,100.3,4483.95,0,0.22781662180817197,Low
3744-ZBHON,3,Month-to-month,No,20.2,65.95,0,0.22768029197600928,Low
4693-VWVBO,3,Month-to-month,No,19.55,61.05,0,0.22733677937961477,Low
0268-QKIWO,3,Month-to-month,No,19.75,58.85,1,0.22728147219410028,Low
4832-VRBMR,65,One year,Fiber optic,103.15,6792.45,0,0.2272074397082619,Low
3982-XWFZQ,42,Month-to-month,DSL,50.25,2203.65,1,0.22697467417767456,Low
8190-ZTQFB,41,One year,DSL,51.35,2075.1,0,0.22685779116589438,Low
4098-NAUKP,68,Month-to-month,Fiber optic,84.65,5683.6,0,0.22664109914512248,Low
4291-HYEBC,28,One year,DSL,39.1,1096.6,0,0.22650788542875103,Low
2379-GYFLQ,46,One year,Fiber optic,94.9,4422.95,0,0.22622135443030933,Low
3144-KMTWZ,71,Month-to-month,Fiber optic,93.25,6669.45,0,0.22614364102458892,Low
9254-RBFON,17,One year,Fiber optic,98.6,1704.95,1,0.22568560071388993,Low
1335-HQMKX,72,One year,Fiber optic,101.35,7323.15,0,0.22555262891524164,Low
6647-ZEDXT,30,One year,Fiber optic,110.45,3327.05,0,0.22542659467654774,Low
0303-WMMRN,5,Month-to-month,No,19.25,86.05,0,0.22526410322005985,Low
0701-TJSEF,9,Month-to-month,DSL,68.25,576.95,0,0.2251689264162384,Low
8930-XOTDP,18,Month-to-month,DSL,55.95,1082.8,0,0.22513639600873409,Low
7446-YPODE,11,Month-to-month,DSL,60.25,662.95,0,0.22498658141696862,Low
6778-JFCMK,24,One year,DSL,50.6,1288.75,0,0.22497663387080616,Low
6483-OATDN,8,Month-to-month,DSL,51.3,411.6,0,0.22494063488139499,Low
9828-QHFBK,24,Month-to-month,DSL,51.15,1275.7,0,0.22477559771156258,Low
0719-SYFRB,12,Month-to-month,DSL,61.65,713.75,1,0.22477328836135985,Low
0463-WZZKO,3,Month-to-month,No,20.75,67.1,0,0.22454670231833807,Low
1324-NLTJE,15,Month-to-month,DSL,55.0,757.1,1,0.22403802794926997,Low
6469-QJKZW,4,Month-to-month,No,20.15,91.4,0,0.2238727330368699,Low
7611-YKYTC,22,Month-to-month,Fiber optic,75.0,1573.95,0,0.22369690835713743,Low
9277-JOOMO,3,Month-to-month,No,24.6,86.35,0,0.2235468944371251,Low
4415-WNGVR,12,One year,DSL,79.2,943.85,0,0.22347625455829917,Low
6270-OMFIW,60,One year,Fiber optic,94.4,5610.25,1,0.22347380994654598,Low
6549-YMFAW,9,Month-to-month,No,21.25,204.55,0,0.2232615299046118,Low
6345-HOVES,34,Month-to-month,DSL,25.05,852.7,0,0.22321645663318881,Low
5188-HGMLP,54,Month-to-month,Fiber optic,74.0,3919.15,0,0.22302393285758848,Low
5174-RNGBH,9,Month-to-month,DSL,66.25,620.55,1,0.22289643602760184,Low
7722-CVFXN,54,One year,Fiber optic,105.2,5637.85,0,0.22273954194387532,Low
2732-ISEZX,5,Month-to-month,No,20.5,104.3,0,0.22254533824686043,Low
0913-XWSCN,55,Month-to-month,Fiber optic,85.5,4713.4,0,0.22254249134186666,Low
1591-NFNLQ,51,Month-to-month,Fiber optic,80.0,4242.35,1,0.2222746700842216,Low
9154-QDGTH,43,One year,Fiber optic,104.3,4451.85,0,0.2222310282229323,Low
4692-NNQRU,21,One year,Fiber optic,79.2,1742.45,0,0.22222790680879162,Low
8735-IJJEG,14,Month-to-month,DSL,50.2,668.85,0,0.22206021038827126,Low
5174-ITUMV,67,One year,Fiber optic,105.4,6989.45,0,0.22201496244531602,Low
2478-EEWWM,59,Month-to-month,DSL,44.3,2666.75,0,0.22197398366641943,Low
3179-GBRWV,21,Month-to-month,DSL,64.95,1339.8,0,0.22156819420682672,Low
4118-CEVPF,35,One year,Fiber optic,110.8,3836.3,0,0.22118800326012206,Low
2947-DOMLJ,1,Month-to-month,DSL,50.6,50.6,1,0.22100797289781482,Low
6952-OMNWB,68,Month-to-month,Fiber optic,80.35,5589.3,0,0.2207489943941342,Low
3090-LETTY,2,Month-to-month,DSL,60.95,134.6,0,0.2203750379482921,Low
4255-DDUOU,1,Month-to-month,No,20.5,20.5,1,0.22033137672167838,Low
0471-LVHGK,41,One year,DSL,73.0,3001.2,1,0.22021901263294455,Low
9629-NHXFW,1,Month-to-month,No,19.4,19.4,0,0.22006861076013615,Low
8267-KFGYD,1,Month-to-month,No,21.05,21.05,0,0.22002041003564787,Low
2087-QAREY,22,Month-to-month,DSL,54.7,1178.75,0,0.21998791356681263,Low
1423-BMPBQ,1,Month-to-month,No,19.0,19.0,0,0.2199731152920693,Low
3255-GRXMG,18,Month-to-month,DSL,45.65,747.2,0,0.21992467688601897,Low
5868-YTYKS,1,Month-to-month,No,20.25,20.25,0,0.21982947889256743,Low
5897-ZYEKH,67,One year,Fiber optic,105.6,7112.15,0,0.2197813812650388,Low
3472-OAOOR,19,Month-to-month,DSL,34.95,610.2,0,0.21966010899124874,Low
1725-MIMXW,1,Month-to-month,No,19.45,19.45,1,0.21963866678037627,Low
6439-LAJXL,9,Month-to-month,DSL,68.95,593.85,0,0.21963034944769533,Low
1724-IQWNM,1,Month-to-month,No,19.3,19.3,0,0.21960290276137948,Low
4918-FYJNT,55,Month-to-month,Fiber optic,90.45,5044.8,0,0.21958969954769508,Low
3308-MHOOC,1,Month-to-month,No,19.2,19.2,0,0.21957906240702482,Low
2995-UPRYS,40,One year,Fiber optic,99.2,4062.2,1,0.2191241104511036,Low
8919-FYFQZ,44,Month-to-month,DSL,30.35,1359.7,1,0.21908218423025594,Low
8746-OQQRW,4,Month-to-month,No,25.25,101.9,0,0.2190656374857333,Low
7129-AZJDE,34,One year,Fiber optic,78.95,2647.2,0,0.21904348789445408,Low
9350-VLHMB,67,Month-to-month,Fiber optic,89.55,6373.1,0,0.2189265307206196,Low
9833-TGFHX,42,One year,Fiber optic,97.1,4016.75,0,0.21884753552690414,Low
4712-AUQZO,18,Month-to-month,DSL,33.6,550.35,0,0.21868998682524174,Low
0516-WJVXC,5,Month-to-month,DSL,54.2,308.25,1,0.21839572631007143,Low
0953-LGOVU,12,Month-to-month,DSL,35.5,432.25,0,0.21815191015114757,Low
3230-WYKIR,18,One year,DSL,82.0,1425.45,1,0.21768989035799946,Low
5366-OBVMR,18,Month-to-month,DSL,50.3,908.75,0,0.21760365454567476,Low
5028-HTLJB,1,Month-to-month,No,20.05,20.05,1,0.21759498079201825,Low
4456-RHSNB,19,Month-to-month,DSL,49.6,962.9,0,0.21754974635185237,Low
9391-YZEJW,62,One year,Fiber optic,94.0,5757.2,0,0.2175280303232995,Low
9537-VHDTA,1,Month-to-month,DSL,51.2,51.2,0,0.21745604497961651,Low
7089-XXAYG,25,One year,DSL,38.1,970.4,0,0.21731207801666522,Low
2065-MMKGR,29,One year,DSL,71.0,2080.1,0,0.2172851282082457,Low
1453-RZFON,1,Month-to-month,DSL,49.9,49.9,0,0.21714845121613294,Low
7746-AWNQW,28,Month-to-month,DSL,35.75,961.4,0,0.216731454764317,Low
3572-UOLYZ,46,Month-to-month,Fiber optic,84.8,3958.85,0,0.21662376897530355,Low
4646-QZXTF,7,Month-to-month,DSL,81.25,580.1,0,0.2165495627398093,Low
7957-RYHQD,40,Month-to-month,Fiber optic,79.2,3233.85,1,0.21630601854897918,Low
7976-CICYS,4,Month-to-month,No,20.7,83.75,0,0.21627902614044042,Low
0887-WBJVH,53,One year,Fiber optic,93.45,4872.2,0,0.2161386407926285,Low
3842-IYKUE,35,Month-to-month,Fiber optic,85.3,2917.5,1,0.2159575519236953,Low
4673-KKSLS,31,Month-to-month,Fiber optic,87.6,2724.25,0,0.2158344368098148,Low
2834-SPCJV,52,Month-to-month,Fiber optic,84.1,4348.65,1,0.21549781878736554,Low
1169-SAOCL,49,One year,Fiber optic,106.65,5168.1,0,0.21547684277066262,Low
1356-MKYSK,6,Month-to-month,DSL,78.65,483.3,0,0.215326800569626,Low
1698-XFZCI,61,One year,Fiber optic,107.75,6521.9,0,0.21528208995521603,Low
5287-QWLKY,71,Month-to-month,Fiber optic,105.1,7548.1,1,0.21504081674455094,Low
8023-QHAIO,56,Month-to-month,Fiber optic,76.85,4275.75,0,0.21495272401514476,Low
4486-EFAEB,13,Month-to-month,No,20.4,251.65,0,0.21479561381902137,Low
3733-ZEECP,22,Month-to-month,DSL,51.1,1232.9,0,0.21473438731690775,Low
7109-MFBYV,26,Month-to-month,DSL,45.45,1233.15,0,0.2144602263797881,Low
6728-VOIFY,63,One year,Fiber optic,96.0,6109.75,0,0.2144377799910498,Low
3466-BYAVD,15,Month-to-month,DSL,69.5,1071.4,0,0.21433352218704166,Low
4377-VDHYI,32,One year,Fiber optic,90.8,3023.85,0,0.2141770602011168,Low
5955-EPOAZ,6,Month-to-month,No,20.95,109.5,0,0.2139510524887771,Low
1041-RXHRA,41,Month-to-month,Fiber optic,70.25,2868.05,1,0.21390869637367518,Low
8404-VLQFB,15,Month-to-month,No,25.25,394.85,0,0.21388474714716707,Low
7395-XWZOY,20,Month-to-month,DSL,55.0,1165.55,0,0.21388394638466285,Low
6686-YPGHK,47,Month-to-month,Fiber optic,85.5,4042.3,1,0.21376856541041875,Low
8082-GHXOP,13,Month-to-month,DSL,44.0,659.35,0,0.21373134751891465,Low
1360-RCYRT,23,Month-to-month,DSL,30.35,678.75,0,0.2137035889933038,Low
9069-LGEUL,23,Month-to-month,DSL,59.95,1406.0,0,0.21369972703852338,Low
8070-AAWZP,24,Month-to-month,DSL,34.25,828.2,0,0.21369494618827636,Low
2585-KTFRE,1,Month-to-month,DSL,70.45,70.45,0,0.21366924313909488,Low
1091-SOZGA,56,One year,Fiber optic,99.8,5515.45,0,0.21366199157107016,Low
2229-VWQJH,24,Month-to-month,DSL,49.3,1233.25,0,0.21357578477307435,Low
0691-JVSYA,53,One year,Fiber optic,94.85,5000.2,1,0.2133308580465153,Low
8663-UPDGF,26,Month-to-month,DSL,69.5,1800.05,0,0.21330859793678209,Low
1485-YDHMM,52,Month-to-month,Fiber optic,93.25,4631.7,0,0.21293771115581822,Low
9103-CXVOK,1,Month-to-month,No,19.75,19.75,0,0.21277329239323625,Low
9099-FTUHS,23,Month-to-month,DSL,54.4,1249.25,0,0.21263634141320997,Low
0516-OOHAR,28,One year,Fiber optic,100.35,2799.0,0,0.21250806683886336,Low
6777-TGHTM,53,One year,Fiber optic,106.95,5785.5,1,0.21229305710888957,Low
0733-VUNUW,24,Month-to-month,DSL,55.65,1400.55,1,0.21225970445606004,Low
5198-EFNBM,57,One year,Fiber optic,90.65,5199.8,0,0.212196421038512,Low
5712-VBOXD,4,Month-to-month,No,20.15,68.45,0,0.21190508507375677,Low
7530-HDYDS,38,Month-to-month,Fiber optic,84.25,3264.5,1,0.21172187631269024,Low
2458-EOMRE,11,Month-to-month,DSL,64.05,733.95,0,0.21163531780104006,Low
6345-ULYRW,44,One year,Fiber optic,88.4,3912.9,1,0.2116244763289221,Low
2843-CQMEG,24,Month-to-month,DSL,49.7,1218.25,0,0.21138824310176038,Low
4160-AMJTL,8,Month-to-month,No,19.65,164.3,1,0.21128387863359913,Low
4781-ZXYGU,1,Month-to-month,No,20.15,20.15,0,0.2111156212273502,Low
8205-OTCHB,22,One year,DSL,43.75,903.6,1,0.21110496402038634,Low
8295-FHIVV,7,Month-to-month,No,19.4,168.65,0,0.21098167230862974,Low
2346-DJQTB,35,Month-to-month,DSL,24.15,812.5,0,0.2106077134664917,Low
9817-APLHW,12,Month-to-month,No,25.0,316.2,0,0.21053653843507086,Low
7716-YTYHG,48,One year,Fiber optic,82.05,4029.95,1,0.21047998377153232,Low
9578-FOMUK,15,Month-to-month,No,24.8,324.15,0,0.21044759522493717,Low
4567-AKPIA,41,One year,Fiber optic,109.1,4454.25,0,0.21033727717960762,Low
9788-YTFGE,7,Month-to-month,No,19.95,147.5,0,0.2102173227006774,Low
9323-HGFWY,27,One year,Fiber optic,101.9,2681.15,0,0.21021186642995485,Low
1840-BIUOG,20,One year,DSL,68.7,1416.2,0,0.2100379656366177,Low
5542-DHSXL,4,Month-to-month,DSL,54.7,235.05,0,0.20958306511709807,Low
1386-ZIKUV,7,Month-to-month,No,18.95,130.55,0,0.2093332840374621,Low
1394-SUIUH,44,Month-to-month,Fiber optic,85.15,3670.5,0,0.2092604244564873,Low
3807-XHCJH,1,Month-to-month,No,20.0,20.0,0,0.2092375735446559,Low
4869-EPIUS,56,One year,Fiber optic,80.9,4557.5,0,0.20914790336730363,Low
6050-IJRHS,70,One year,Fiber optic,106.5,7397.0,0,0.2091424310534591,Low
3679-XASPY,1,Month-to-month,No,19.45,19.45,0,0.20911100444625166,Low
6839-ITVZJ,26,Month-to-month,DSL,60.05,1616.15,1,0.2090786208440811,Low
9374-YOLBJ,1,Month-to-month,No,19.25,19.25,0,0.20906499328529243,Low
0820-FNRNX,17,Month-to-month,DSL,66.7,1077.05,0,0.20896989187461518,Low
8970-ANWXO,23,One year,DSL,73.75,1756.6,0,0.20887816916763663,Low
6575-SUVOI,25,Month-to-month,DSL,69.5,1752.65,0,0.20884834561212887,Low
8259-NFJTV,7,Month-to-month,DSL,34.65,246.6,0,0.2082479409627877,Low
1814-DKOLC,5,Month-to-month,No,25.45,134.75,0,0.20808032309091576,Low
9518-RWHZL,64,One year,Fiber optic,100.05,6254.2,1,0.20805125768669322,Low
8317-BVKSO,14,Month-to-month,No,20.05,299.3,0,0.20799415189757547,Low
6994-ORCWG,14,One year,DSL,54.25,773.2,0,0.20792035519103394,Low
3410-MHHUM,44,One year,Fiber optic,94.4,4295.35,0,0.20755746728115815,Low
3807-BPOMJ,55,One year,Fiber optic,94.75,5276.1,0,0.20752440187298915,Low
3055-OYMSE,53,Month-to-month,Fiber optic,73.8,4003.85,0,0.2073365885767861,Low
7130-CTCUS,16,Month-to-month,DSL,54.55,825.1,0,0.20731571898039725,Low
3347-YJZZE,29,Month-to-month,DSL,80.1,2211.8,0,0.20728664083114995,Low
6627-CFOSN,59,Month-to-month,Fiber optic,99.45,5623.7,0,0.20724005716785543,Low
8409-WQJUX,25,One year,DSL,54.2,1423.15,0,0.20719460465279527,Low
7883-ROJOC,19,Month-to-month,DSL,44.9,839.65,0,0.207103382779833,Low
3763-GCZHZ,66,One year,Fiber optic,104.05,6890.0,1,0.20705607269826298,Low
0365-TRTPY,37,Month-to-month,Fiber optic,91.2,3382.3,0,0.20705143244387458,Low
5827-MWCZK,56,Month-to-month,Fiber optic,96.95,5432.2,0,0.20690049055628537,Low
3858-XHYJO,40,One year,Fiber optic,105.75,4228.55,0,0.20682385235383066,Low
7856-GANIL,45,One year,Fiber optic,98.7,4525.8,0,0.20682246349524527,Low
0895-LMRSF,23,One year,DSL,64.9,1509.8,0,0.20663394037323615,Low
7025-IWFHT,41,One year,Fiber optic,89.55,3729.75,0,0.2063708324494415,Low
3097-IDVPU,19,Month-to-month,DSL,50.1,910.45,0,0.20627705453344863,Low
4016-BJKTZ,25,Two year,Fiber optic,108.9,2809.05,0,0.2062369474522368,Low
5482-NUPNA,4,Month-to-month,DSL,60.4,272.15,1,0.20610648417340616,Low
9763-GRSKD,13,Month-to-month,DSL,49.95,587.45,0,0.20577678734884988,Low
8961-QDZZJ,57,One year,Fiber optic,95.0,5535.8,0,0.2053303447782517,Low
0187-WZNAB,27,Month-to-month,Fiber optic,74.4,1972.35,0,0.20531918106301314,Low
7246-ZGQDF,1,Month-to-month,DSL,54.5,54.5,0,0.2052659303827625,Low
3154-CFSZG,47,Month-to-month,Fiber optic,90.05,4137.2,0,0.20523648622335364,Low
4324-AHJKS,5,Month-to-month,DSL,55.8,300.4,0,0.2050603890111963,Low
9033-EOXWV,12,One year,DSL,74.05,872.65,1,0.20503361994700278,Low
1153-GNOLC,33,One year,DSL,39.1,1309.0,0,0.2049893672506912,Low
3723-BFBGR,24,Month-to-month,DSL,54.8,1291.3,0,0.20496285589915392,Low
8945-MUQUF,51,One year,Fiber optic,94.8,4837.6,1,0.20472228919598137,Low
3407-QGWLG,3,Month-to-month,No,20.05,75.45,0,0.20463034378632167,Low
0369-ZGOVK,28,One year,Fiber optic,70.4,1992.2,0,0.20459067158853414,Low
2108-GLPQB,25,Month-to-month,DSL,55.55,1405.3,0,0.2043876725273409,Low
3190-XFANI,49,One year,Fiber optic,100.6,5069.65,1,0.2043188111094939,Low
6281-FKEWS,44,One year,DSL,49.05,2265.0,0,0.2042471481633148,Low
7622-NXQZR,28,Month-to-month,DSL,30.1,810.85,0,0.20418265086981266,Low
3694-GLTJM,5,Month-to-month,No,19.65,92.05,0,0.20417579510037792,Low
5298-GSTLM,60,One year,Fiber optic,101.4,6176.6,0,0.20380864397544418,Low
3736-BLEPA,28,One year,Fiber optic,91.25,2483.65,0,0.20352752174869038,Low
4360-QRAVE,37,Month-to-month,DSL,36.65,1315.0,0,0.203413293199013,Low
1666-JZPZT,27,Month-to-month,DSL,49.0,1291.35,0,0.20331325484099275,Low
8166-ORCHU,33,One year,Fiber optic,93.55,3055.5,0,0.2031730243097663,Low
1684-FLBGS,23,Month-to-month,DSL,69.5,1652.1,0,0.2030492939402126,Low
7241-AJHFS,32,Month-to-month,Fiber optic,87.65,2766.4,0,0.20302593528992519,Low
0807-ZABDG,3,Month-to-month,DSL,55.1,154.65,1,0.2030202699708505,Low
3541-ZNUHK,55,Month-to-month,Fiber optic,85.1,4600.95,0,0.20301207872608298,Low
3682-YEUWS,10,Month-to-month,No,24.4,253.9,0,0.2027542532922526,Low
7853-GVUDZ,1,Month-to-month,No,20.15,20.15,1,0.20266413809914802,Low
1193-RTSLK,38,Month-to-month,Fiber optic,83.9,3233.6,1,0.20243166769027834,Low
6131-FOYAS,35,Month-to-month,DSL,59.6,2094.9,0,0.2023785300547338,Low
1710-RCXUS,51,One year,Fiber optic,90.35,4614.55,0,0.20222100911247795,Low
0877-SDMBN,54,One year,Fiber optic,103.95,5639.05,1,0.20213002655319948,Low
1410-RSCMR,7,Month-to-month,DSL,71.35,515.75,0,0.20200904729410454,Low
3059-NGMXB,14,Month-to-month,DSL,69.2,944.65,0,0.20200315152828852,Low
9821-BESNZ,66,One year,Fiber optic,104.25,6860.6,0,0.20198046792683402,Low
5198-HQAEN,35,One year,Fiber optic,89.7,3165.6,0,0.20197949152791145,Low
3640-JQGJG,13,Month-to-month,DSL,44.8,559.2,0,0.2013580158892188,Low
2080-SRCDE,1,Month-to-month,No,25.4,25.4,0,0.20102323384367582,Low
5701-SVCWR,1,Month-to-month,No,24.0,24.0,0,0.200710603292083,Low
2673-CXQEU,56,One year,Fiber optic,110.5,6139.5,0,0.20049001324168994,Low
8963-JLGJT,3,Month-to-month,DSL,55.9,157.55,0,0.20041375831825173,Low
6231-WFGFH,4,Month-to-month,No,20.5,77.6,0,0.20027593806028637,Low
9138-EFSMO,26,One year,Fiber optic,78.95,2034.25,0,0.20027510628394754,Low
7409-JURKQ,53,One year,Fiber optic,111.8,5809.75,0,0.2000569747265784,Low
9705-IOVQQ,61,One year,Fiber optic,99.0,5969.3,0,0.20003301538014429,Low
5447-WZAFP,53,One year,Fiber optic,100.3,5200.8,0,0.19993516177053614,Low
5334-JLAXU,60,Month-to-month,Fiber optic,94.1,5475.9,0,0.1993786434098721,Low
7776-QGYJC,39,Month-to-month,Fiber optic,81.5,3107.3,0,0.1992952975496752,Low
7607-QKKTJ,45,One year,Fiber optic,95.0,4368.85,0,0.19911106485373253,Low
7266-GSSJX,11,Month-to-month,No,20.45,250.8,0,0.19894575917415386,Low
7188-CBBBA,65,One year,Fiber optic,95.5,6153.85,0,0.19867381539994916,Low
8148-BPLZQ,34,Month-to-month,DSL,49.8,1734.2,0,0.19836280641639303,Low
4138-NAXED,51,Month-to-month,Fiber optic,81.0,4085.75,0,0.19829212715947447,Low
7694-VLBWQ,67,One year,Fiber optic,104.1,7040.85,1,0.19829138486113354,Low
0956-ACVZC,54,One year,Fiber optic,94.1,5060.9,0,0.19827892479977485,Low
4541-RMRLG,7,Month-to-month,No,19.25,112.3,1,0.19810011438043543,Low
1614-JBEBI,8,Month-to-month,No,20.7,137.6,0,0.19797995687185954,Low
1120-BMWUB,16,Month-to-month,DSL,53.9,834.15,1,0.19737658077392609,Low
2758-RNWXS,35,One year,Fiber optic,89.2,3251.3,0,0.19715275929743958,Low
4939-KYYPY,27,Month-to-month,DSL,59.45,1611.65,0,0.19712065288860975,Low
3794-NFNCH,30,Month-to-month,DSL,50.0,1474.9,0,0.19705610937781956,Low
0991-BRRFB,18,Month-to-month,DSL,49.4,874.8,1,0.1969719381589413,Low
6849-OYAMU,19,One year,Fiber optic,100.0,1888.65,1,0.19694230453159492,Low
1697-NVVGY,19,Month-to-month,DSL,66.4,1286.05,0,0.1968650637008432,Low
6397-JNZZG,43,Month-to-month,DSL,55.55,2342.2,1,0.19674422971047048,Low
0621-HJWXJ,63,Month-to-month,Fiber optic,81.55,5029.05,0,0.19662249901794485,Low
4929-ROART,18,Month-to-month,DSL,56.25,969.85,0,0.19659141794550747,Low
8189-HBVRW,53,Month-to-month,Fiber optic,90.8,4921.2,0,0.19654574428899374,Low
3870-MQAMG,54,One year,Fiber optic,110.35,5893.15,1,0.1964419989359519,Low
8920-NAVAY,62,One year,Fiber optic,110.75,7053.35,0,0.19615314284944116,Low
4350-ZTLPI,53,One year,Fiber optic,108.95,5718.2,0,0.19594654249534305,Low
6258-NGCNG,7,Month-to-month,No,23.5,173.0,0,0.1959058452879285,Low
4544-RXFMG,8,One year,DSL,43.45,345.5,0,0.19572560147914544,Low
1448-CYWKC,58,One year,Fiber optic,105.2,6225.4,0,0.19549757815019872,Low
8979-CAMGB,64,One year,Fiber optic,102.1,6688.1,0,0.19535429901868168,Low
7989-VCQOH,18,Month-to-month,DSL,83.25,1611.15,0,0.19522427644322374,Low
8985-OOPOS,1,One year,DSL,74.1,74.1,0,0.19521823499076704,Low
7854-EDSSA,22,Month-to-month,DSL,59.0,1254.7,1,0.1950232359411433,Low
6733-LRIZX,35,Two year,Fiber optic,108.95,4025.5,0,0.19474061683364752,Low
9025-ZRPVR,9,Month-to-month,No,18.95,185.6,1,0.19470883372753298,Low
2111-DWYHN,1,Month-to-month,No,21.1,21.1,0,0.1947025901235433,Low
4013-GUXND,1,Month-to-month,No,20.8,20.8,0,0.19463716118522345,Low
5049-GLYVG,1,Month-to-month,No,20.6,20.6,1,0.19459355115677118,Low
3976-NLDEZ,1,Month-to-month,No,20.6,20.6,0,0.19459355115677118,Low
4745-LSPLO,1,Month-to-month,No,20.5,20.5,1,0.19457174892159806,Low
2668-TZSPS,1,Month-to-month,No,20.45,20.45,0,0.19456084849876365,Low
0673-IGUQO,1,Month-to-month,No,20.45,20.45,0,0.19456084849876365,Low
6579-JPICP,1,Month-to-month,No,20.4,20.4,0,0.19454994853909327,Low
3590-TCXTB,1,Month-to-month,No,20.35,20.35,0,0.19453904904258365,Low
9122-UMROB,1,Month-to-month,No,20.3,20.3,0,0.19452815000923163,Low
2676-ISHSF,1,Month-to-month,No,20.3,20.3,0,0.19452815000923163,Low
8203-XJZRC,1,Month-to-month,No,20.25,20.25,0,0.19451725143903417,Low
4211-MMAZN,1,Month-to-month,No,20.25,20.25,1,0.19451725143903417,Low
4786-UKSNZ,1,Month-to-month,No,20.2,20.2,1,0.19450635333198799,Low
6380-ARCEH,1,Month-to-month,No,20.2,20.2,0,0.19450635333198799,Low
3247-MHJKM,1,Month-to-month,No,20.2,20.2,0,0.19450635333198799,Low
8048-DSDFQ,1,Month-to-month,No,20.2,20.2,0,0.19450635333198799,Low
1066-JKSGK,1,Month-to-month,No,20.15,20.15,1,0.19449545568809,Low
1934-SJVJK,1,Month-to-month,No,20.15,20.15,1,0.19449545568809,Low
3148-BLQJT,1,Month-to-month,No,20.1,20.1,1,0.19448455850733695,Low
8749-CLJXC,1,Month-to-month,No,20.05,20.05,0,0.1944736617897258,Low
7096-UCLNH,1,Month-to-month,No,20.05,20.05,0,0.1944736617897258,Low
3030-ZKIWL,1,Month-to-month,No,20.05,20.05,0,0.1944736617897258,Low
7698-YFGEZ,1,Month-to-month,No,20.0,20.0,0,0.19446276553525338,Low
4877-EVATK,1,Month-to-month,No,20.0,20.0,1,0.19446276553525338,Low
6286-SUUWT,1,Month-to-month,No,19.95,19.95,0,0.19445186974391637,Low
4892-VLANZ,1,Month-to-month,No,19.8,19.8,1,0.19441918514868678,Low
7239-HZZCX,1,Month-to-month,No,19.75,19.75,1,0.19440829120986008,Low
3930-ZGWVE,1,Month-to-month,No,19.75,19.75,0,0.19440829120986008,Low
6615-ZGEDR,1,Month-to-month,No,19.7,19.7,1,0.19439739773415302,Low
3785-NRHYR,1,Month-to-month,No,19.65,19.65,0,0.19438650472156244,Low
6141-OOXUQ,1,Month-to-month,No,19.65,19.65,1,0.19438650472156244,Low
7601-WFVZV,1,Month-to-month,No,19.55,19.55,0,0.19436472008571784,Low
1029-QFBEN,1,Month-to-month,No,19.55,19.55,1,0.19436472008571784,Low
8393-JMVMB,1,Month-to-month,No,19.45,19.45,0,0.19434293730230096,Low
3886-CERTZ,72,One year,Fiber optic,109.25,8109.8,1,0.19433921745998048,Low
5766-ZJYBB,1,Month-to-month,No,19.4,19.4,1,0.19433204660524486,Low
1663-MHLHE,1,Month-to-month,No,19.2,19.2,0,0.19428848844796187,Low
9441-QHEVC,1,Month-to-month,No,19.1,19.1,0,0.19426671214784036,Low
1015-OWJKI,1,Month-to-month,No,19.05,19.05,0,0.1942558246923985,Low
9975-SKRNR,1,Month-to-month,No,18.9,18.9,0,0.19422316510450952,Low
8329-GWVPJ,50,Month-to-month,Fiber optic,69.75,3557.7,0,0.19421799567977246,Low
4365-MSDYN,8,Month-to-month,No,19.55,161.15,0,0.19398965444214078,Low
1984-FCOWB,70,One year,Fiber optic,109.5,7674.55,1,0.1938817246755504,Low
0440-MOGPM,41,One year,DSL,80.55,3263.9,0,0.19379457454913518,Low
5067-XJQFU,66,One year,Fiber optic,108.45,7076.35,0,0.19352517552366916,Low
8444-WRIDW,66,Month-to-month,Fiber optic,80.45,5224.35,1,0.19314696198990366,Low
9481-IEBZY,72,Month-to-month,Fiber optic,112.9,8061.5,0,0.19307823880060881,Low
8044-BGWPI,12,Month-to-month,No,21.15,306.05,0,0.19300230096725407,Low
1352-VHKAJ,27,Month-to-month,DSL,71.6,1957.1,0,0.1929980189311376,Low
8999-XXGNS,72,One year,Fiber optic,105.75,7629.85,0,0.19294673241775345,Low
1113-IUJYX,14,One year,Fiber optic,105.95,1348.9,1,0.19268187825082905,Low
0314-TKOSI,6,Month-to-month,DSL,55.15,322.9,0,0.19251791948844338,Low
1135-HIORI,64,One year,Fiber optic,111.45,7266.95,0,0.1922551357358113,Low
2272-JKMSI,62,One year,Fiber optic,110.8,6840.95,0,0.19199621066002004,Low
4826-TZEVA,40,Month-to-month,Fiber optic,74.8,2971.7,0,0.1919463943205896,Low
5469-CTCWN,61,One year,Fiber optic,106.0,6547.7,1,0.1918872193569199,Low
1707-HABPF,46,One year,Fiber optic,91.3,4126.35,0,0.1918827774093366,Low
1855-CFULU,4,Month-to-month,No,20.05,91.45,0,0.19151292001017864,Low
5846-QFDFI,33,Month-to-month,Fiber optic,88.6,2888.7,0,0.19135059736509313,Low
5624-BQSSA,1,Month-to-month,No,20.95,20.95,1,0.19130804596001108,Low
7434-SHXLS,1,Month-to-month,No,20.9,20.9,1,0.19129728495179857,Low
0426-TIRNE,1,Month-to-month,No,20.9,20.9,1,0.19129728495179857,Low
7243-LCGGZ,1,Month-to-month,No,20.9,20.9,0,0.19129728495179857,Low
2002-MZHWP,1,Month-to-month,No,20.5,20.5,1,0.19121121352230555,Low
9753-OYLBX,1,Month-to-month,No,20.5,20.5,0,0.19121121352230555,Low
1963-VAUKV,1,Month-to-month,No,20.4,20.4,1,0.1911897002859635,Low
3727-JEZTU,1,Month-to-month,No,20.4,20.4,0,0.1911897002859635,Low
2592-YKDIF,1,Month-to-month,No,20.35,20.35,0,0.19117894436092656,Low
8974-OVACP,1,Month-to-month,No,20.15,20.15,0,0.19113592528158466,Low
6654-QGBZZ,1,Month-to-month,No,19.9,19.9,0,0.1910821618289383,Low
7878-RTCZG,1,Month-to-month,No,19.9,19.9,0,0.1910821618289383,Low
3900-AQPHZ,1,Month-to-month,No,19.9,19.9,1,0.1910821618289383,Low
1135-LMECX,1,Month-to-month,No,19.85,19.85,0,0.19107141052457555,Low
6124-ACRHJ,1,Month-to-month,No,19.75,19.75,0,0.19104990930198615,Low
0970-QXPXW,1,Month-to-month,No,19.65,19.65,0,0.1910284099275533,Low
8329-IBCTI,1,Month-to-month,No,19.65,19.65,1,0.1910284099275533,Low
7721-DVEKZ,1,Month-to-month,No,19.65,19.65,0,0.1910284099275533,Low
2866-IKBTM,1,Month-to-month,No,19.55,19.55,0,0.1910069124012466,Low
8605-ITULD,1,Month-to-month,No,19.55,19.55,0,0.1910069124012466,Low
1905-OEILC,1,Month-to-month,No,19.5,19.5,0,0.19099616433113112,Low
7551-JOHTI,1,Month-to-month,No,19.5,19.5,1,0.19099616433113112,Low
2091-MJTFX,30,Month-to-month,DSL,51.2,1561.5,1,0.19096650912604649,Low
1020-JPQOW,56,Month-to-month,Fiber optic,90.55,5116.6,0,0.1909514541046587,Low
7302-ZHMHP,1,Month-to-month,No,19.15,19.15,0,0.19092094077667554,Low
6569-KTMDU,1,Month-to-month,No,19.1,19.1,0,0.19091019640261528,Low
5073-WXOYN,60,Month-to-month,DSL,50.8,3027.4,1,0.19084625090541787,Low
4237-CLSMM,2,Month-to-month,No,20.0,38.0,0,0.19079769674349517,Low
1591-MQJTP,51,One year,Fiber optic,93.65,4839.15,0,0.1907188093459647,Low
9142-KZXOP,44,Month-to-month,Fiber optic,68.85,2958.95,0,0.19069006257590163,Low
3981-QSVQI,8,Month-to-month,No,19.7,168.9,0,0.1905612980221954,Low
3639-XJHKQ,19,Month-to-month,DSL,60.6,1297.8,0,0.19023421151044298,Low
8715-KKTFG,61,One year,Fiber optic,103.3,6518.35,0,0.19015539698122316,Low
9837-FWLCH,12,Month-to-month,No,19.2,239.0,0,0.19009086376240672,Low
3313-QKNKB,59,One year,Fiber optic,85.55,5084.65,1,0.19002709886638805,Low
6959-GQEGV,45,Month-to-month,DSL,75.95,3273.8,0,0.1899027468765471,Low
9512-PHSMG,10,Month-to-month,No,20.55,252.75,0,0.18986707422566496,Low
8292-TYSPY,19,Month-to-month,DSL,55.0,1046.5,1,0.18960622362850346,Low
3927-NLNRY,53,One year,Fiber optic,94.25,4867.95,1,0.18943898203544643,Low
4194-WHFCB,59,Month-to-month,Fiber optic,96.65,5580.8,0,0.18912743189476808,Low
5315-CKEQK,28,One year,DSL,51.0,1381.8,0,0.18908534038152933,Low
3982-DQLUS,65,Month-to-month,Fiber optic,85.75,5688.45,0,0.18895777642868122,Low
1110-KYLGQ,63,Month-to-month,Fiber optic,108.25,6780.1,0,0.18891122908882788,Low
5639-NTUPK,13,Month-to-month,DSL,52.1,670.65,0,0.18889345915175862,Low
5945-AZYHT,71,One year,Fiber optic,109.6,7854.15,0,0.18852475570227764,Low
7776-QWNFX,30,Month-to-month,DSL,50.4,1527.5,1,0.1881056671044692,Low
5951-AOFIH,33,Month-to-month,DSL,66.4,2245.4,0,0.18782780715982267,Low
5593-SUAOO,24,One year,Fiber optic,83.15,2033.05,0,0.18781158419199134,Low
1397-XKKWR,7,One year,DSL,35.3,264.8,0,0.18774041536064412,Low
8739-QOTTN,2,Month-to-month,No,20.35,41.85,0,0.18769319694818518,Low
9342-VNIMQ,33,Month-to-month,DSL,54.65,1665.2,0,0.18767395436980205,Low
8735-DCXNF,10,Month-to-month,DSL,54.95,568.85,0,0.1876543928739847,Low
4789-KWMXN,47,One year,Fiber optic,110.85,5275.8,1,0.18758849091505844,Low
8150-QUDFX,2,Month-to-month,No,19.85,51.6,0,0.18758059543789715,Low
0617-FHSGK,49,Month-to-month,Fiber optic,75.2,3678.3,1,0.18755938844950185,Low
1732-FEKLD,54,One year,Fiber optic,94.75,5121.75,0,0.187501972164044,Low
9101-NTIXF,2,Month-to-month,No,19.4,50.6,0,0.18746450730166447,Low
0816-TSPHQ,2,Month-to-month,No,20.75,44.2,0,0.18745883697113364,Low
4676-MQUEA,50,One year,Fiber optic,101.9,5265.5,0,0.18737504840567917,Low
0366-NQSHS,2,Month-to-month,No,19.35,46.35,0,0.18729586650166408,Low
5919-VCZYM,2,Month-to-month,No,20.05,42.7,0,0.18728045922827738,Low
0048-LUMLS,37,One year,Fiber optic,91.2,3247.55,0,0.18724656380339658,Low
3936-QQFLL,2,Month-to-month,No,19.75,39.3,0,0.18710039531157197,Low
3675-YDUPJ,10,Month-to-month,No,19.85,193.05,0,0.18709388295984747,Low
5067-DGXLL,2,Month-to-month,No,20.25,36.8,0,0.18709342594577932,Low
4195-SMMNX,2,Month-to-month,No,20.35,33.2,1,0.18697554266788036,Low
0188-GWFLE,2,Month-to-month,No,20.05,33.7,0,0.18694215626882515,Low
9700-ZCLOT,2,Month-to-month,No,20.0,32.7,0,0.1868959033440136,Low
7919-ZODZZ,10,One year,DSL,65.9,660.05,0,0.18689139749892994,Low
0639-TSIQW,67,Month-to-month,Fiber optic,102.95,6886.25,1,0.18651813129430486,Low
3638-DIMPH,13,One year,DSL,43.8,592.65,0,0.18628815841531718,Low
4913-EHYUI,56,One year,Fiber optic,104.55,5794.65,1,0.18602610157615493,Low
3847-BAERP,10,Month-to-month,No,20.9,247.0,0,0.18602372401993775,Low
7140-ADSMJ,8,Month-to-month,No,20.45,162.3,0,0.1858709547142785,Low
5760-WRAHC,22,Month-to-month,DSL,69.75,1545.4,0,0.18579132012357508,Low
8495-PRWFH,42,Month-to-month,DSL,55.65,2421.75,0,0.18551687141684878,Low
1134-YWTYF,27,Month-to-month,DSL,53.8,1389.85,0,0.1854897974012853,Low
7740-BTPUX,55,Two year,Fiber optic,113.6,6292.7,0,0.18538254201347562,Low
6425-YQLLO,66,One year,Fiber optic,105.95,6975.25,1,0.18506462156608386,Low
4753-PADAS,67,One year,Fiber optic,105.7,6816.95,0,0.1850383835511172,Low
9571-EDEBV,71,One year,Fiber optic,98.65,6962.85,0,0.1850237601224045,Low
8563-IIOXK,7,One year,DSL,49.75,331.3,1,0.18487809436708305,Low
1409-PHXTF,54,Two year,Fiber optic,110.45,6077.75,0,0.18469672426492406,Low
2308-STERM,2,Month-to-month,No,19.4,61.05,0,0.18458704611166712,Low
5734-EJKXG,61,One year,Fiber optic,118.6,7365.7,0,0.18453430649342545,Low
0103-CSITQ,57,One year,Fiber optic,109.4,6252.7,0,0.18423338934286013,Low
9818-XQCUV,2,Month-to-month,No,20.35,45.3,0,0.18416514523821126,Low
4936-YPJNK,10,Month-to-month,No,19.9,199.45,0,0.18407904188036284,Low
9139-WQQDY,49,One year,Fiber optic,100.45,4941.8,1,0.18400444186048814,Low
2342-CKIAO,2,Month-to-month,No,20.3,41.2,0,0.18400436627251454,Low
2839-RFSQE,2,Month-to-month,No,20.65,38.7,1,0.18397172258254765,Low
0396-HUJBP,2,Month-to-month,No,19.3,44.4,0,0.1839513412495507,Low
3339-EAQNV,72,One year,Fiber optic,97.25,7133.1,0,0.1839473540842777,Low
8006-PYCSW,2,Month-to-month,No,20.1,39.8,0,0.1839180788059524,Low
1796-JANOW,2,Month-to-month,No,19.95,38.15,0,0.18383113516376876,Low
1784-BXEFA,10,Month-to-month,No,20.55,187.35,0,0.18374183983171433,Low
5708-EVONK,58,Month-to-month,Fiber optic,93.4,5435.6,1,0.18367189436455977,Low
2599-CZABP,14,One year,DSL,44.6,641.25,0,0.18362519472144245,Low
0883-EIBTI,2,Month-to-month,No,19.5,31.55,1,0.18350938960382737,Low
4701-MLJPN,31,Month-to-month,DSL,55.25,1715.65,1,0.183416314507153,Low
1051-GEJLJ,2,Month-to-month,No,19.5,27.55,0,0.18336132001965885,Low
5811-IWXYM,52,One year,Fiber optic,101.25,5301.1,0,0.18318223048434007,Low
6728-WYQBC,1,Month-to-month,No,20.95,20.95,0,0.18309409259427212,Low
6497-TILVL,7,Month-to-month,DSL,50.7,350.35,0,0.18300845949636793,Low
6421-SZVEM,28,One year,Fiber optic,82.85,2320.8,0,0.18295820410649047,Low
7310-EGVHZ,1,Month-to-month,No,20.2,20.2,0,0.18293808708222167,Low
1349-WXNGG,1,Month-to-month,No,20.05,20.05,1,0.18290689836231422,Low
3717-OFRTN,1,Month-to-month,No,19.75,19.75,0,0.1828445333038812,Low
1194-SPVSP,1,Month-to-month,No,19.65,19.65,0,0.18282374861947523,Low
2155-AMQRX,28,Month-to-month,DSL,54.9,1505.15,0,0.18271864709233399,Low
4283-IVYCI,9,Month-to-month,DSL,64.95,547.8,0,0.1826624369878661,Low
8091-TTVAX,58,One year,Fiber optic,100.35,5681.1,0,0.18265628948824056,Low
8734-FNWVH,31,Month-to-month,DSL,59.7,1825.5,0,0.18239975266852834,Low
7016-NVRIC,29,One year,Fiber optic,90.1,2656.7,0,0.1823414256442711,Low
8976-OQHGT,4,Month-to-month,DSL,56.5,235.1,1,0.1821540546350818,Low
8182-PNAGI,12,Month-to-month,DSL,50.25,593.75,1,0.18213579509839453,Low
8952-WCVCD,41,One year,Fiber optic,104.45,4162.05,0,0.1817690434517066,Low
7874-ECPQJ,4,Month-to-month,No,20.05,85.5,0,0.18176157127022213,Low
7175-NTIXE,25,Month-to-month,DSL,76.15,1992.95,0,0.18175141876961298,Low
2716-GFZOR,43,Month-to-month,Fiber optic,86.1,3551.65,0,0.18165344256617738,Low
9831-BPFRI,39,One year,Fiber optic,89.55,3474.45,1,0.1814864002288465,Low
9565-JSNFM,38,One year,Fiber optic,70.45,2597.6,1,0.1813067848698625,Low
5569-IDSEY,71,One year,Fiber optic,105.7,7472.15,0,0.18126825019282083,Low
1641-BYBTK,6,Month-to-month,No,20.2,98.35,0,0.181190491996404,Low
6907-CQGPN,29,Month-to-month,DSL,34.3,1004.75,0,0.18118181573897402,Low
2621-UDNLU,3,Month-to-month,No,20.85,72.0,0,0.18105389350689927,Low
7134-MJPDY,66,One year,Fiber optic,102.85,6976.75,0,0.18097706283379764,Low
4187-CINZD,46,One year,Fiber optic,95.25,4424.2,1,0.18087704479051037,Low
3445-HXXGF,58,Month-to-month,DSL,45.3,2651.2,1,0.1808119507685061,Low
2284-VFLKH,49,One year,Fiber optic,99.25,4920.8,0,0.1807772541194909,Low
3170-GWYKC,60,Month-to-month,Fiber optic,104.95,6236.75,0,0.18052196449105823,Low
2616-UUTFK,33,Month-to-month,DSL,72.75,2447.45,0,0.18050585252208934,Low
6776-TLWOI,3,Month-to-month,No,19.85,64.55,1,0.18023074416351023,Low
2750-BJLSB,47,One year,Fiber optic,103.7,4730.6,0,0.1801716481325443,Low
6394-HHHZM,3,Month-to-month,No,20.7,57.5,0,0.18011702500579074,Low
0308-IVGOK,11,One year,DSL,40.4,422.6,0,0.17992274398497107,Low
7619-ODSGN,24,Month-to-month,DSL,54.75,1338.15,1,0.1797313953843987,Low
4184-VODJZ,63,One year,Fiber optic,91.35,5764.7,0,0.1796759900687273,Low
2654-VBVPB,1,Month-to-month,No,19.9,19.9,0,0.1796721226927931,Low
4316-XCSLJ,17,Month-to-month,DSL,50.3,846.8,0,0.17961631795275312,Low
4923-ADWXJ,25,Month-to-month,DSL,65.8,1679.65,0,0.17961492696592027,Low
7083-YNSKY,15,Month-to-month,No,25.4,399.6,1,0.1795866085836017,Low
0595-ITUDF,64,Month-to-month,Fiber optic,91.8,5960.5,0,0.17887686038146028,Low
3164-YAXFY,57,Month-to-month,DSL,53.75,3196.0,0,0.1787400696960137,Low
2700-LUEVA,1,Month-to-month,No,20.75,20.75,0,0.17861958874357964,Low
9708-KFDBY,1,Month-to-month,No,20.55,20.55,0,0.1785787717970036,Low
0130-SXOUN,66,Month-to-month,Fiber optic,89.4,5976.9,0,0.17855171249753682,Low
2252-JHJGE,61,One year,Fiber optic,104.0,6363.45,0,0.17841445717321897,Low
7926-IJOOU,1,Month-to-month,No,19.3,19.3,0,0.17832383125240586,Low
7163-OCEQI,22,One year,DSL,78.65,1663.75,0,0.17826198346520986,Low
0156-FVPTA,22,Month-to-month,DSL,54.2,1152.7,1,0.17823544701360375,Low
9701-CDXHR,51,Month-to-month,Fiber optic,69.15,3649.6,0,0.17774976612523277,Low
1502-XFCVR,58,One year,Fiber optic,106.45,6145.85,1,0.17751346334134982,Low
7797-EJMDP,8,Month-to-month,DSL,66.05,574.5,0,0.17718444054824298,Low
4860-YZGZM,10,Month-to-month,No,20.0,185.4,0,0.1771438304413867,Low
9770-LXDBK,3,Month-to-month,No,20.4,63.15,0,0.17710472012836745,Low
6734-CKRSM,3,Month-to-month,No,20.0,63.6,0,0.1770542420956882,Low
0137-UDEUO,3,Month-to-month,No,19.85,63.75,1,0.1770346406356615,Low
0178-CIIKR,3,Month-to-month,No,19.95,58.0,0,0.17684435544538335,Low
0030-FNXPP,3,Month-to-month,No,19.85,57.2,0,0.17679892613739728,Low
2303-PJYHN,2,Month-to-month,No,19.85,52.0,0,0.17672293631098163,Low
3806-YAZOV,3,Month-to-month,No,18.8,56.0,0,0.1765810425447375,Low
2858-MOFSQ,17,One year,DSL,55.85,937.5,1,0.1765796346358615,Low
6476-YHMGA,15,Month-to-month,DSL,76.5,1155.6,0,0.1765322870878523,Low
5481-NTDOH,67,One year,Fiber optic,107.05,7142.5,0,0.1764567550194187,Low
7017-VFULY,2,Month-to-month,No,20.1,43.15,0,0.1764465073189903,Low
6402-SSEJG,25,One year,DSL,61.05,1540.2,0,0.1761478979500433,Low
2957-JIRMN,62,One year,Fiber optic,84.45,4959.15,0,0.176134794914295,Low
5268-DSMNQ,62,One year,Fiber optic,97.95,5936.55,0,0.17609696085290663,Low
0114-RSRRW,10,Month-to-month,No,19.95,187.75,0,0.17607044725925267,Low
7078-NVFAM,32,Month-to-month,DSL,35.15,1051.05,0,0.1759267095448857,Low
5074-FBGHB,64,One year,Fiber optic,104.65,6889.8,0,0.17585416625865444,Low
4785-NKHCX,5,Month-to-month,No,20.05,94.15,0,0.17570674323657634,Low
2923-ARZLG,0,One year,No,19.7,,0,0.17549124264035476,Low
4710-FDUIZ,56,One year,Fiber optic,100.3,5614.45,1,0.17544184436658594,Low
6261-LHRTG,26,Month-to-month,DSL,54.75,1406.9,0,0.17542306801103882,Low
3090-QFUVD,1,Month-to-month,No,20.3,20.3,0,0.17538398851517054,Low
1867-TJHTS,58,Month-to-month,Fiber optic,79.8,4526.85,0,0.17531382542849896,Low
2542-HYGIQ,1,Month-to-month,No,19.95,19.95,0,0.17531358132232358,Low
8562-GHPPI,1,Month-to-month,No,19.8,19.8,0,0.17528341362491098,Low
2576-HXMPA,1,Month-to-month,No,19.55,19.55,0,0.1752331432136548,Low
2220-IAHLS,1,Month-to-month,No,19.4,19.4,0,0.17520298641727597,Low
0409-WTMPL,58,One year,Fiber optic,110.65,6526.65,0,0.17516620142334816,Low
7088-FBAWU,17,Month-to-month,DSL,74.55,1215.8,0,0.1747032173626728,Low
0479-HMSWA,26,Two year,Fiber optic,105.45,2715.3,0,0.17462083481580967,Low
2270-CHBFN,44,Month-to-month,Fiber optic,95.1,4060.55,0,0.1744576475604561,Low
1385-TQOZW,9,Month-to-month,No,20.45,147.55,0,0.174440920066617,Low
4908-XAXAY,49,One year,Fiber optic,89.85,4287.2,0,0.17415953276016705,Low
5702-SKUOB,4,Month-to-month,No,19.6,93.45,0,0.1740013946689821,Low
3199-NPKCN,67,One year,Fiber optic,111.25,7511.65,0,0.17390452110847712,Low
2186-QZEYA,29,Month-to-month,DSL,58.55,1718.95,0,0.17374375659786007,Low
9844-FELAJ,70,One year,Fiber optic,107.9,7475.85,0,0.17372425795256144,Low
8410-BGQXN,4,Month-to-month,No,19.4,93.4,0,0.17359683332899362,Low
1170-SASML,69,Month-to-month,Fiber optic,85.4,5869.4,0,0.1735652755899052,Low
5206-HPJKM,17,Month-to-month,DSL,55.5,934.15,0,0.17352140996028723,Low
6322-PJJDJ,49,Two year,Fiber optic,94.8,4690.65,0,0.17327339764310498,Low
4558-CGYCZ,4,Month-to-month,No,19.75,78.3,0,0.17311943937951094,Low
9426-SXNHE,2,Month-to-month,No,18.75,53.15,0,0.17309544730639165,Low
3402-XRIUO,22,Month-to-month,DSL,63.55,1381.8,0,0.17309459696185645,Low
9367-OIUXP,4,Month-to-month,No,20.7,73.05,0,0.17308928974505025,Low
5222-JCXZT,4,Month-to-month,No,19.0,78.9,0,0.1730178648085451,Low
1732-VHUBQ,47,Month-to-month,Fiber optic,70.55,3309.25,1,0.17298939551076287,Low
7234-KMNRQ,4,Month-to-month,No,19.0,73.45,0,0.17282523452784532,Low
2659-VXMWZ,67,One year,Fiber optic,111.3,7482.1,1,0.17279878326865022,Low
9097-ZUBYC,14,Month-to-month,DSL,48.8,664.4,0,0.17273952494696618,Low
7123-WQUHX,38,One year,Fiber optic,95.0,3605.6,0,0.17271322880887005,Low
4472-LVYGI,0,Two year,DSL,52.55,,0,0.17250589484534132,Low
2486-WYVVE,31,One year,DSL,79.3,2484.0,0,0.17231563164754957,Low
7808-DVWEP,3,Month-to-month,No,20.0,49.65,0,0.17225773836438435,Low
2237-ZFSMY,39,One year,Fiber optic,95.55,3692.85,1,0.17222012339397164,Low
9057-MSWCO,27,Month-to-month,DSL,30.75,805.1,1,0.1720674454748065,Low
9079-LWTFD,47,Month-to-month,Fiber optic,100.75,4669.2,0,0.17197280974757292,Low
8439-LTUGF,10,Month-to-month,No,20.0,198.6,0,0.1717941822410066,Low
9820-RMCQV,11,Month-to-month,DSL,48.55,501.0,1,0.17154797910059222,Low
6475-VHUIZ,23,Month-to-month,DSL,54.25,1221.55,0,0.17137785680912185,Low
1735-XMJVH,8,Month-to-month,No,19.35,152.6,0,0.17135418689093462,Low
5150-LJNSR,31,One year,Fiber optic,98.05,3082.1,0,0.1712838922271524,Low
8421-WZOOW,57,Month-to-month,Fiber optic,95.3,5567.45,0,0.17122685141612876,Low
4800-CZMPC,48,One year,Fiber optic,103.25,5037.55,1,0.17120626893938531,Low
2978-XXSOG,22,Month-to-month,DSL,59.05,1253.5,0,0.17116809431933594,Low
0239-OXEXL,46,Month-to-month,Fiber optic,84.25,3847.6,0,0.17111849141830643,Low
9501-UKKNL,59,Month-to-month,DSL,51.7,3005.8,0,0.17107712914253612,Low
5448-VWNAM,19,Month-to-month,DSL,75.9,1375.6,0,0.17097068557131903,Low
1222-LRYKO,6,Month-to-month,No,26.35,184.05,0,0.17094893202421543,Low
0442-ZXKVS,54,One year,Fiber optic,115.6,6431.05,0,0.17090600870132747,Low
4700-UBQMV,21,One year,DSL,75.9,1549.75,0,0.17088207515204062,Low
4903-UYAVB,5,Month-to-month,No,19.35,126.05,1,0.17074585915220317,Low
1116-DXXDF,39,Two year,Fiber optic,100.45,3801.7,0,0.1705456811784806,Low
9909-DFRJA,26,One year,Fiber optic,95.85,2475.35,0,0.1704946644890789,Low
4397-FRLTA,4,Month-to-month,No,20.15,84.5,0,0.17033220748748995,Low
1336-EZFZY,4,Month-to-month,No,20.05,83.3,0,0.17027413843130085,Low
5687-DKDTV,4,Month-to-month,No,20.35,77.5,1,0.1701201736798904,Low
0786-IVLAW,66,One year,Fiber optic,108.1,7238.6,0,0.17002997795998748,Low
4747-LCAQL,25,Month-to-month,DSL,79.0,1902.0,0,0.1700018098890655,Low
6383-ZTSIW,39,One year,Fiber optic,99.1,3877.95,0,0.16986822628040665,Low
9040-KZVWO,26,One year,Fiber optic,75.5,2018.1,0,0.16979889748823854,Low
6583-SZVGP,48,Two year,Fiber optic,108.1,5067.45,0,0.1697201723665233,Low
6128-DAFVY,56,Month-to-month,DSL,44.85,2564.95,0,0.16971950771953137,Low
5312-IRCFR,64,One year,Fiber optic,92.85,5980.75,0,0.1694899591944416,Low
3635-JBPSG,15,Two year,DSL,38.8,603.0,0,0.16922077948360859,Low
2402-TAIRZ,37,One year,Fiber optic,80.05,3019.1,0,0.169059769434751,Low
5688-KZTSN,15,Month-to-month,No,20.0,288.05,1,0.16897425291745105,Low
4797-MIWUM,7,Month-to-month,No,20.25,174.7,0,0.16896669602830428,Low
9972-VAFJJ,53,One year,Fiber optic,94.0,4871.45,0,0.16884508891900457,Low
6574-MCOEH,33,One year,DSL,79.15,2531.4,0,0.1687465660784638,Low
7036-ZZKBD,31,Month-to-month,DSL,66.4,2019.8,0,0.16874633758165963,Low
6303-KFWSL,29,One year,DSL,55.25,1620.2,0,0.16860722404121659,Low
5140-FOMCQ,59,One year,Fiber optic,109.15,6557.75,0,0.16858989640387903,Low
5562-YJQGT,2,Month-to-month,No,20.35,35.1,0,0.1684850169345962,Low
9659-ZTWSM,66,One year,Fiber optic,107.35,7051.95,0,0.16808011817197296,Low
2946-KIQSP,35,Month-to-month,DSL,33.45,1175.85,0,0.16802487047480782,Low
0549-CYCQN,51,One year,Fiber optic,79.6,3974.7,0,0.16768955890004714,Low
3413-CSSTH,41,Month-to-month,DSL,55.7,2237.55,0,0.1675553725874447,Low
9402-CXWPL,70,One year,Fiber optic,98.9,6838.6,0,0.16753886678465668,Low
0278-YXOOG,5,Month-to-month,No,21.05,113.85,1,0.1672027744567489,Low
2439-QKJUL,5,Month-to-month,No,20.25,109.8,0,0.16693613388726436,Low
6377-KSLXC,5,Month-to-month,No,19.95,107.05,0,0.1667939396600184,Low
6743-HHQPF,42,Month-to-month,DSL,25.1,1097.15,0,0.16662578442884915,Low
5155-AZQPB,28,Month-to-month,DSL,49.9,1410.25,0,0.1666019458453104,Low
1585-MQSSU,17,Month-to-month,DSL,51.5,900.5,1,0.16658653632588064,Low
3221-CJMSG,24,Month-to-month,DSL,51.1,1269.6,0,0.16648660110818353,Low
6621-YOBKI,5,Month-to-month,No,20.35,92.75,0,0.1663668383077723,Low
6728-CZFEI,15,One year,DSL,56.15,931.9,0,0.16625015368767868,Low
7143-BQIBA,10,Month-to-month,DSL,62.25,612.95,0,0.16617447421174972,Low
0961-ZWLVI,49,One year,Fiber optic,109.2,5290.45,0,0.16595138681115998,Low
1229-RCALF,64,One year,Fiber optic,115.0,7396.15,0,0.16591127442718379,Low
7706-DZNKK,11,Month-to-month,No,20.45,237.3,0,0.16588688435501825,Low
6806-YDEUL,6,Month-to-month,No,19.5,106.8,0,0.1656223116147653,Low
6723-WSNTY,66,One year,Fiber optic,108.1,7181.95,0,0.16550545869077343,Low
7544-ZVIKX,58,One year,Fiber optic,105.05,6004.85,0,0.1650962972792545,Low
5515-IDEJJ,1,Month-to-month,No,19.9,19.9,1,0.16489497193834957,Low
0247-SLUJI,1,Month-to-month,No,19.7,19.7,0,0.16485666178062955,Low
3373-YZZYM,1,Month-to-month,No,19.2,19.2,0,0.1647609176400931,Low
3417-TSCIC,29,One year,DSL,24.85,788.05,0,0.1647184556783888,Low
1518-OMDIK,33,Month-to-month,DSL,44.55,1462.6,0,0.1646460968975266,Low
6469-MRVET,1,One year,No,20.2,20.2,0,0.16449345937762402,Low
6131-JLWZM,13,Month-to-month,No,20.3,275.4,0,0.164343828695463,Low
6112-KTHFQ,13,Month-to-month,No,19.3,279.3,0,0.1643190823906754,Low
3977-QCRSL,5,Month-to-month,No,20.15,117.95,0,0.1642163148079251,Low
5473-KHBPS,52,One year,Fiber optic,95.7,4976.15,0,0.1641549412947158,Low
0384-RVBPI,20,Month-to-month,DSL,64.4,1398.6,0,0.16405332068516867,Low
3363-EWLGO,5,Month-to-month,No,19.95,109.6,0,0.1639019304093571,Low
7639-SUPCW,22,Month-to-month,DSL,48.8,1054.6,1,0.163517941252617,Low
3468-DRVQJ,10,One year,DSL,70.3,676.15,0,0.16325215199162973,Low
3999-WRNGR,60,Month-to-month,DSL,49.75,3069.45,0,0.16298675105169205,Low
2851-STERV,35,One year,DSL,73.0,2471.25,0,0.1628276975070239,Low
3470-BTGQO,21,Month-to-month,DSL,45.65,985.05,0,0.1627895279902556,Low
7108-DGVUU,21,One year,DSL,71.7,1497.05,0,0.1626364602986156,Low
2359-QWQUL,39,One year,Fiber optic,104.7,4134.85,1,0.16255190112300175,Low
9058-HRZSV,65,Month-to-month,Fiber optic,94.4,6126.15,0,0.16237804823416133,Low
1625-JAIIY,68,One year,Fiber optic,83.0,5685.8,1,0.16233733918433527,Low
4083-BFNYK,38,One year,Fiber optic,95.0,3591.25,0,0.16224958652529503,Low
0330-BGYZE,60,One year,Fiber optic,102.5,6157.6,0,0.16224427631685426,Low
3803-KMQFW,1,Month-to-month,No,20.55,20.55,1,0.1620666998386683,Low
3703-TTEPD,21,Month-to-month,DSL,65.35,1424.4,0,0.16205818087957177,Low
9962-BFPDU,1,Month-to-month,No,20.05,20.05,0,0.16197226177401186,Low
4760-XOHVN,1,Month-to-month,No,19.45,19.45,1,0.1618589947023626,Low
3645-DEYGF,1,Month-to-month,No,20.75,20.75,0,0.1617548677364249,Low
3948-XHGNA,24,Month-to-month,DSL,49.55,1210.4,1,0.1616823777735008,Low
2812-SFXMJ,1,Month-to-month,No,20.05,20.05,0,0.16162287218235294,Low
4291-HPAXL,1,Month-to-month,No,19.85,19.85,0,0.1615851751402316,Low
6849-WLEYG,1,Month-to-month,No,19.75,19.75,1,0.16156632928105122,Low
0927-CNGRH,1,Month-to-month,No,19.55,19.55,0,0.16152864288610952,Low
4495-LHSSK,18,Month-to-month,DSL,57.65,992.7,0,0.16150447078541436,Low
5510-BOIUJ,1,Month-to-month,No,19.25,19.25,1,0.1614721266012202,Low
1629-DQQVB,14,Month-to-month,DSL,50.1,709.5,0,0.161379313598553,Low
0523-VNGTF,52,Month-to-month,DSL,50.5,2566.3,0,0.16106672159954352,Low
7502-BNYGS,46,Month-to-month,DSL,69.1,3168.0,0,0.1610613788015444,Low
9978-HYCIN,47,One year,Fiber optic,84.95,4018.05,0,0.16094202714744552,Low
0222-CNVPT,52,Month-to-month,DSL,48.8,2555.05,0,0.1605360398805985,Low
5206-XZZQI,53,Month-to-month,Fiber optic,80.6,4348.1,0,0.16050432259830538,Low
8731-WBBMB,26,Month-to-month,DSL,81.9,2078.55,0,0.16047515614083896,Low
1768-HNVGJ,45,Month-to-month,DSL,70.05,3062.45,0,0.16033194993234925,Low
7868-BGSZA,43,One year,DSL,80.2,3581.6,0,0.16009392363605918,Low
9986-BONCE,4,Month-to-month,No,20.95,85.5,1,0.1600724734446111,Low
5832-EXGTT,29,Month-to-month,DSL,60.2,1834.15,0,0.15987472977016998,Low
6490-FGZAT,6,Month-to-month,No,20.65,109.3,0,0.1598503202485336,Low
9101-BWFSS,50,One year,Fiber optic,108.55,5610.7,1,0.15972909134430802,Low
7968-QUXNS,6,Month-to-month,No,18.95,110.15,0,0.1596174806386703,Low
5343-SGUBI,52,One year,Fiber optic,80.2,4297.6,0,0.1595937531372767,Low
2040-OBMLJ,31,One year,Fiber optic,81.7,2548.65,0,0.15947120912209384,Low
9938-EKRGF,15,Month-to-month,DSL,84.45,1287.85,0,0.15945584174681574,Low
4868-AADLV,66,One year,Fiber optic,116.25,7862.25,0,0.15914853656332784,Low
6296-DDOOR,19,One year,DSL,58.2,1045.25,0,0.15901397705953718,Low
8644-XYTSV,42,Month-to-month,DSL,40.15,1626.05,0,0.15899171554827074,Low
4198-VFOEA,12,One year,DSL,33.6,435.45,0,0.15874462991773752,Low
7811-JIVPF,23,Month-to-month,DSL,49.7,1081.25,0,0.15873134918748946,Low
1755-RMCXH,2,Month-to-month,No,20.3,40.25,0,0.15856566150068005,Low
9863-JZAIC,35,Month-to-month,DSL,55.0,2010.55,1,0.15810780050075351,Low
2896-TBNBE,40,One year,Fiber optic,80.8,3132.75,0,0.15787243610340068,Low
9974-JFBHQ,64,Month-to-month,Fiber optic,99.15,6171.2,0,0.1578707722672295,Low
8319-QBEHW,26,One year,DSL,39.95,1023.75,0,0.1578347677818411,Low
2959-EEXWB,45,Month-to-month,DSL,50.9,2333.85,0,0.15772799323001524,Low
9644-KVCNC,66,One year,Fiber optic,92.15,6056.9,0,0.15771118083848373,Low
2722-VOJQL,64,One year,Fiber optic,105.65,6903.1,1,0.15747005858000113,Low
0584-BJQGZ,25,Month-to-month,DSL,78.35,1837.9,0,0.15744065439386237,Low
5850-BDWCY,6,Month-to-month,No,20.2,123.65,0,0.15737418912009354,Low
7356-AYNJP,4,One year,No,23.9,97.5,0,0.15736880313212456,Low
8433-WPJTV,65,One year,Fiber optic,103.9,6767.1,0,0.1572160274049405,Low
8878-RYUKI,52,Month-to-month,DSL,59.45,3043.7,0,0.15718276489957342,Low
2928-HLDBA,6,Month-to-month,No,20.7,112.75,0,0.157093033809329,Low
6972-SNKKW,6,Month-to-month,No,20.0,109.2,0,0.15687095094095416,Low
0292-WEGCH,54,Month-to-month,DSL,86.2,4524.05,0,0.15683951549300884,Low
0851-DFJKB,15,Month-to-month,DSL,58.95,955.15,0,0.1566252578481275,Low
0440-QEXBZ,44,Month-to-month,DSL,50.15,2139.1,0,0.15653676732666666,Low
3675-EQOZA,5,Month-to-month,No,20.65,93.55,0,0.15621902421043346,Low
8314-DPQHL,9,One year,DSL,50.8,463.6,0,0.15607341542792225,Low
1297-VQDRP,68,One year,Fiber optic,107.15,7379.8,0,0.15593048508415525,Low
9618-LFJRU,4,Month-to-month,No,20.45,82.85,0,0.155928201908941,Low
8033-ATFAS,39,Month-to-month,DSL,59.85,2341.5,0,0.15591296318994705,Low
3948-FVVRP,9,Month-to-month,DSL,54.8,452.8,0,0.15587250821443208,Low
0484-FFVBJ,32,One year,DSL,64.85,2010.95,0,0.15562637012618108,Low
3156-QLHBO,2,Month-to-month,No,19.25,48.35,0,0.15547348669547395,Low
2410-CIYFZ,2,Month-to-month,No,20.4,42.9,0,0.155469383070074,Low
1447-PJGGA,57,Two year,Fiber optic,95.25,5464.65,1,0.1548495403475985,Low
3506-LCJDC,1,Month-to-month,No,19.95,19.95,1,0.15475859585525184,Low
6617-WLBQC,23,One year,Fiber optic,81.85,1810.85,0,0.15474084639549912,Low
6797-UCJHZ,66,One year,Fiber optic,104.6,6819.45,0,0.15462613070896553,Low
5590-ZSKRV,8,Month-to-month,DSL,54.65,482.25,0,0.15444982328635243,Low
6137-MFAJN,48,Month-to-month,DSL,44.8,2104.55,0,0.15443871728628844,Low
4132-POCZS,52,Month-to-month,DSL,39.9,2020.9,0,0.15438035868707384,Low
9364-YKUVW,15,Month-to-month,No,19.8,309.4,0,0.15430933398908714,Low
4402-FTBXC,54,Month-to-month,Fiber optic,89.8,4667.0,0,0.15425173104699308,Low
3523-QRQLL,22,One year,DSL,69.5,1498.2,1,0.15418462393986052,Low
0750-EKNGL,7,Month-to-month,No,20.75,141.1,0,0.1540026841029795,Low
0708-SJDIS,34,Month-to-month,DSL,65.0,2157.5,0,0.1537483130839922,Low
0870-VEMYL,5,Month-to-month,DSL,53.85,259.8,1,0.1535421866422811,Low
8785-EPNCG,11,Month-to-month,No,23.15,245.2,1,0.15331279021144967,Low
1545-ACTAS,48,One year,Fiber optic,99.7,4977.2,0,0.15320600658365388,Low
0678-RLHVP,53,Two year,Fiber optic,105.55,5682.25,0,0.15308824218356845,Low
4277-UDIEF,24,Month-to-month,DSL,81.0,1923.85,0,0.15289985147304627,Low
4628-CTTLA,57,Month-to-month,DSL,39.3,2111.45,1,0.15286028053824205,Low
4190-MFLUW,10,Month-to-month,DSL,55.2,528.35,1,0.15284101329493485,Low
9762-YAQAA,39,One year,Fiber optic,81.4,3213.75,0,0.15282503618523494,Low
4472-VESGY,52,Month-to-month,Fiber optic,98.15,4993.4,0,0.15267634583192566,Low
4374-YMUSQ,34,One year,Fiber optic,116.25,3899.05,0,0.1526582000541743,Low
0580-PIQHM,41,One year,Fiber optic,101.6,3930.55,0,0.1523823717514468,Low
2159-TURXX,5,Month-to-month,No,20.05,95.55,0,0.1522899838277462,Low
6769-DCQLI,52,One year,Fiber optic,105.0,5426.85,1,0.1519770001271322,Low
1142-IHLOO,51,One year,Fiber optic,87.55,4475.9,0,0.1518922140622899,Low
1383-EZRWL,7,Month-to-month,No,20.05,164.85,1,0.15186297728064058,Low
4644-PIZRT,17,One year,DSL,70.35,1201.65,0,0.15167493149084885,Low
3530-CRZSB,7,Month-to-month,No,20.65,155.9,0,0.15166660468295845,Low
2692-AQCPF,65,One year,Fiber optic,108.05,7118.9,0,0.1515178169796158,Low
2212-LYASK,27,One year,DSL,45.85,1246.4,0,0.15150944547453835,Low
9496-IVVRP,11,Month-to-month,DSL,51.0,581.7,0,0.15150259716679423,Low
7299-GNVPL,23,Month-to-month,Fiber optic,84.4,1936.85,0,0.1515023121605022,Low
1543-LLLFT,61,One year,Fiber optic,98.3,6066.55,0,0.15146825353270257,Low
6671-NGWON,7,Month-to-month,No,20.35,150.6,0,0.15145404369841176,Low
3316-UWXUY,50,Month-to-month,Fiber optic,93.5,4747.5,0,0.15135325707190084,Low
8053-WWDRO,6,Month-to-month,No,19.5,146.3,1,0.15129061769596477,Low
2320-YKQBO,7,Month-to-month,No,19.3,144.95,0,0.15112052242528398,Low
7663-ZTEGJ,29,One year,Fiber optic,100.55,2830.45,0,0.15107449517580068,Low
0373-AIVNJ,9,One year,DSL,39.55,373.0,0,0.15103931588725633,Low
6008-NAIXK,54,One year,DSL,55.45,2966.95,0,0.15099155913353782,Low
5345-BMKWB,8,Month-to-month,No,20.25,158.35,0,0.15086022492440343,Low
5876-HZVZM,6,Month-to-month,DSL,55.9,365.35,1,0.1507505643912231,Low
4895-TMWIR,11,Month-to-month,No,19.95,214.75,1,0.1506714413239936,Low
6738-ISCBM,44,One year,DSL,54.0,2440.25,0,0.1506059204993281,Low
7787-BNTZM,6,Month-to-month,No,20.15,130.5,0,0.1505554037744567,Low
8080-POTJR,30,One year,DSL,79.3,2427.1,0,0.1504609309937899,Low
9651-GTSAQ,53,One year,Fiber optic,106.1,5769.75,1,0.15041757275920484,Low
4189-NAKJS,26,One year,DSL,51.55,1295.4,0,0.1502520850493002,Low
1810-BOHSY,51,One year,Fiber optic,96.4,4911.05,0,0.1502384921379723,Low
2898-MRKPI,68,One year,Fiber optic,101.05,6770.5,0,0.15022351214600568,Low
1852-XEMDW,22,Month-to-month,DSL,65.05,1427.55,0,0.15004185021276517,Low
5151-HQRDG,37,Month-to-month,DSL,55.05,2030.75,0,0.1499662688779748,Low
9470-RTWDV,26,One year,DSL,82.0,2083.1,0,0.1499605053967881,Low
4140-WJAWW,5,Month-to-month,No,19.85,108.05,1,0.14988825317061677,Low
1925-GMVBW,5,Month-to-month,No,20.55,96.1,0,0.14961419286282768,Low
5989-OMNJE,24,One year,DSL,57.6,1367.75,0,0.14958039575887172,Low
1465-WCZVT,3,Month-to-month,No,19.65,60.65,0,0.14951570198099584,Low
6097-EQISJ,66,One year,Fiber optic,102.45,6615.15,1,0.1494502375662915,Low
1337-BOZWO,18,One year,DSL,46.4,812.4,0,0.14944785131366176,Low
7764-BDPEE,3,Month-to-month,No,20.85,60.65,0,0.14936273742379866,Low
7785-RDVIG,3,Month-to-month,No,19.3,54.7,0,0.14927795868212274,Low
6447-GORXK,31,Month-to-month,DSL,25.0,789.2,0,0.14925815880794732,Low
0206-TBWLC,54,One year,Fiber optic,114.65,6049.5,0,0.14925121496934424,Low
8250-ZNGGW,5,Month-to-month,DSL,59.9,287.85,0,0.14922023724620356,Low
7521-YXVZY,3,Month-to-month,No,19.95,58.3,0,0.14915824789671844,Low
4075-JFPGR,51,One year,Fiber optic,93.5,4619.55,0,0.1490187444973238,Low
0939-EREMR,13,Month-to-month,DSL,53.45,718.1,0,0.1489589229909774,Low
6705-LNMDD,20,Month-to-month,DSL,50.0,1003.05,0,0.14894253406936359,Low
4323-OHFOW,70,One year,Fiber optic,105.55,7195.35,0,0.14878500665784275,Low
3272-VUHPV,8,Month-to-month,DSL,56.3,401.5,0,0.148652065416373,Low
2332-EFBJY,16,Month-to-month,No,19.7,342.4,1,0.14863711275046165,Low
4946-EDSEW,11,Month-to-month,No,19.25,180.3,1,0.14836954249158413,Low
9249-FXSCK,52,One year,Fiber optic,111.25,5916.45,1,0.14798173190534167,Low
3570-YUEKJ,42,Month-to-month,DSL,49.55,2077.95,0,0.1479342228754792,Low
9494-BDNNC,66,One year,Fiber optic,95.3,6273.4,0,0.14790236480964875,Low
8268-YDIXR,56,One year,Fiber optic,93.15,5253.95,0,0.14787189373777668,Low
5766-XQXMQ,29,Month-to-month,DSL,68.85,1970.5,1,0.14768200908347873,Low
5478-JJVZK,33,Month-to-month,DSL,60.9,2033.85,0,0.14761800807682343,Low
5197-PYEPU,42,One year,Fiber optic,94.45,3923.8,0,0.14732074601882642,Low
6227-FBDXH,69,One year,Fiber optic,99.5,6841.45,0,0.14720567937401005,Low
2560-PPCHE,65,One year,Fiber optic,105.05,6744.25,0,0.1466708122309463,Low
0620-XEFWH,4,Month-to-month,No,18.85,84.2,0,0.14627871598886694,Low
8375-KVTHK,68,One year,Fiber optic,100.3,6754.35,0,0.1461196297179061,Low
6804-GDMOI,61,Two year,Fiber optic,106.6,6428.4,1,0.1460301891503281,Low
4182-BGSIQ,10,Month-to-month,No,19.8,196.75,0,0.1460215873067664,Low
6563-VNPMN,45,Month-to-month,Fiber optic,85.7,3778.1,0,0.1457597381809696,Low
4710-NKCAW,5,Month-to-month,DSL,64.4,316.9,0,0.1457058994553143,Low
7094-MSZAO,10,Month-to-month,No,20.05,218.5,0,0.1456878513607327,Low
1360-XFJMR,67,One year,Fiber optic,109.7,7344.45,0,0.14560804819559467,Low
9036-CSKBW,51,One year,Fiber optic,107.45,5680.9,0,0.1454950283333941,Low
7879-CGSFV,55,One year,Fiber optic,100.9,5552.05,0,0.14549438112470656,Low
9475-NNDGC,71,One year,Fiber optic,113.15,7953.25,0,0.14526069298362046,Low
2242-MFOTG,33,One year,Fiber optic,80.1,2603.3,0,0.14511113251557795,Low
6906-MPARY,40,One year,Fiber optic,89.6,3488.15,0,0.1450140804026709,Low
0002-ORFBO,9,One year,DSL,65.6,593.3,0,0.14496009085919892,Low
8944-AILEF,15,Month-to-month,No,19.45,340.85,0,0.14490145430082133,Low
6979-TNDEU,8,Month-to-month,No,19.2,156.85,0,0.1448980543757998,Low
3786-WOVKF,72,One year,Fiber optic,106.85,7677.4,0,0.14474209814327466,Low
7382-DFJTU,18,Month-to-month,DSL,55.2,1058.1,0,0.1447281965208682,Low
9391-DXGGG,44,One year,Fiber optic,89.15,3990.75,0,0.14445171777886634,Low
9554-DFKIC,30,Month-to-month,DSL,54.45,1588.7,0,0.14428624330002163,Low
9970-QBCDA,6,Month-to-month,No,19.7,129.55,0,0.14399307933468095,Low
1573-LGXBA,57,One year,Fiber optic,97.55,5598.0,0,0.1436683014093942,Low
0031-PVLZI,4,Month-to-month,No,20.35,76.35,1,0.143576015559285,Low
5968-XQIVE,72,One year,Fiber optic,89.7,6588.95,0,0.14354435608412014,Low
7824-PANSQ,58,Month-to-month,Fiber optic,80.65,4807.35,0,0.14340914026952134,Low
7516-GMHUV,50,Two year,Fiber optic,105.05,5163.3,0,0.1433713029289236,Low
8216-AZUUZ,42,Two year,Fiber optic,100.4,4303.65,0,0.14329588109256222,Low
7219-TLZHO,4,Month-to-month,No,20.85,62.9,0,0.14323796354603668,Low
5440-VHLUL,69,One year,Fiber optic,105.2,7386.05,0,0.143159123667695,Low
4476-OSWTN,69,One year,Fiber optic,110.55,7610.1,0,0.14305443261222622,Low
4701-AHWMW,55,Month-to-month,DSL,54.55,2978.3,1,0.1430150687265478,Low
5014-WUQMG,47,One year,Fiber optic,96.1,4391.45,0,0.14300022788923786,Low
5732-IKGQH,52,One year,Fiber optic,104.45,5481.25,0,0.1427987127218457,Low
8496-DMZUK,30,One year,Fiber optic,90.4,2820.65,0,0.1427725346408369,Low
4079-VTGLK,30,Two year,DSL,74.85,2181.75,0,0.14272364104459573,Low
2925-MXLSX,30,One year,DSL,68.95,2038.7,0,0.14261477460485605,Low
4450-MDZFX,60,Month-to-month,Fiber optic,74.35,4453.3,0,0.1424300025662701,Low
4568-TTZRT,9,Month-to-month,No,20.4,181.8,0,0.1420651182228901,Low
4083-EUGRJ,9,Month-to-month,No,20.25,178.5,1,0.1419448448938565,Low
0310-VQXAM,9,Month-to-month,No,19.85,178.8,0,0.14189814614509794,Low
2748-MYRVK,63,One year,Fiber optic,99.9,6137.0,1,0.141860718949359,Low
3863-IUBJR,12,One year,DSL,53.65,696.35,1,0.14161914485568072,Low
7964-YESJC,24,Month-to-month,DSL,66.3,1559.45,0,0.1416048549307581,Low
1009-IRMNA,7,Month-to-month,No,20.0,137.6,1,0.14155530516319775,Low
3011-WQKSZ,19,Month-to-month,No,20.0,377.55,0,0.14140525420815053,Low
6202-JVYEU,9,One year,No,19.9,164.6,0,0.1410736194886137,Low
6341-AEVKX,62,One year,Fiber optic,104.3,6613.65,0,0.1409248918841813,Low
8627-EHGIP,44,One year,DSL,53.95,2375.4,1,0.1408060253792086,Low
9591-YVTEB,55,Month-to-month,DSL,44.85,2479.05,0,0.14066387708811828,Low
0594-UFTUL,13,Month-to-month,No,19.85,252.0,0,0.14041961515029974,Low
4455-BFSPD,61,One year,Fiber optic,101.15,6383.9,0,0.14040826944542445,Low
4926-UMJZD,31,Month-to-month,DSL,49.2,1498.55,0,0.14021698134584643,Low
8851-RAGOV,25,Month-to-month,DSL,71.05,1837.7,0,0.14008165489971738,Low
7989-AWGEH,49,Month-to-month,DSL,39.2,1838.15,0,0.14002452442278157,Low
1257-SXUXQ,5,Month-to-month,No,19.45,86.05,0,0.14001991420995746,Low
5740-YHGTW,70,Month-to-month,Fiber optic,97.55,6669.05,0,0.13986775226096865,Low
7674-YTAFD,33,One year,Fiber optic,79.95,2684.85,0,0.13983564907133858,Low
3039-MJSLN,3,Month-to-month,No,20.2,50.6,0,0.1396245434333384,Low
6278-FEPBZ,9,Month-to-month,No,20.25,186.15,0,0.13956288367919722,Low
5376-PCKNB,72,One year,Fiber optic,104.45,7459.0,0,0.13948609803538958,Low
8224-IVVPA,27,Month-to-month,DSL,56.7,1652.95,0,0.13946795433490494,Low
6749-UTDVX,72,Two year,Fiber optic,103.65,7634.8,0,0.13934606767339713,Low
3428-MMGUB,60,Two year,Fiber optic,89.55,5231.2,0,0.13916936811924757,Low
9115-YQHGA,40,Month-to-month,DSL,51.1,2092.9,0,0.13914204404256775,Low
5985-BEHZK,72,One year,Fiber optic,105.0,7578.05,0,0.13896670067949987,Low
2851-MMUTZ,27,Month-to-month,DSL,56.15,1439.35,0,0.13888495447251342,Low
1376-HHBDV,30,Month-to-month,DSL,48.8,1536.75,0,0.13882998160777094,Low
0621-JFHOL,10,Two year,DSL,29.6,299.05,0,0.13880136460030346,Low
2530-FMFXO,56,Two year,Fiber optic,103.2,5873.75,0,0.1387855368238115,Low
7845-URHJN,8,Month-to-month,No,20.15,156.25,1,0.1387553771723237,Low
9738-QLWTP,39,One year,Fiber optic,81.9,3219.75,0,0.13867764328262389,Low
4250-ZBWLV,68,One year,Fiber optic,108.45,7176.55,1,0.1386268957457875,Low
1991-VOPLL,9,Month-to-month,No,19.05,157.65,0,0.1385552929921632,Low
5678-VFNEQ,71,One year,Fiber optic,104.1,7412.25,0,0.13854570623329537,Low
9609-BENEA,35,One year,DSL,69.0,2441.7,0,0.1383081290044959,Low
4274-DRSQT,66,One year,Fiber optic,88.9,6000.1,0,0.13823527378800513,Low
8634-CILSZ,69,One year,Fiber optic,104.7,7220.35,1,0.13814090792149,Low
8849-GYOKR,54,One year,Fiber optic,106.55,5763.3,1,0.13807545377990313,Low
1179-INLAT,3,One year,No,19.45,69.25,0,0.13804951492336548,Low
1304-SEGFY,72,Two year,Fiber optic,97.85,6841.3,0,0.138008366226533,Low
3752-CQSJI,13,Month-to-month,No,20.45,254.5,0,0.1379893732351135,Low
6505-OZNPG,6,Two year,DSL,63.4,348.8,0,0.13775433527721886,Low
1309-XGFSN,52,One year,DSL,80.85,4079.55,0,0.1376004755396357,Low
0665-XHDJU,72,Two year,Fiber optic,99.4,7285.7,0,0.13756561867212702,Low
9746-MDMBK,47,One year,Fiber optic,113.45,5317.8,0,0.13747288663040452,Low
3275-RHRNE,28,One year,DSL,60.0,1682.05,0,0.13747104386092207,Low
1208-DNHLN,23,One year,DSL,48.35,1067.15,1,0.13740604447665664,Low
3865-ZYKAD,69,Month-to-month,Fiber optic,84.9,5785.65,0,0.13739174989218095,Low
5168-MQQCA,72,One year,Fiber optic,108.5,8003.8,0,0.13718654847531883,Low
9294-TDIPC,5,Month-to-month,No,20.2,83.75,0,0.13716993044107378,Low
2908-ZTPNF,36,Month-to-month,DSL,34.85,1267.2,0,0.13703007773199263,Low
9092-GDZKO,22,Month-to-month,No,24.85,493.4,0,0.13702132725106728,Low
3253-HKOKL,52,One year,Fiber optic,100.3,5244.45,0,0.13691313103584413,Low
8849-PRIQJ,67,One year,Fiber optic,109.4,7281.6,0,0.13679405825064955,Low
1017-FBQMM,62,One year,Fiber optic,106.05,6703.5,0,0.13656514913875703,Low
5995-OIGLP,12,Month-to-month,DSL,56.65,654.85,1,0.13653133941420684,Low
5285-MVEHD,56,One year,Fiber optic,105.6,6068.65,0,0.1365209974633483,Low
0305-SQECB,11,One year,DSL,36.05,402.6,0,0.1363738556279294,Low
7361-YPXFS,28,Month-to-month,DSL,64.45,1867.6,0,0.13629364754103585,Low
7789-CRUVC,61,Month-to-month,Fiber optic,94.2,5895.45,0,0.13616986443946383,Low
6728-DKUCO,72,One year,Fiber optic,104.15,7303.05,0,0.13601699943109632,Low
2019-HDCZY,63,Two year,Fiber optic,102.6,6296.75,0,0.13597195192598965,Low
0787-LHDYT,16,Month-to-month,No,20.6,330.25,0,0.1355437385595199,Low
5966-EMAZU,64,One year,Fiber optic,108.5,6880.85,0,0.13548675327871784,Low
3086-RUCRN,66,Month-to-month,Fiber optic,103.1,6595.0,0,0.13533681139480164,Low
5616-PRTNT,20,Month-to-month,No,19.4,374.5,1,0.13501987683546562,Low
3724-UCSHY,6,Month-to-month,No,19.55,122.9,0,0.13492694009437822,Low
1237-WIYYZ,18,Month-to-month,No,19.55,389.25,0,0.1347188505941512,Low
8769-KKTPH,63,One year,Fiber optic,99.65,6311.2,0,0.1346848030319767,Low
2969-WGHQO,7,One year,DSL,69.45,477.05,0,0.1346617495517732,Low
0810-BDHAW,24,One year,DSL,78.4,1832.4,0,0.13432199089124525,Low
4816-OKWNX,50,One year,Fiber optic,103.4,5236.4,0,0.1341721857349288,Low
2234-XADUH,72,One year,Fiber optic,103.2,7362.9,0,0.13396689259867103,Low
2972-YDYUW,57,One year,Fiber optic,94.7,5468.95,0,0.13392934113845947,Low
6035-RIIOM,54,Two year,Fiber optic,97.2,5129.45,0,0.1338474299379007,Low
9798-DRYDS,17,One year,DSL,61.95,1070.7,0,0.13382628540538893,Low
0655-YDGFJ,29,Month-to-month,DSL,48.95,1323.7,0,0.13351978377801418,Low
5640-CAXOA,30,One year,DSL,40.35,1187.05,0,0.13331675291749057,Low
8905-IAZPF,69,One year,Fiber optic,95.65,6744.2,0,0.13299643163728123,Low
4580-TMHJU,43,Month-to-month,DSL,56.15,2499.3,1,0.13285487925001624,Low
3633-CDBUW,17,One year,DSL,80.85,1445.95,0,0.13270592041054738,Low
5566-SOEZD,27,One year,Fiber optic,80.65,2209.75,0,0.13262606253344567,Low
6156-UZDLF,26,One year,Fiber optic,87.15,2274.1,0,0.13260036647517293,Low
5863-OOKCL,10,Month-to-month,No,18.85,163.2,0,0.13257553962226112,Low
1140-UKVZG,17,Month-to-month,No,24.8,475.25,0,0.13247423286212792,Low
4332-MUOEZ,20,One year,Fiber optic,94.3,1818.3,0,0.13236620508016295,Low
6164-HXUGH,6,Month-to-month,No,19.85,119.3,0,0.13236440882527994,Low
1345-GKDZZ,6,Month-to-month,No,19.55,128.6,0,0.13229309329448746,Low
2791-SFVEW,9,Month-to-month,No,20.15,238.15,0,0.1321862381029296,Low
3077-RSNTJ,6,Month-to-month,No,19.7,113.5,0,0.1321801951432644,Low
0136-IFMYD,69,Two year,Fiber optic,109.95,7634.25,0,0.13199750525633058,Low
1428-IEDPR,52,Two year,Fiber optic,109.3,5731.4,0,0.1318702466691222,Low
7623-HKYRK,6,Month-to-month,No,19.7,111.65,0,0.13183261990024553,Low
5555-RNPGT,10,Month-to-month,No,24.8,223.9,0,0.13180950643390063,Low
6732-FZUGP,47,One year,Fiber optic,94.9,4615.25,0,0.13161291284950768,Low
7964-ZRKKG,67,One year,Fiber optic,88.4,5798.3,0,0.1315985915549627,Low
4719-UMSIY,6,Month-to-month,No,19.65,100.9,0,0.1315223178536803,Low
6214-EDAKZ,22,Month-to-month,DSL,55.15,1206.05,1,0.13142327606629436,Low
7080-TNUWP,70,One year,Fiber optic,95.0,6602.9,0,0.13134904466666752,Low
7777-UNYHB,12,Month-to-month,No,20.1,232.4,0,0.1310987734527084,Low
8929-KSWIH,25,Two year,Fiber optic,99.3,2513.5,0,0.13108320355473904,Low
6092-QZVPP,36,Month-to-month,DSL,79.2,2854.95,0,0.13096887381399275,Low
9932-WBWIK,11,Month-to-month,No,20.35,215.25,0,0.13074499588509741,Low
3642-GKTCT,61,One year,Fiber optic,115.1,6993.65,0,0.1305570293958211,Low
2371-JUNGC,11,Month-to-month,No,20.25,208.0,0,0.13052851604926669,Low
6198-PNNSZ,56,One year,Fiber optic,109.8,6109.65,0,0.130283191930602,Low
0233-FTHAV,60,One year,Fiber optic,79.2,4765.0,0,0.1297727409420105,Low
1950-KSVVJ,45,One year,Fiber optic,113.3,5032.25,0,0.1297584614216263,Low
0487-RPVUM,61,Month-to-month,Fiber optic,99.4,5943.65,0,0.1297379773482655,Low
7105-MXJLL,26,One year,DSL,60.7,1597.4,0,0.12973446209887374,Low
7013-PSXHK,40,One year,DSL,80.75,3208.65,0,0.1296673730683872,Low
4732-RRJZC,7,Month-to-month,No,20.25,144.35,0,0.12963883019044126,Low
7727-SHVZV,9,Month-to-month,No,19.5,150.35,0,0.12963303426349554,Low
2001-MCUUW,46,Two year,Fiber optic,108.65,4903.2,0,0.12958358351593624,Low
5396-IZEPB,9,Month-to-month,No,19.7,180.7,0,0.12956414386129386,Low
0931-MHTEM,54,One year,Fiber optic,100.05,5299.65,0,0.12913303609029486,Low
5913-INRQV,34,One year,Fiber optic,90.15,3128.8,0,0.1291118012807637,Low
5832-TRLPB,29,One year,DSL,75.35,2243.9,0,0.129095656238102,Low
0128-MKWSG,26,Month-to-month,DSL,45.8,1147.0,0,0.1290534884463515,Low
0142-GVYSN,26,Month-to-month,No,20.3,511.25,0,0.12892249883427126,Low
9929-PLVPA,4,Month-to-month,No,20.4,94.5,0,0.12886594529550144,Low
1202-KKGFU,12,Month-to-month,DSL,54.2,690.5,0,0.1288240653193647,Low
2452-SNHFZ,47,Month-to-month,Fiber optic,75.45,3545.1,0,0.12878997909912962,Low
8910-ICHIU,46,One year,Fiber optic,95.65,4664.2,0,0.12878201712149126,Low
6981-TDRFT,44,One year,DSL,54.3,2317.1,0,0.12872962646086733,Low
3680-CTHUH,60,One year,Fiber optic,116.6,7049.5,0,0.12872676631507513,Low
4075-WKNIU,0,Two year,DSL,73.35,,0,0.12870960383579214,Low
2023-VQFDL,18,Month-to-month,No,19.0,348.8,0,0.12853218589092963,Low
3126-WQMGH,49,Month-to-month,DSL,52.15,2583.75,0,0.1285012499199837,Low
2001-EWBQU,60,Two year,Fiber optic,104.7,6333.8,0,0.1283334561026873,Low
9495-REDIY,25,One year,DSL,40.65,970.55,0,0.12830599738771314,Low
8474-UMLNT,13,Month-to-month,DSL,67.8,842.25,0,0.12817241409663216,Low
8984-EYLLL,64,Two year,Fiber optic,105.25,6823.4,0,0.12811773685193015,Low
0696-UKTOX,23,Month-to-month,DSL,54.15,1312.45,0,0.12808083214318047,Low
1389-WNUIB,20,One year,DSL,76.0,1588.75,0,0.12805029519492211,Low
0447-BEMNG,48,Month-to-month,DSL,45.3,2145.0,1,0.1280318871115571,Low
3391-JSQEW,40,Month-to-month,DSL,50.15,2058.5,0,0.12796397066958143,Low
6873-UDNLD,40,Month-to-month,DSL,67.45,2731.0,0,0.12791996846033288,Low
3070-BDOQC,60,Two year,Fiber optic,99.65,5941.05,0,0.12788558432584413,Low
9504-DSHWM,20,Month-to-month,DSL,59.2,1191.2,0,0.1276948323999693,Low
3012-VFFMN,7,Month-to-month,No,20.65,158.95,0,0.1276747692232234,Low
4830-FAXFM,19,Month-to-month,No,24.1,439.2,0,0.12752989520249364,Low
5774-XZTQC,7,Month-to-month,No,20.45,150.75,0,0.12742379821761576,Low
6286-ZHAOK,20,Month-to-month,No,25.55,507.4,0,0.12740070897527372,Low
5149-CUZUJ,28,One year,Fiber optic,92.9,2768.35,0,0.12738309917649143,Low
5533-RJFTJ,49,Month-to-month,DSL,30.2,1453.1,0,0.12703248898374234,Low
2696-ECXKC,55,One year,Fiber optic,100.9,5448.6,0,0.12694468133382142,Low
6302-JGYRJ,31,One year,DSL,79.45,2587.7,1,0.12679680614814035,Low
0824-VWDPO,45,One year,Fiber optic,96.75,4442.75,0,0.1267409755788495,Low
4776-XSKYQ,12,One year,DSL,30.25,368.85,0,0.12641453273726083,Low
5176-LDKUH,48,One year,Fiber optic,75.15,3772.65,0,0.12635432071295064,Low
0396-UKGAI,23,Month-to-month,DSL,55.3,1284.2,0,0.12628838345072996,Low
7632-MNYOY,66,One year,Fiber optic,110.9,7432.05,1,0.12623672143643688,Low
2739-CCZMB,5,Month-to-month,No,20.35,122.0,0,0.1262119255671922,Low
5996-NRVXR,40,One year,Fiber optic,98.15,4116.8,0,0.1261071988734889,Low
8942-DBMHZ,12,Month-to-month,No,20.45,255.35,0,0.12602841624899924,Low
4422-QVIJA,35,Month-to-month,DSL,50.15,1655.35,0,0.12581842356745732,Low
4023-RTIQM,31,One year,DSL,50.4,1580.1,0,0.1257110797158102,Low
3865-YIOTT,72,One year,Fiber optic,106.1,7848.5,0,0.1253197534529203,Low
4418-LZMSV,13,Month-to-month,DSL,61.8,750.1,0,0.12519617444846293,Low
1921-KYSAY,41,One year,DSL,68.6,2877.05,0,0.12517081565402868,Low
2233-TXSIU,17,One year,DSL,44.45,792.15,0,0.12504555885231294,Low
6837-HAEVO,69,Two year,Fiber optic,105.0,7297.75,0,0.1249034442258984,Low
4525-VZCZG,54,One year,Fiber optic,105.85,5826.65,0,0.12483447652135646,Low
9146-JRIOX,14,Month-to-month,No,25.55,372.45,0,0.12475919159598446,Low
9086-YJYXS,34,One year,DSL,77.2,2753.8,0,0.12460811212850116,Low
2428-ZMCTB,10,Month-to-month,No,19.75,208.25,0,0.12453924033022519,Low
0997-YTLNY,19,Month-to-month,DSL,48.8,953.65,0,0.1244539122750873,Low
0380-ZCSBI,10,Month-to-month,No,20.0,198.7,0,0.12431327638956143,Low
9839-ETQOE,43,Month-to-month,DSL,40.45,1912.85,0,0.12414801030697308,Low
0345-XMMUG,46,Two year,Fiber optic,108.9,4854.3,0,0.1240879047554481,Low
1353-GHZOS,22,One year,DSL,59.75,1374.35,0,0.12398311536437993,Low
1539-LNKHM,12,Month-to-month,No,20.4,266.6,0,0.12396536503372808,Low
8963-MQVYN,22,Month-to-month,No,20.55,469.85,0,0.1236462514374734,Low
0098-BOWSO,27,Month-to-month,No,19.4,529.8,0,0.12355992989914709,Low
4020-KIUDI,6,Month-to-month,No,19.85,138.85,0,0.12354302001288019,Low
2294-DMMUS,62,Month-to-month,DSL,70.45,4300.45,0,0.12353363426418641,Low
6838-HVLXG,12,Month-to-month,No,20.3,246.7,0,0.12341989373057119,Low
8671-KKKOS,46,Month-to-month,DSL,45.55,2062.15,0,0.12340528942315702,Low
0750-EBAIU,52,One year,Fiber optic,91.25,4738.3,0,0.12340194857167783,Low
3750-RNQKR,12,Month-to-month,No,19.45,246.25,0,0.12330270650047583,Low
6994-FGRHH,70,One year,Fiber optic,106.15,7475.1,0,0.12325541195181816,Low
4713-ZBURT,45,Two year,Fiber optic,99.7,4634.35,0,0.12313950525189783,Low
0257-KXZGU,32,Month-to-month,DSL,62.45,2045.55,0,0.12305244608505192,Low
6465-GSRCL,67,One year,Fiber optic,106.6,7244.7,0,0.12294194207143637,Low
4119-ZYPZY,71,Two year,Fiber optic,106.8,7623.2,0,0.12279605533020874,Low
9367-TCUYN,12,Month-to-month,No,20.1,223.6,0,0.12277895543280226,Low
9786-IJYDL,35,Two year,Fiber optic,113.2,3914.05,0,0.12272312720262615,Low
1563-IWQEX,12,Month-to-month,No,19.7,220.35,0,0.12264322708356805,Low
5837-LXSDN,21,One year,DSL,58.85,1215.45,0,0.12256301680164267,Low
5921-NGYRH,64,Month-to-month,Fiber optic,73.55,4764.0,0,0.12248124761601406,Low
6333-YDVLT,65,One year,Fiber optic,110.0,7138.65,0,0.12242027879508799,Low
5353-WILCI,28,Month-to-month,DSL,56.05,1522.65,0,0.12239600351883345,Low
1850-AKQEP,8,Month-to-month,No,20.35,178.7,0,0.12218581705963649,Low
6778-EICRF,24,One year,DSL,74.8,1821.2,0,0.12198329951419606,Low
5240-CAOYT,57,Month-to-month,Fiber optic,87.55,4884.85,0,0.12134277254873337,Low
3128-YOVTD,51,Month-to-month,Fiber optic,79.15,4018.55,0,0.1213420608697654,Low
8561-NMTBD,67,One year,Fiber optic,112.35,7388.45,0,0.12125816454903234,Low
5013-SBUIH,50,Two year,Fiber optic,109.65,5551.15,1,0.1210193872795803,Low
5081-NWSUP,10,One year,DSL,64.9,685.55,0,0.12095039411187408,Low
9256-JTBNZ,11,Month-to-month,No,20.3,246.3,0,0.12090009352986628,Low
4002-BQWPQ,25,Month-to-month,DSL,81.75,2028.8,0,0.12087457878171513,Low
4726-DLWQN,50,Month-to-month,DSL,70.35,3454.6,0,0.12084699329905378,Low
7572-KPVKK,62,Two year,Fiber optic,104.05,6590.5,0,0.12083636815684622,Low
6840-RESVB,24,One year,DSL,84.8,1990.5,0,0.12076635433486968,Low
6900-RBKER,52,Two year,Fiber optic,89.45,4577.75,0,0.12065609502128634,Low
0723-VSOBE,45,One year,DSL,34.2,1596.6,0,0.12061175856648429,Low
2801-NISEI,24,Month-to-month,DSL,54.95,1348.5,0,0.12058710390386229,Low
0516-UXRMT,62,One year,Fiber optic,92.05,5755.8,0,0.1205283320163294,Low
3623-FQBOX,21,Month-to-month,No,19.95,416.4,0,0.12050646216490042,Low
2577-GVSIL,35,One year,DSL,73.45,2661.1,0,0.12031297770908977,Low
5084-OOVCJ,17,Month-to-month,DSL,55.35,920.5,0,0.12027892122797375,Low
2558-BUOZZ,47,One year,Fiber optic,94.8,4535.85,0,0.12005499083932393,Low
0297-RBCSG,19,One year,DSL,65.35,1231.85,0,0.12001811112732476,Low
9522-ZSINC,13,One year,No,19.95,253.8,0,0.1199389196690473,Low
4694-PHWFW,8,Month-to-month,No,19.95,170.9,0,0.1196379413689504,Low
1095-WGNGG,61,Two year,Fiber optic,101.05,5971.25,0,0.11962384771294106,Low
9357-UJRUN,24,One year,DSL,58.35,1346.9,0,0.11959240033244346,Low
9114-VEPUF,62,One year,Fiber optic,96.1,6001.45,0,0.11950327930534535,Low
4163-KIUHY,35,Month-to-month,No,25.6,901.25,0,0.1194935649148889,Low
2717-HVIZY,8,Month-to-month,No,20.05,163.6,0,0.11946009119349452,Low
8904-OPDCK,54,Month-to-month,DSL,24.95,1364.75,0,0.11935950600110881,Low
9633-DENPU,47,Month-to-month,DSL,58.6,2723.4,0,0.11910732214484608,Low
5756-JYOJT,11,One year,DSL,64.9,697.25,0,0.11906262389176255,Low
1400-WIVLL,57,Two year,Fiber optic,107.95,5969.85,0,0.11892310019195722,Low
6674-KVJHG,11,One year,No,25.2,245.15,0,0.11865789902034762,Low
4829-ZLJTK,72,Two year,Fiber optic,112.4,8046.85,0,0.11864655430109577,Low
2294-SALNE,23,One year,Fiber optic,86.8,1940.8,0,0.1185830687206069,Low
2796-UUZZO,63,Month-to-month,Fiber optic,80.3,4896.35,0,0.11840837457732009,Low
8401-EMUWF,42,Month-to-month,DSL,69.4,3058.3,0,0.11832954345956884,Low
6648-INWPS,16,Month-to-month,No,20.15,341.35,0,0.11805161608325959,Low
5193-QLVZB,63,Two year,Fiber optic,104.75,6536.5,0,0.11804755072641884,Low
0516-QREYC,24,Month-to-month,No,20.3,459.95,0,0.11783067586896853,Low
2277-BKJKN,71,Two year,Fiber optic,99.2,7213.75,0,0.1177307210110001,Low
8947-YRTDV,32,One year,Fiber optic,94.8,3131.55,0,0.11771835505077619,Low
7311-MQJCH,5,One year,No,19.55,99.6,0,0.11763633633750586,Low
3038-PQIUY,38,Month-to-month,DSL,66.15,2522.4,0,0.11761888934059754,Low
9107-UKCKY,61,One year,DSL,79.8,4914.8,0,0.11751240285550818,Low
6103-LIANB,59,Two year,Fiber optic,99.5,5861.75,0,0.11743909992261883,Low
8591-NXRCV,41,Month-to-month,DSL,74.65,3090.65,0,0.11731819088304905,Low
3181-MIZBN,16,Month-to-month,No,19.75,313.4,0,0.11728696033408924,Low
8894-JVDCV,62,One year,Fiber optic,115.05,7133.45,0,0.11719859487151303,Low
4622-YNKIJ,33,Two year,Fiber optic,88.95,3027.65,0,0.11717791193294952,Low
1346-PJWTK,61,Month-to-month,Fiber optic,94.15,5731.85,0,0.11705097872573919,Low
1121-QSIVB,44,One year,DSL,77.55,3471.1,0,0.1169721444381034,Low
2931-XIQBR,50,One year,Fiber optic,103.05,5153.5,0,0.11693685730290704,Low
8735-NBLWT,9,Month-to-month,No,20.4,184.1,0,0.11684241935978486,Low
2324-EFHVG,64,Two year,Fiber optic,104.4,6692.65,0,0.11659902320911471,Low
0815-MFZGM,42,Two year,Fiber optic,99.0,4135.0,0,0.11648665896961005,Low
5709-LVOEQ,0,Two year,DSL,80.85,,0,0.11645864545048763,Low
4489-SNOJF,35,Month-to-month,DSL,72.25,2568.55,1,0.1163994645654807,Low
4355-CVPVS,56,One year,Fiber optic,88.9,4968.0,0,0.11624512849407741,Low
0917-EZOLA,72,Two year,Fiber optic,104.15,7689.95,1,0.11602211993547237,Low
9575-IWCAZ,6,One year,No,25.1,171.0,0,0.1159684413179546,Low
3256-EZDBI,51,Month-to-month,DSL,29.45,1459.35,0,0.11584929397865501,Low
8213-TAZPM,69,One year,Fiber optic,108.75,7493.05,0,0.11575421311835453,Low
3318-ISQFQ,20,Month-to-month,No,19.5,413.0,0,0.11568081100501056,Low
3061-BCKYI,14,Month-to-month,No,19.9,283.75,0,0.11562739942018772,Low
0699-NDKJM,57,Month-to-month,DSL,58.75,3437.45,0,0.11551085784730211,Low
1159-WFSGR,16,Month-to-month,No,20.4,321.4,0,0.11534787668332908,Low
4742-DRORA,60,One year,Fiber optic,95.4,5812.0,0,0.11518775538098863,Low
7531-GQHME,12,Month-to-month,No,20.05,265.45,0,0.11506625636187535,Low
1163-ONYEY,41,Month-to-month,DSL,74.55,3023.55,0,0.11498142290485797,Low
1925-LFCZZ,55,One year,DSL,50.05,2743.45,0,0.11494265521217098,Low
4683-WYDOU,62,Two year,Fiber optic,107.6,6912.7,0,0.1149216612493999,Low
2882-DDZPG,12,Month-to-month,No,19.45,227.45,0,0.11488945524690558,Low
0036-IHMOT,55,One year,Fiber optic,103.7,5656.75,0,0.11478107784586417,Low
4353-HYOJD,27,Month-to-month,DSL,49.85,1336.15,0,0.11450874585556572,Low
3729-OWRVL,65,Two year,Fiber optic,110.35,7246.15,0,0.11447569659640802,Low
8865-TNMNX,10,One year,DSL,49.55,475.7,0,0.11439130130184055,Low
9867-NNXLC,22,Month-to-month,No,20.05,470.2,0,0.1142550435810447,Low
8465-SBRXP,38,Two year,Fiber optic,94.9,3616.25,0,0.11407376085053166,Low
1347-KTTTA,64,One year,Fiber optic,102.45,6654.1,0,0.11398254939011726,Low
3714-XPXBW,37,Month-to-month,DSL,78.9,2976.95,0,0.11391894520626471,Low
7148-XZPHA,55,Month-to-month,Fiber optic,79.4,4238.45,0,0.11372517958560774,Low
4801-KFYKL,8,Month-to-month,No,19.45,159.2,0,0.11371761548842947,Low
4011-ARPHK,27,Month-to-month,DSL,50.35,1411.35,0,0.11350733995258841,Low
4531-AUZNK,51,One year,Fiber optic,95.15,5000.05,0,0.11344433754870951,Low
2466-NEJOJ,8,Month-to-month,No,19.65,169.75,0,0.11342287719145612,Low
8457-XIGKN,20,Month-to-month,No,19.6,356.15,0,0.11342152127074422,Low
1679-JRFBR,70,One year,Fiber optic,108.15,7930.55,0,0.1133987050946214,Low
4054-CUMIA,18,Month-to-month,No,20.25,401.95,0,0.11337050037765894,Low
7954-MLBUN,31,Two year,Fiber optic,99.45,3109.9,0,0.1133553976505275,Low
8017-UVSZU,40,Month-to-month,DSL,56.6,2379.1,0,0.1132073537844109,Low
8199-ZLLSA,67,One year,Fiber optic,118.35,7804.15,1,0.11313846006684641,Low
9546-KDTRB,19,Month-to-month,No,24.7,465.85,0,0.11288294103818824,Low
7446-KQISO,45,Two year,Fiber optic,109.75,4900.65,0,0.11272914031889131,Low
7159-NOKYQ,67,Two year,Fiber optic,93.15,6368.2,0,0.11231559029908698,Low
2202-OUTMO,34,Month-to-month,DSL,60.85,2003.6,0,0.11229820438370929,Low
2805-EDJPQ,56,One year,Fiber optic,99.75,5608.4,0,0.11229270347194126,Low
6297-NOOPG,70,Two year,Fiber optic,110.5,7752.05,0,0.11215699478635688,Low
9039-RBEEE,39,Month-to-month,DSL,48.95,1880.85,1,0.11193401518822314,Low
4429-WYGFR,26,Month-to-month,DSL,49.15,1237.3,0,0.11158618541301576,Low
8845-LWKGE,30,One year,DSL,64.5,1985.15,0,0.11139049617211368,Low
4623-ZKHLY,22,Month-to-month,No,20.45,471.55,0,0.11134921868017628,Low
2889-FPWRM,72,One year,Fiber optic,117.8,8684.8,1,0.11117536582168282,Low
8138-EALND,15,Month-to-month,No,19.75,311.6,0,0.11105876326294979,Low
5025-GOOKI,20,Month-to-month,No,18.9,347.65,0,0.11098234482717818,Low
2307-FYNNL,65,Two year,Fiber optic,109.05,7108.2,0,0.1109181552811256,Low
6794-HKIAJ,62,Month-to-month,Fiber optic,90.7,5586.45,0,0.11090918232546093,Low
6368-NWMCE,38,Month-to-month,DSL,68.15,2656.3,0,0.11086199927193728,Low
1371-WEPDS,40,One year,DSL,55.8,2283.3,0,0.11085041551726216,Low
8100-HZZLJ,43,Month-to-month,DSL,63.95,2737.05,0,0.11078430229664807,Low
6655-LHBYW,50,One year,Fiber optic,114.35,5791.1,0,0.11072839804004667,Low
1045-LTCYT,8,Month-to-month,No,21.05,139.75,0,0.11069678951314663,Low
6865-JZNKO,30,Month-to-month,DSL,55.3,1530.6,0,0.1106948852346068,Low
8847-GEOOQ,60,Month-to-month,DSL,60.2,3582.4,0,0.11060662230836932,Low
4282-MSACW,68,One year,Fiber optic,117.2,8035.95,0,0.11054268695255517,Low
5223-UZAVK,64,One year,Fiber optic,100.3,6603.8,0,0.11044077492454717,Low
5730-RIITO,43,Month-to-month,DSL,33.45,1500.25,0,0.11042160203138228,Low
8809-RIHDD,72,Two year,Fiber optic,103.4,7372.65,1,0.11040164614346,Low
1265-XTECC,68,One year,Fiber optic,96.55,6581.9,1,0.11038904587306902,Low
0835-JKADZ,71,Two year,Fiber optic,111.25,7984.15,0,0.11036511752907213,Low
3528-HFRIQ,71,Month-to-month,DSL,52.3,3765.05,0,0.11016676465446792,Low
0076-LVEPS,29,Month-to-month,DSL,45.0,1242.45,0,0.11009313150879424,Low
4389-UEFCZ,72,Two year,Fiber optic,105.5,7544.0,0,0.11007488675264974,Low
9498-FIMXL,8,One year,No,19.2,161.95,0,0.1099321585380119,Low
8008-ESFLK,53,One year,Fiber optic,110.5,5835.5,0,0.10992838846208416,Low
5693-PIPCS,41,Two year,Fiber optic,99.65,4220.35,0,0.10991550118667177,Low
9076-AXYIK,64,Two year,Fiber optic,102.1,6538.45,0,0.10981632978006232,Low
5651-CRHKQ,41,One year,Fiber optic,86.2,3339.05,0,0.10976592584109478,Low
4654-GGUII,18,One year,DSL,40.2,711.95,0,0.10970682384156091,Low
7228-PAQPD,14,One year,DSL,59.1,772.85,0,0.10970358076376144,Low
0975-UYDTX,26,One year,DSL,90.1,2312.55,0,0.10958954243015674,Low
7641-TQFHN,39,Two year,Fiber optic,100.55,3895.35,0,0.10949513658789126,Low
7721-JXEAW,59,Month-to-month,DSL,41.05,2452.7,1,0.10947544124101762,Low
7812-FZHPE,17,Month-to-month,No,24.1,409.9,1,0.10938397404210905,Low
6568-POCUI,45,Two year,Fiber optic,95.2,4285.8,0,0.10932128589890579,Low
5985-TBABQ,32,One year,DSL,74.75,2282.95,0,0.10930231329623818,Low
4785-QRJHC,46,One year,DSL,59.9,2816.65,1,0.1091969232962411,Low
0347-UBKUZ,15,Month-to-month,No,19.9,320.45,0,0.1091747033756671,Low
9391-TTOYH,23,Month-to-month,No,19.5,470.2,0,0.1090188648337304,Low
6933-FHBZC,26,One year,DSL,56.05,1553.2,0,0.10897126930525886,Low
7820-ZYGNY,63,One year,Fiber optic,90.45,5825.5,0,0.10884029696522272,Low
9480-BQJEI,62,One year,Fiber optic,92.3,5731.45,0,0.10881921854168956,Low
5294-IMHHT,53,One year,Fiber optic,97.75,5043.2,0,0.10874063404345297,Low
7217-JYHOQ,24,Month-to-month,DSL,70.3,1706.45,0,0.10864579427569634,Low
6040-CGACY,15,Month-to-month,No,19.6,299.4,0,0.10863655240288056,Low
9770-KXGQU,53,One year,Fiber optic,98.6,5311.85,0,0.10842727921673626,Low
7566-DSRLQ,72,Two year,Fiber optic,110.15,7998.8,0,0.10787146087967171,Low
0193-ESZXP,58,One year,Fiber optic,105.5,6205.5,1,0.10778808521823058,Low
5161-XEUVX,37,Two year,Fiber optic,94.3,3460.95,0,0.10761270938340418,Low
9896-UYMIE,66,One year,Fiber optic,114.3,7383.7,0,0.10760516844266331,Low
4903-CNOZC,29,One year,DSL,70.9,1964.6,0,0.10760028123134635,Low
0080-EMYVY,14,One year,DSL,51.45,727.85,0,0.10744410545421543,Low
8631-XVRZL,9,One year,No,20.15,163.7,0,0.1071196493891611,Low
0536-ACXIP,72,Two year,Fiber optic,109.55,8165.1,0,0.10709071133171481,Low
0489-WMEMG,23,One year,DSL,49.45,1119.35,0,0.10704723555624229,Low
2519-TWKFS,25,One year,DSL,55.1,1466.1,0,0.1070297573905003,Low
2931-VUVJN,59,One year,Fiber optic,94.05,5483.9,0,0.10696776123976579,Low
4770-QAZXN,13,Month-to-month,No,19.45,232.1,0,0.10691035883996443,Low
6784-XYJAE,36,One year,DSL,55.8,1941.5,0,0.1068728487260346,Low
2794-XIMMO,53,One year,DSL,60.45,3184.25,1,0.1067427834008985,Low
2495-TTHBQ,4,One year,No,20.4,84.75,0,0.1066491947207609,Low
6036-TTFYU,16,Month-to-month,No,19.6,314.45,0,0.10630617022900182,Low
7605-SNLQG,45,Month-to-month,DSL,50.25,2221.55,0,0.10624016041044199,Low
0895-UADGO,8,Two year,DSL,44.55,343.45,0,0.10618591367528328,Low
0308-GIQJT,71,One year,Fiber optic,105.75,7382.85,0,0.1060619402054808,Low
4833-QTJNO,67,Month-to-month,Fiber optic,83.85,5588.8,0,0.10602934033980571,Low
9031-ZVQPT,72,Two year,Fiber optic,108.2,7840.6,0,0.10598629710575169,Low
9128-CPXKI,59,Two year,Fiber optic,95.8,5655.45,0,0.10594032124959495,Low
5056-FIMPT,43,One year,Fiber optic,106.0,4532.3,0,0.10579440689077155,Low
1984-GPTEH,29,Month-to-month,No,25.15,702.0,0,0.1057623125868935,Low
4881-GQJTW,14,Month-to-month,No,19.6,300.4,0,0.10562438187585403,Low
0440-UEDAI,53,One year,Fiber optic,94.45,5042.75,0,0.10560427400151516,Low
6476-EPYZR,12,Month-to-month,No,20.5,255.5,0,0.10552518421110316,Low
7666-WKRON,39,Two year,Fiber optic,80.45,3201.55,1,0.10536308146202948,Low
4765-OXPPD,9,Month-to-month,DSL,65.0,663.05,1,0.1052949865445964,Low
4504-YOULA,35,Month-to-month,DSL,59.45,2136.9,0,0.10524145746853257,Low
4079-ULGFR,16,Month-to-month,No,20.0,275.7,0,0.10520018154705009,Low
5202-IVJNU,39,Month-to-month,DSL,30.1,1131.3,1,0.10516542298810923,Low
2958-NHPPS,23,Month-to-month,No,20.85,473.9,0,0.10509500279193253,Low
0285-INHLN,27,Month-to-month,DSL,54.75,1510.3,0,0.10508510673280647,Low
1877-HKBQX,11,One year,DSL,54.6,617.85,0,0.10500541301748603,Low
0186-CAERR,71,One year,Fiber optic,116.3,8309.55,0,0.10477787953434868,Low
3571-DPYUH,58,One year,Fiber optic,94.7,5430.35,0,0.10453093947508935,Low
5229-DTFYB,41,Two year,Fiber optic,98.8,3959.15,0,0.10444451050327619,Low
8034-RYTVV,55,One year,Fiber optic,84.25,4589.85,0,0.10433350379028081,Low
3104-OWCGK,60,One year,Fiber optic,90.95,5453.4,1,0.10423960646101962,Low
0743-HRVFF,51,One year,DSL,56.15,2898.95,0,0.10403691869603077,Low
6305-YLBMM,69,One year,Fiber optic,104.05,7262.0,1,0.10398126981768535,Low
8815-LMFLX,25,Month-to-month,No,25.4,546.85,0,0.10397093759215872,Low
0218-QNVAS,71,One year,Fiber optic,100.55,7113.75,0,0.10391501977580994,Low
7740-KKCXF,51,Month-to-month,DSL,30.05,1529.45,0,0.10379150522023704,Low
4063-EIKNQ,11,Month-to-month,No,20.95,267.35,0,0.10365631545941298,Low
7184-LRUUR,22,One year,DSL,65.25,1441.8,0,0.10360073341910961,Low
9378-FXTIZ,54,One year,DSL,70.15,3715.65,1,0.10353040225755528,Low
9060-HJJRW,51,One year,DSL,56.4,2928.5,0,0.10326627288170367,Low
8318-LCNBW,35,One year,DSL,53.15,1930.9,0,0.10322590109398487,Low
4403-BWPAY,14,One year,No,24.8,321.7,0,0.1032065004424148,Low
2419-FSORS,72,Two year,Fiber optic,108.4,7719.5,0,0.10320496282186575,Low
1371-DWPAZ,0,Two year,DSL,56.05,,0,0.10320436975106659,Low
6933-VLYFX,31,One year,DSL,59.95,1848.8,0,0.10312960999689504,Low
5173-ZXXXL,2,One year,No,19.95,47.7,0,0.10308329335154162,Low
9152-AMKAK,6,Two year,DSL,80.25,493.4,0,0.10293822375689528,Low
1218-VKFPE,12,Month-to-month,No,19.0,233.55,1,0.10284425233138765,Low
2120-SMPEX,25,Month-to-month,No,20.15,536.35,0,0.1028013110533778,Low
3537-RYBHH,47,Month-to-month,DSL,67.45,3252.0,0,0.10272793259250776,Low
7940-UQQUG,64,One year,Fiber optic,104.4,6721.6,0,0.10271116654722652,Low
1131-SUEKT,61,One year,Fiber optic,98.45,6145.2,0,0.10270433494372959,Low
5236-PERKL,57,Two year,Fiber optic,112.95,6465.0,1,0.10263163308165105,Low
3733-UOCWF,61,One year,Fiber optic,85.55,5251.75,0,0.10255073713757251,Low
6295-OSINB,72,Two year,Fiber optic,109.65,7880.25,0,0.10252262405468908,Low
3716-LRGXK,60,Two year,Fiber optic,101.15,6067.4,0,0.1024186463456214,Low
3209-ZPKFI,47,Month-to-month,DSL,54.25,2538.2,0,0.10240841955337408,Low
2926-JEJJC,8,One year,No,20.2,140.95,0,0.10237988821634736,Low
5360-LJCNJ,71,Two year,Fiber optic,105.15,7555.0,0,0.1021345892299324,Low
8204-TIFGJ,23,Month-to-month,No,20.3,470.6,0,0.10198464949422607,Low
9259-PACGQ,34,Month-to-month,DSL,62.65,2274.9,1,0.10184866149319642,Low
3450-WXOAT,46,Month-to-month,DSL,45.2,2065.15,0,0.1018469519747461,Low
7998-ZLXWN,15,Month-to-month,No,20.45,330.8,0,0.10180277669481409,Low
9518-IMLHK,31,Month-to-month,DSL,72.45,2156.25,0,0.10180007464695597,Low
9853-JFZDU,35,Month-to-month,DSL,56.85,1861.1,0,0.10175237908021979,Low
0795-GMVQO,67,One year,Fiber optic,109.9,7332.4,0,0.10170250511187096,Low
5577-OTWWW,15,Month-to-month,No,19.75,297.3,1,0.10149996293831197,Low
2223-KAGMX,15,Month-to-month,No,19.4,289.3,1,0.1012833476199908,Low
5808-TOTXO,3,One year,No,20.55,57.4,0,0.10107403696289041,Low
2530-ENDWQ,71,Two year,Fiber optic,93.7,6585.35,1,0.10106448881355728,Low
8402-EIVQS,67,One year,Fiber optic,100.9,6733.15,0,0.10101812524661868,Low
4318-RAJVY,10,One year,No,19.8,198.25,0,0.10100283154519585,Low
6211-WHMYA,64,Month-to-month,DSL,43.85,2751.0,0,0.1009826911820731,Low
5815-HGGHV,20,One year,DSL,64.15,1274.45,0,0.10092041493044976,Low
5619-PTMIK,46,Month-to-month,DSL,53.1,2459.8,0,0.10089312531291544,Low
6870-ECSHE,2,One year,No,20.45,34.8,0,0.10086704098474598,Low
7055-VKGDA,54,One year,Fiber optic,105.4,5643.4,1,0.10084286229708893,Low
4815-TUMEQ,10,One year,No,19.3,185.2,0,0.10065857131753275,Low
2165-VOEGB,46,One year,Fiber optic,105.2,4822.85,1,0.10063813857747228,Low
3285-UCQVC,37,Month-to-month,DSL,28.6,973.55,1,0.10044345874231235,Low
2690-DVRVK,5,One year,No,20.55,99.45,0,0.10036692390897423,Low
6924-TDGMT,11,One year,No,20.55,184.95,0,0.10020136965481283,Low
2812-ENYMO,26,One year,DSL,54.55,1362.85,0,0.10019199961198987,Low
7336-RLLRH,27,One year,DSL,80.85,2204.35,0,0.10014573604537164,Low
0725-CXOTM,36,One year,DSL,89.65,3348.1,0,0.10006433248636609,Low
3552-CTCYF,63,Two year,Fiber optic,104.8,6597.25,0,0.10003633053307204,Low
6386-SZZKH,49,Two year,Fiber optic,107.95,5293.2,1,0.09988490061807576,Low
8107-RZLNV,72,Two year,Fiber optic,106.3,7565.35,0,0.09971040174881728,Low
2450-ZKEED,11,One year,DSL,53.8,651.55,0,0.09958688034682567,Low
1697-BCSHV,58,Month-to-month,DSL,66.8,3970.4,0,0.09958248067900943,Low
5160-UXJED,17,One year,DSL,44.6,681.4,0,0.0995782039773394,Low
4488-PSYCG,16,Month-to-month,No,20.25,327.45,1,0.09946023299055731,Low
9592-ERDKV,37,One year,DSL,79.25,2911.8,0,0.09934574576518253,Low
6289-CPNLD,33,One year,DSL,73.9,2405.05,1,0.09932162286903572,Low
7803-XOCCZ,52,Month-to-month,Fiber optic,84.05,4326.8,0,0.09928723384897961,Low
3594-UVONA,35,One year,DSL,85.95,3110.1,1,0.09908940572020733,Low
4510-PYUSH,38,Month-to-month,DSL,57.15,2250.65,1,0.0989024632074327,Low
6837-BJYDQ,3,One year,No,19.6,61.35,0,0.09862203731052473,Low
8909-BOLNL,3,One year,No,21.2,52.05,0,0.09858045000033652,Low
4419-UJMUS,69,Two year,Fiber optic,99.35,6856.45,0,0.09856999103709342,Low
3387-PLKUI,13,Month-to-month,No,18.8,251.25,0,0.09849626911994368,Low
9143-CANJF,24,Month-to-month,DSL,55.15,1319.85,0,0.09830861095269659,Low
1492-QGCLU,53,Month-to-month,DSL,85.7,4616.1,0,0.09825590045264203,Low
3160-TYXLT,53,Month-to-month,DSL,46.3,2546.85,0,0.09811086811172505,Low
2775-SEFEE,0,Two year,DSL,61.9,,0,0.0980216161786143,Low
8467-WYNSR,22,Month-to-month,DSL,55.1,1253.15,0,0.09796096271737105,Low
4827-LTQRJ,66,One year,Fiber optic,110.6,7210.85,0,0.09785992298271813,Low
2272-WUSPA,72,Two year,Fiber optic,110.75,7751.7,0,0.09782740775140118,Low
6603-QWSPR,46,Two year,Fiber optic,104.4,4904.2,0,0.09781318954833455,Low
4186-ZBUEW,36,One year,DSL,70.7,2511.95,0,0.09775956130178522,Low
5539-HIVAK,28,Month-to-month,No,25.7,734.6,0,0.09775176596764576,Low
4712-UYOOI,20,Month-to-month,No,20.0,417.65,0,0.09773735805654837,Low
0377-JBKKT,22,Month-to-month,DSL,57.95,1271.8,0,0.09772544604912474,Low
7107-UBYKY,35,Month-to-month,No,25.75,882.55,0,0.0976060709895054,Low
7542-CYDDM,18,Month-to-month,No,20.05,358.5,0,0.09756572838579522,Low
5286-YHCVC,72,Two year,Fiber optic,104.8,7470.1,0,0.09746606538747599,Low
1536-YHDOE,17,One year,DSL,62.1,1096.65,0,0.09728326198408943,Low
0723-FDLAY,44,One year,DSL,85.25,3704.15,0,0.09726761659366961,Low
5681-LLOEI,43,One year,Fiber optic,91.25,4013.8,0,0.09714439575903618,Low
3137-NYQQI,17,One year,DSL,64.8,1175.6,0,0.09704390679485347,Low
4393-OBCRR,3,One year,No,20.25,71.2,0,0.09699768056110517,Low
6082-GLJIX,18,Month-to-month,No,19.25,331.35,0,0.09689643818601715,Low
9695-IDRZR,34,Two year,Fiber optic,116.15,3946.9,0,0.09676239191184012,Low
5195-KPUNQ,53,One year,Fiber optic,96.75,5206.55,0,0.0966701875376396,Low
9513-DXHDA,27,One year,DSL,81.7,2212.55,0,0.09664389697241348,Low
8220-OCUFY,21,One year,DSL,60.25,1258.35,0,0.09641530956746298,Low
3863-QSTYI,59,Month-to-month,DSL,64.65,3735.45,0,0.09640437238390866,Low
1057-FOGLZ,18,Month-to-month,No,19.65,391.7,0,0.09635403756193345,Low
9052-DHNKM,26,One year,DSL,61.55,1581.95,0,0.0962694759953856,Low
9330-VOFSZ,60,Two year,Fiber optic,110.8,6640.7,0,0.09611965984718614,Low
9074-KGVOX,50,Month-to-month,DSL,39.45,2021.35,0,0.09611078401162604,Low
8573-CGOCC,16,Month-to-month,No,19.75,294.9,0,0.09606098074035281,Low
2150-UWTFY,22,Month-to-month,DSL,61.15,1422.05,1,0.09595888361870454,Low
7771-ZONAT,22,Two year,DSL,56.75,1304.85,0,0.09586173981785075,Low
6861-OKBCE,11,Month-to-month,No,20.1,221.35,1,0.09575928037039978,Low
6319-QSUSR,11,Month-to-month,No,19.7,216.2,0,0.09560955523738468,Low
0744-GKNGE,64,Month-to-month,Fiber optic,86.8,5327.25,0,0.09548562270086361,Low
2586-CWXVV,54,Month-to-month,DSL,30.4,1621.35,0,0.09545291038401732,Low
0208-BPQEJ,12,Month-to-month,No,19.4,198.1,0,0.09535863914183694,Low
6260-XLACS,4,One year,No,19.7,117.8,0,0.0952854771292833,Low
3099-OONVS,25,Month-to-month,DSL,54.3,1296.8,0,0.09505480485291315,Low
7614-QVWQL,49,One year,DSL,51.8,2541.25,1,0.09488988693594021,Low
8133-ANHHJ,49,One year,Fiber optic,103.0,5166.2,0,0.09488900801846223,Low
3327-YBAKM,64,One year,Fiber optic,96.9,6314.35,0,0.09478709404321985,Low
9848-JQJTX,72,Two year,Fiber optic,100.9,7459.05,0,0.0947424947828583,Low
4822-LPTYJ,72,Two year,Fiber optic,103.75,7346.2,0,0.09470250771351481,Low
7136-RVDTZ,70,One year,DSL,45.25,3264.45,1,0.09459147719515136,Low
4826-DXMUP,35,One year,DSL,72.1,2495.15,0,0.09440091208085385,Low
5619-XZZKR,4,One year,No,19.95,68.2,0,0.09425841986556671,Low
3190-FZATL,14,Month-to-month,No,19.95,268.4,0,0.09421308356001057,Low
0864-FVJNJ,64,One year,Fiber optic,113.35,7222.75,0,0.09415769562845586,Low
0201-MIBOL,66,Two year,Fiber optic,102.4,6471.85,0,0.0939934770809109,Low
5397-TUPSH,65,One year,Fiber optic,70.95,4555.2,0,0.09395113705759767,Low
4423-JWZJN,64,One year,Fiber optic,90.25,5629.15,0,0.09385048558968362,Low
9139-TWBAS,26,One year,DSL,47.85,1190.5,0,0.09377659699142692,Low
0289-IVARM,35,Month-to-month,DSL,60.55,1982.6,0,0.09377365209478651,Low
8246-SHFGA,17,Month-to-month,No,21.1,385.55,0,0.09363746473345727,Low
0547-HURJB,12,Month-to-month,No,21.05,235.8,0,0.09353714967674234,Low
2533-QVMSK,61,Two year,Fiber optic,94.1,5638.3,1,0.09336469999089579,Low
6598-RFFVI,2,One year,No,19.3,28.3,1,0.09325984116558317,Low
4366-CTOUZ,50,Two year,Fiber optic,100.2,5038.45,0,0.09325923765850029,Low
3096-WPXBT,61,One year,Fiber optic,100.7,6018.65,0,0.09325727831596714,Low
5445-PZWGX,62,One year,Fiber optic,102.0,6529.25,1,0.09312814254416006,Low
5089-IFSDP,58,Two year,Fiber optic,109.45,6144.55,1,0.09283224639991396,Low
1004-NOZNR,56,One year,Fiber optic,94.8,5264.3,0,0.09279285196389472,Low
7102-JJVTX,9,One year,DSL,48.6,422.3,0,0.09263816439427734,Low
4116-IQRFR,4,One year,No,24.1,73.1,0,0.09256889248056793,Low
8405-IGQFX,63,One year,Fiber optic,90.05,5817.0,0,0.0925589231604097,Low
8089-UZWLX,71,Two year,Fiber optic,104.05,7413.55,0,0.09254510501503864,Low
1810-MVMAI,30,Month-to-month,DSL,67.6,2000.2,0,0.09230318328126558,Low
4104-PVRPS,24,Month-to-month,DSL,53.6,1315.35,0,0.09223672807199823,Low
5153-LXKDT,68,Two year,Fiber optic,110.2,7467.5,0,0.09219079034816952,Low
6968-URWQU,43,One year,DSL,56.35,2391.15,0,0.09216089807882132,Low
6993-YCOBK,60,Two year,Fiber optic,110.6,6586.85,0,0.09196427143533607,Low
6419-ZTTLE,23,One year,No,20.75,485.2,0,0.09186652692173719,Low
8035-BUYVG,40,One year,DSL,42.35,1716.45,1,0.09185798306393439,Low
9134-WYRVP,51,One year,Fiber optic,86.35,4267.15,0,0.09173872433091533,Low
6480-YAGIY,45,One year,Fiber optic,112.2,5031.85,0,0.09170714329636233,Low
4129-LYCOI,67,Two year,Fiber optic,104.0,7039.05,0,0.09169407210431356,Low
3486-KHMLI,21,Month-to-month,No,24.7,467.15,0,0.09166277601182815,Low
7105-BENQF,15,One year,DSL,64.85,950.75,0,0.09162776143476767,Low
8780-RSYYU,25,Month-to-month,No,19.2,532.1,0,0.09147929209403244,Low
2667-WYLWJ,8,One year,No,19.75,145.0,1,0.09146850200522198,Low
9967-ATRFS,19,Month-to-month,No,19.9,367.55,0,0.09143252769386698,Low
3758-CKOQL,59,One year,Fiber optic,107.0,6152.3,0,0.09138756095698254,Low
2266-SJNAT,72,One year,Fiber optic,109.15,7789.6,0,0.0911031597463549,Low
4367-NUYAO,0,Two year,No,25.75,,0,0.09084864005340666,Low
3213-VVOLG,0,Two year,No,25.35,,0,0.09081085084108774,Low
6035-BXTTY,32,Month-to-month,DSL,54.65,1830.1,0,0.09079262833788805,Low
3824-RHKVR,17,Month-to-month,No,19.7,340.35,0,0.09076194099016471,Low
0689-DSXGL,52,Month-to-month,Fiber optic,85.8,4433.3,0,0.09074155206854927,Low
1442-OKRJE,66,One year,Fiber optic,103.15,7031.3,0,0.09073825178663485,Low
1322-AGOQM,46,Month-to-month,DSL,30.3,1380.1,1,0.09070754436460096,Low
5120-ZBLAI,50,One year,DSL,75.7,3876.2,0,0.0906891415284017,Low
5514-YQENT,41,Two year,Fiber optic,111.15,4507.15,0,0.09067602630577037,Low
5546-QUERU,13,One year,No,19.95,257.0,0,0.09059543117782298,Low
3941-XTSKM,42,One year,DSL,45.1,2049.05,0,0.09046541405354916,Low
8387-UGUSU,15,Month-to-month,No,20.05,284.3,0,0.09039658857684552,Low
8707-HOEDG,70,Two year,Fiber optic,110.2,7689.8,0,0.09032888850065737,Low
4003-OCTMP,31,One year,DSL,64.0,1910.75,0,0.090189218431843,Low
5384-ZTTWP,15,Month-to-month,No,19.8,272.95,0,0.0901427545902628,Low
6968-MHOMU,58,One year,DSL,45.0,2689.35,0,0.090127782308896,Low
9114-AAFQH,48,One year,DSL,65.65,3094.65,0,0.09009185261673062,Low
7762-URZQH,66,Two year,Fiber optic,106.05,6981.35,1,0.09001770755454273,Low
0303-UNCIP,41,One year,DSL,65.0,2531.8,0,0.08999222511688493,Low
9972-NKTFD,28,Month-to-month,DSL,54.65,1517.5,0,0.08996991550543554,Low
5027-YOCXN,51,One year,Fiber optic,110.05,5686.4,0,0.08988118224375719,Low
6242-SGYTS,62,One year,Fiber optic,94.95,5791.85,0,0.08984741661814186,Low
2243-FNMMI,20,Month-to-month,No,19.4,415.4,0,0.08983872239375919,Low
2239-CFOUJ,1,One year,No,20.4,20.4,0,0.08961692221818386,Low
7746-QYVCO,16,One year,DSL,55.85,857.8,0,0.0895395161021164,Low
5562-BETPV,1,One year,No,19.65,19.65,0,0.08953183478272192,Low
9488-FYQAU,63,Two year,Fiber optic,109.25,6841.4,0,0.08948965622421882,Low
2967-MXRAV,1,One year,No,18.8,18.8,0,0.08943549042017918,Low
1530-ZTDOZ,49,Month-to-month,DSL,40.65,2070.75,0,0.08936871965128194,Low
3648-GZPHF,32,One year,DSL,36.25,1151.05,0,0.08930849834734728,Low
9411-TPQQV,40,One year,DSL,54.55,2236.2,0,0.08930617765105975,Low
5748-RNCJT,69,Two year,Fiber optic,106.5,7348.8,1,0.08912939351851046,Low
1488-SYSFC,31,Month-to-month,No,20.65,702.05,0,0.08909843848632183,Low
3898-BSJYF,10,One year,DSL,73.55,693.3,0,0.08905187770554195,Low
2773-OVBPK,67,Two year,Fiber optic,111.3,7567.2,0,0.08904999196770948,Low
4922-CVPDX,26,Two year,DSL,73.5,1905.7,0,0.08893105375973563,Low
7470-DYNOE,53,One year,DSL,61.1,3357.9,0,0.08889816813334535,Low
4759-PXTAN,59,One year,DSL,80.1,4693.2,0,0.0888536450373732,Low
0052-DCKON,66,One year,Fiber optic,115.8,7942.15,0,0.08860294576155697,Low
3092-IGHWF,67,One year,Fiber optic,87.4,5918.8,1,0.08855395876446566,Low
5304-EFJLP,72,Two year,Fiber optic,111.65,8022.85,0,0.08853080665294515,Low
8189-DUKMV,4,One year,No,20.5,79.05,0,0.08847462735704488,Low
8879-XUAHX,71,Two year,Fiber optic,116.25,8564.75,0,0.08846519590507236,Low
9013-AQORL,48,Month-to-month,DSL,45.55,2108.35,0,0.08833768464558803,Low
3259-FDWOY,71,Two year,Fiber optic,106.0,7723.7,1,0.08830715417297764,Low
1621-YNCJH,36,Two year,Fiber optic,106.05,3834.4,0,0.08827660831207673,Low
0356-OBMAC,56,Two year,Fiber optic,99.9,5706.3,0,0.08826708814954436,Low
7432-FFVAR,46,One year,Fiber optic,90.95,4236.6,0,0.08821251574644688,Low
9586-JGQKH,64,Two year,Fiber optic,105.4,6794.75,0,0.08818947786047573,Low
7459-IMVYU,38,Month-to-month,DSL,69.95,2657.55,0,0.08808321228935635,Low
8350-NYMVI,39,Month-to-month,DSL,41.1,1597.05,0,0.08791555999433064,Low
5777-ZPQNC,12,One year,No,20.15,260.7,0,0.08788417486462591,Low
2371-KFUOG,58,One year,Fiber optic,99.15,5720.95,0,0.08770225504947138,Low
0557-ASKVU,18,One year,DSL,54.4,957.1,0,0.08767424884574382,Low
8550-XSXUQ,48,One year,DSL,70.55,3420.5,0,0.0875414410173583,Low
0106-UGRDO,69,Two year,Fiber optic,116.0,8182.85,0,0.08751043875787425,Low
3896-RCYYE,67,Month-to-month,DSL,53.4,3579.15,0,0.0874563074570039,Low
1730-VFMWO,34,Month-to-month,DSL,50.2,1815.3,0,0.08742912017615752,Low
7629-WFGLW,56,One year,Fiber optic,95.65,5471.75,0,0.08738427805704864,Low
6937-GCDGQ,19,One year,DSL,48.95,955.6,0,0.08737289086879343,Low
1096-ADRUX,66,One year,Fiber optic,74.25,4859.25,0,0.08728888487019316,Low
6838-YAUVY,54,Two year,Fiber optic,95.1,5064.85,0,0.08727977718819714,Low
9391-LMANN,53,One year,Fiber optic,95.95,5036.9,0,0.08724558652691242,Low
2250-IVBWA,64,Month-to-month,Fiber optic,81.05,5135.35,0,0.08723712738783561,Low
4000-VGMQP,38,One year,DSL,78.95,2862.55,0,0.08720771438755719,Low
2316-ESMLS,12,One year,DSL,33.15,444.75,0,0.08695278899738208,Low
9388-ZEYVT,43,One year,DSL,44.15,1931.3,0,0.08690472572552298,Low
1744-JHKYS,34,Month-to-month,No,24.7,780.2,0,0.08685218052279009,Low
5440-FLBQG,69,Two year,Fiber optic,108.4,7318.2,1,0.08682471944501456,Low
7089-RKVSZ,8,One year,No,24.4,203.95,0,0.08681254212839605,Low
7997-EASSD,63,One year,Fiber optic,81.2,4965.1,0,0.08679713509632794,Low
2862-JVEOY,6,One year,No,19.15,124.4,0,0.0867408596366506,Low
7435-ZNUYY,6,One year,No,20.6,116.6,0,0.0867195675803672,Low
1729-VLAZJ,10,One year,DSL,40.25,411.45,0,0.08668540030950164,Low
9715-WZCLW,71,Two year,Fiber optic,97.2,6910.3,0,0.086647613540554,Low
1162-ECVII,72,Two year,Fiber optic,109.75,7932.5,0,0.08657348058062518,Low
1060-ENTOF,67,One year,Fiber optic,105.4,7035.6,0,0.0865661496510074,Low
0068-FIGTF,27,One year,DSL,78.2,2078.95,0,0.0865614156091415,Low
1226-JZNKR,8,One year,No,19.8,160.05,0,0.0864988370702569,Low
8200-KLNYW,21,One year,DSL,80.9,1714.95,0,0.0864713503301508,Low
6718-BDGHG,43,One year,DSL,64.85,2908.2,0,0.08637974164643888,Low
7182-OVLBJ,62,Two year,Fiber optic,101.15,6638.35,0,0.08629804776477215,Low
5961-VUSRV,12,One year,No,19.35,219.35,0,0.0861668332663546,Low
2096-XOTMO,16,Month-to-month,No,19.35,275.9,0,0.08597069657731615,Low
2038-YSEZE,29,Month-to-month,DSL,67.45,1801.1,0,0.08581055184104691,Low
1183-CANVH,23,One year,DSL,60.0,1347.15,0,0.08579044317288415,Low
3096-YXENJ,65,Two year,Fiber optic,107.65,7082.85,0,0.0857712745287706,Low
7047-YXDMZ,21,Month-to-month,No,20.0,417.7,0,0.08576096384652952,Low
9730-DRTMJ,32,One year,DSL,72.8,2333.05,0,0.085758910951698,Low
2834-JKOOW,15,One year,DSL,45.9,693.45,0,0.08575763740255359,Low
0623-EJQEG,65,One year,Fiber optic,93.55,6069.25,0,0.08572832384432241,Low
4697-LUPSU,2,One year,No,20.2,34.75,0,0.08570979097260918,Low
4464-JCOLN,2,One year,No,19.85,35.9,1,0.08570068525240053,Low
3192-NQECA,68,Two year,Fiber optic,110.0,7611.85,1,0.08565189333102297,Low
9405-GPBBG,64,Two year,Fiber optic,110.5,7069.25,0,0.085613663265535,Low
0458-HEUZG,13,Two year,DSL,35.4,450.4,0,0.08556063296866719,Low
3893-JRNFS,68,Month-to-month,DSL,39.9,2796.35,0,0.08554047843238838,Low
5327-CNLUQ,48,Two year,Fiber optic,96.9,4473.45,0,0.08549401654252102,Low
9677-AVKED,53,One year,DSL,84.6,4449.75,0,0.08542037499506448,Low
3597-YASZG,70,Two year,Fiber optic,104.45,7349.35,0,0.08536630241583508,Low
2055-SIFSS,55,Month-to-month,DSL,51.65,2838.55,0,0.08526915283634949,Low
4806-DXQCE,70,Two year,Fiber optic,113.65,7714.65,0,0.08521354610961693,Low
9350-ZXYJC,4,Two year,No,25.3,116.95,0,0.08500984724073606,Low
7901-IIDQV,24,One year,DSL,54.6,1242.25,0,0.08477560069775301,Low
7654-YWJUF,43,One year,Fiber optic,84.25,3539.25,0,0.08469856809653989,Low
8152-VETUR,72,Two year,Fiber optic,97.7,6869.7,0,0.08458135487251695,Low
2911-IJORQ,37,One year,DSL,90.6,3358.65,0,0.08452145276833813,Low
5701-GUXDC,26,One year,DSL,35.4,978.6,0,0.08451422970633582,Low
0487-VVUVK,25,Month-to-month,No,19.15,477.6,0,0.08447954295790341,Low
5829-NVSQN,23,One year,DSL,68.75,1689.45,0,0.08432688195795553,Low
2469-DTSGX,72,Two year,Fiber optic,111.65,7943.45,0,0.08420049401246253,Low
8610-ZIKJJ,2,One year,No,20.3,31.9,0,0.0839878937213133,Low
4501-UYKBC,46,One year,DSL,69.1,3255.35,0,0.0839859874312713,Low
5446-DKWYW,61,One year,DSL,65.2,3965.05,0,0.08392264643212036,Low
3374-TTZTK,52,Two year,Fiber optic,106.3,5487.0,0,0.08366304024795504,Low
2930-UOTMB,31,Month-to-month,DSL,65.25,1994.3,1,0.08366117189233435,Low
8582-KRHPJ,50,Month-to-month,DSL,35.0,1782.4,0,0.08358894096862299,Low
7956-XQWGU,27,Month-to-month,No,19.4,460.25,0,0.08347812956005496,Low
0956-SYCWG,13,One year,No,19.65,244.8,0,0.08344564601063739,Low
8984-HPEMB,71,Two year,Fiber optic,118.65,8477.6,0,0.08339709082208394,Low
5537-UXXVS,20,Month-to-month,No,19.25,375.25,0,0.08327187370125888,Low
6196-HBOBZ,65,Two year,Fiber optic,99.35,6347.55,0,0.08307750133786003,Low
6502-KUGLL,14,Month-to-month,DSL,59.45,780.85,0,0.08306754077082815,Low
2550-QHZGP,7,One year,No,19.5,128.6,0,0.08280486107562098,Low
5012-YSPJJ,31,Month-to-month,DSL,54.35,1647.0,0,0.08274367757392104,Low
4576-CSAJH,22,One year,DSL,55.15,1193.05,1,0.0826864260421267,Low
5954-BDFSG,72,Two year,Fiber optic,107.5,7853.7,0,0.08268342279605478,Low
3518-FSTWG,72,Two year,Fiber optic,109.55,7920.7,0,0.08257186878905574,Low
1264-FUHCX,49,One year,DSL,56.3,2780.6,0,0.08245448006367775,Low
9924-JPRMC,72,Two year,Fiber optic,118.2,8547.15,0,0.0823393316213146,Low
1696-MZVAU,39,One year,DSL,25.25,947.75,0,0.0822831816928156,Low
4837-QUSFT,65,One year,Fiber optic,100.15,6643.5,0,0.0820981914595743,Low
2673-ZALNP,7,One year,No,19.9,173.15,0,0.08203960900688861,Low
7208-PSIHR,70,Two year,Fiber optic,104.3,7188.5,0,0.08195733505690607,Low
7036-TYDEC,69,Two year,Fiber optic,104.0,7028.5,0,0.0818529305263452,Low
5092-STPKP,24,Month-to-month,DSL,56.35,1381.2,0,0.08177609156811802,Low
2499-AJYUA,72,Two year,Fiber optic,110.8,7882.25,0,0.08173987882092468,Low
1395-OFUWC,43,Month-to-month,DSL,29.3,1224.05,0,0.0817374704497265,Low
0323-XWWTN,3,Two year,No,26.4,121.25,0,0.08169307789660872,Low
8263-QMNTJ,72,Two year,Fiber optic,115.55,8425.3,0,0.08166314795419131,Low
2578-JQPHZ,44,Two year,Fiber optic,100.1,4378.35,0,0.08158532348591202,Low
8646-JCOMS,66,One year,Fiber optic,90.55,6130.95,0,0.08149683947030173,Low
6766-HFKLA,56,Two year,Fiber optic,103.2,5744.35,0,0.08143672589051311,Low
9754-CLVZW,26,Month-to-month,DSL,38.85,1025.15,0,0.08135044599265176,Low
5414-OFQCB,57,Two year,Fiber optic,90.45,5229.8,0,0.08132187671575757,Low
1064-FBXNK,1,One year,No,19.85,19.85,0,0.08131676997960005,Low
7353-YOWFP,7,One year,No,20.25,129.15,0,0.0812543051997731,Low
8231-BSWXX,71,One year,Fiber optic,79.05,5552.5,0,0.08108280053699261,Low
4682-BLBUC,44,One year,DSL,70.95,3250.45,0,0.08095877476675022,Low
4795-WRNVT,40,Month-to-month,DSL,65.1,2586.0,0,0.08087646956739994,Low
5447-VYTKW,27,Month-to-month,DSL,53.45,1461.45,0,0.08081056450948074,Low
2834-JRTUA,71,Two year,Fiber optic,108.05,7532.15,1,0.0807430518994094,Low
8261-GWDBQ,60,Two year,Fiber optic,116.05,6925.9,0,0.08063991116138405,Low
8075-GXIUB,9,One year,No,19.85,183.15,0,0.08052873699428638,Low
4139-SUGLD,31,Month-to-month,DSL,35.4,1077.5,1,0.08050084830684281,Low
2129-ALKBS,40,Month-to-month,No,26.2,1077.5,0,0.08044589493032565,Low
4159-NAAIX,63,Two year,Fiber optic,97.45,6253.0,0,0.08030087567308258,Low
4139-JPIAM,51,Month-to-month,DSL,44.45,2181.55,0,0.08022410198175003,Low
1527-SXDPN,52,Two year,Fiber optic,96.25,4990.25,1,0.08022221545080707,Low
0967-BMLBD,11,One year,No,20.0,196.35,0,0.0802178907487648,Low
2363-BJLSL,62,Month-to-month,DSL,80.4,4981.15,0,0.08011578748820054,Low
7691-XVTZH,68,Two year,Fiber optic,89.95,5974.3,0,0.07997476875841938,Low
7134-HBPBS,72,Two year,Fiber optic,108.1,7774.05,0,0.07995168422851943,Low
4808-YNLEU,35,One year,DSL,62.15,2215.45,0,0.0798402159156783,Low
7816-VGHTO,6,Two year,DSL,40.55,217.5,0,0.07978201548466356,Low
7010-ZMVBF,18,Month-to-month,No,20.45,357.0,0,0.07966483776855736,Low
3823-KYNQY,12,One year,No,24.95,280.4,0,0.07965541568654408,Low
2150-WLKUW,40,One year,DSL,63.9,2635.0,0,0.07965446077227434,Low
0164-APGRB,72,Two year,Fiber optic,114.9,8496.7,0,0.0795257634448911,Low
5795-KTGUD,68,Two year,Fiber optic,110.8,7553.6,0,0.0793262099975707,Low
2391-IPLOP,50,One year,DSL,69.65,3442.15,0,0.07927968996243871,Low
9894-QMIMJ,23,One year,DSL,55.8,1327.85,0,0.07903154357011585,Low
2746-DIJLO,41,One year,DSL,56.3,2364.0,0,0.07897841783012965,Low
1708-PBBOA,42,One year,DSL,54.75,2348.45,0,0.07897377476800876,Low
8752-GHJFU,71,One year,Fiber optic,92.0,6585.2,0,0.07894178069507087,Low
1898-JSNDC,39,One year,DSL,58.6,2224.5,0,0.07888131148105805,Low
8071-SBTRN,70,Two year,Fiber optic,111.15,7737.55,0,0.07881071116918588,Low
0221-NAUXK,10,One year,No,19.95,219.5,0,0.07873195438496748,Low
0667-NSRGI,48,One year,DSL,69.55,3435.6,0,0.07867607324761713,Low
1114-CENIM,54,Month-to-month,DSL,55.0,3092.65,1,0.0785165781836162,Low
1038-RQOST,19,Month-to-month,No,20.6,414.95,0,0.07849250230100553,Low
6266-QHOJZ,65,One year,Fiber optic,89.85,5844.65,0,0.07839286752961165,Low
7758-UJWYS,34,Two year,DSL,40.55,1325.85,0,0.07800627869459247,Low
5382-TEMLV,45,Month-to-month,DSL,50.9,2298.55,0,0.07791478598684126,Low
8624-GIOUT,49,Month-to-month,DSL,59.75,2934.3,1,0.07780657178865598,Low
5090-EMGTC,59,Two year,Fiber optic,100.05,6034.85,0,0.07771301698420205,Low
2724-FJDYW,39,One year,DSL,54.85,2191.7,0,0.07763774353506729,Low
1866-ZSLJM,21,Month-to-month,No,20.5,402.85,0,0.07762024665584649,Low
6661-EIPZC,48,Month-to-month,DSL,29.5,1423.05,0,0.07757811657658895,Low
8079-XRJRS,65,One year,Fiber optic,89.75,5769.6,1,0.077507505041195,Low
1125-SNVCK,49,Month-to-month,DSL,43.8,2106.05,0,0.0773592448085818,Low
0960-HUWBM,65,Two year,Fiber optic,104.1,6700.05,0,0.07730661574098689,Low
0384-LPITE,40,One year,DSL,62.05,2511.55,0,0.07711455930438216,Low
3354-OADJP,8,One year,DSL,54.25,447.75,0,0.07701929580255686,Low
3280-MRDOF,30,Two year,DSL,69.1,2093.9,0,0.07698496886344132,Low
5857-XRECV,2,One year,No,20.5,38.25,0,0.07675347026297509,Low
4378-BZYFP,17,One year,No,20.5,365.8,0,0.07673362262549505,Low
3090-HAWSU,61,Two year,Fiber optic,111.6,6876.05,1,0.07668418749450523,Low
7541-YLXCL,36,One year,DSL,65.4,2498.4,1,0.07651764524321009,Low
6265-SXWBU,69,One year,Fiber optic,95.75,6511.25,0,0.07635807162648743,Low
6131-IUNXN,19,Month-to-month,No,20.2,382.2,0,0.07634013589897837,Low
5032-USPKF,38,One year,DSL,84.1,3187.65,0,0.07633220569828171,Low
8822-KNBHV,48,One year,DSL,83.45,3887.85,0,0.07632268546444868,Low
0533-UCAAU,57,One year,DSL,71.1,4140.1,0,0.07631312248576576,Low
6500-JVEGC,68,One year,Fiber optic,101.35,7110.75,0,0.07615024745791893,Low
8548-AWOFC,66,Month-to-month,DSL,63.85,4264.6,0,0.07613888160470562,Low
7931-PXHFC,38,One year,DSL,62.3,2354.8,1,0.07606121460504249,Low
7049-GKVZY,17,One year,DSL,79.85,1387.35,0,0.07603136235981912,Low
0392-BZIUW,72,Two year,Fiber optic,105.0,7589.8,0,0.07593527816932229,Low
4043-MKDTV,71,Two year,Fiber optic,105.25,7291.75,0,0.07588042916845814,Low
8221-EQDGL,35,Month-to-month,DSL,61.0,2130.45,0,0.07587418268972393,Low
3324-OIRTO,71,One year,Fiber optic,104.65,7288.4,0,0.07583813400503935,Low
0117-LFRMW,37,Month-to-month,DSL,40.2,1448.8,1,0.07582493970486331,Low
3197-NNYNB,65,Two year,Fiber optic,105.1,6631.85,0,0.07581400727407377,Low
0742-LAFQK,72,Two year,Fiber optic,99.15,7422.1,0,0.07576505749758591,Low
3282-ZISZV,32,One year,DSL,83.7,2633.3,0,0.07568710413958098,Low
5307-UVGNB,53,Month-to-month,DSL,48.7,2495.2,0,0.07565601184729599,Low
1832-PEUTS,62,Two year,Fiber optic,89.1,5411.65,0,0.07564869161159246,Low
7519-JTWQH,69,Two year,Fiber optic,110.5,7455.45,0,0.0755834616625201,Low
6408-OTUBZ,66,One year,Fiber optic,104.55,6779.05,0,0.0755761855507093,Low
8309-PPCED,72,Two year,Fiber optic,110.45,7982.5,0,0.07543165386700702,Low
9308-ANMVE,47,Month-to-month,DSL,55.3,2654.05,0,0.07538945250810165,Low
3229-USWAR,34,One year,DSL,79.95,2727.3,0,0.07535626031362393,Low
8065-QBYTO,71,One year,Fiber optic,99.65,7181.25,0,0.07533129821723619,Low
8565-HBFNN,69,One year,Fiber optic,107.2,7317.1,0,0.07523624608557106,Low
9928-BZVLZ,12,Two year,DSL,49.85,552.1,0,0.07521001973546554,Low
2387-KDZQY,17,One year,No,20.1,279.5,0,0.07520439469147662,Low
7492-TAFJD,7,Two year,DSL,38.55,280.0,0,0.07507002558016135,Low
8752-IMQOS,5,One year,No,20.1,85.1,0,0.07506397211163597,Low
6308-CQRBU,71,Two year,Fiber optic,109.25,7707.7,0,0.07497079226711817,Low
6727-IOTLZ,14,Two year,DSL,81.95,1181.75,0,0.07488543423661075,Low
4626-OZDTJ,51,One year,DSL,78.65,3950.85,0,0.07480741771069002,Low
3205-MXZRA,26,One year,DSL,59.45,1507.0,0,0.07472259579785483,Low
9866-OCCKE,72,Two year,Fiber optic,109.75,8075.35,0,0.07457739143115458,Low
9351-LZYGF,42,Month-to-month,DSL,66.4,2727.8,0,0.07457424591650155,Low
1291-CUOCY,72,Two year,Fiber optic,110.6,7962.2,0,0.07451722433015585,Low
6341-JVQGF,31,One year,DSL,81.15,2545.75,0,0.07450872497422942,Low
8853-TZDGH,72,Two year,Fiber optic,111.6,8012.75,0,0.07436663580567965,Low
0842-IWYCP,46,Month-to-month,DSL,44.95,2168.9,0,0.07430002652146932,Low
2809-ILCYT,25,One year,No,26.8,733.55,0,0.0741999889028547,Low
0496-AHOOK,24,One year,DSL,74.4,1712.9,0,0.07419832478481002,Low
8109-YUOHE,17,One year,DSL,56.1,946.95,0,0.0739490764232418,Low
9473-CBZOP,28,One year,DSL,59.0,1654.45,0,0.07394743267964374,Low
0519-DRGTI,20,Month-to-month,No,20.35,442.6,0,0.07376635387550604,Low
9386-LDCZR,43,One year,Fiber optic,90.65,3882.3,0,0.07370633632243205,Low
0607-MVMGC,45,One year,DSL,78.75,3600.65,0,0.07369453302988112,Low
8332-OSJDW,12,One year,No,26.4,314.95,0,0.07363287104965122,Low
4223-BKEOR,21,One year,DSL,64.85,1336.8,0,0.07356576446237202,Low
5777-KJIRB,40,One year,DSL,50.25,2023.55,0,0.07356264891715429,Low
7317-GGVPB,71,Two year,Fiber optic,108.6,7690.9,1,0.07334252152184721,Low
6620-HVDUJ,24,Month-to-month,DSL,60.45,1440.75,0,0.07333885126003283,Low
8076-FEZKJ,10,One year,No,19.5,225.85,0,0.07328219716143199,Low
2164-SOQXL,20,Month-to-month,No,20.05,406.05,0,0.07312829781793681,Low
2651-ZCBXV,54,Two year,Fiber optic,108.0,5760.65,0,0.0731202063734982,Low
0980-FEXWF,26,One year,DSL,50.35,1285.8,0,0.0728674086446377,Low
7407-SUJIZ,25,Month-to-month,No,20.6,541.5,0,0.07283361444879666,Low
1952-DVVSW,10,One year,No,20.1,184.4,0,0.0728095121624669,Low
9200-NLNPD,56,One year,DSL,54.05,2959.8,0,0.07279282240587415,Low
9691-HKOVS,55,One year,DSL,90.15,4916.95,0,0.07278224037179366,Low
8681-ICONS,29,Month-to-month,No,20.65,654.85,0,0.07268409551512336,Low
2292-XQWSV,40,One year,DSL,60.3,2448.5,0,0.07265629108063539,Low
2830-LEWOA,61,One year,Fiber optic,103.9,6449.15,0,0.07260014996367387,Low
0983-TATYJ,33,One year,DSL,51.45,1758.9,0,0.07258140979985363,Low
7665-VIGUD,10,One year,No,20.35,176.3,0,0.07252029490385194,Low
0748-RDGGM,70,One year,Fiber optic,109.5,7534.65,1,0.07252009761395159,Low
5018-LXQQG,30,Month-to-month,DSL,66.3,1923.5,0,0.07238543665519517,Low
1301-LOPVR,29,One year,DSL,55.35,1636.95,0,0.07228257928977126,Low
5663-QBGIS,72,Two year,Fiber optic,98.35,6929.4,0,0.07226140977836386,Low
1545-JFUML,71,Two year,Fiber optic,99.0,6994.6,0,0.07210435488297844,Low
5260-UMPWX,26,Month-to-month,No,20.25,493.95,0,0.07196095417667715,Low
0895-LNKRC,6,One year,No,19.45,113.5,0,0.07193852069742047,Low
7508-KBIMB,24,One year,DSL,56.25,1454.25,0,0.07192971526554076,Low
9555-SAHUZ,38,Month-to-month,DSL,54.5,2076.05,0,0.07192048380305771,Low
2877-VDUER,35,One year,DSL,40.9,1383.6,0,0.07188673049971218,Low
3022-BEXHZ,67,Two year,Fiber optic,111.2,7530.8,0,0.07179729266462587,Low
4134-BSXLX,28,Month-to-month,DSL,60.9,1785.65,0,0.0717764474605106,Low
2636-SJDOU,64,One year,Fiber optic,84.3,5289.05,0,0.07162153079931152,Low
1444-VVSGW,70,One year,Fiber optic,115.65,7968.85,1,0.07155653665581871,Low
5578-NKCXI,58,One year,Fiber optic,99.25,5846.65,0,0.07154517481761509,Low
8823-RLPWL,72,Two year,Fiber optic,110.65,8065.65,0,0.07150491788815365,Low
4091-TVOCN,48,One year,DSL,78.75,3682.45,0,0.07149239684216442,Low
8406-LNMHF,59,One year,Fiber optic,82.95,4903.15,0,0.0714299125663241,Low
2887-JPYLU,41,Month-to-month,DSL,45.2,1841.9,0,0.07128720336275397,Low
2988-QRAJY,69,Two year,Fiber optic,110.05,7430.75,0,0.07126387385085985,Low
8573-JGCZW,17,One year,No,19.65,351.55,0,0.07124975343919715,Low
7718-UPSKJ,69,One year,Fiber optic,106.4,7251.9,0,0.07113938102110356,Low
2408-PSJVE,44,Month-to-month,DSL,61.9,2924.05,0,0.07113391471578294,Low
0201-OAMXR,70,One year,Fiber optic,115.55,8127.6,1,0.07111730146692233,Low
6257-DTAYD,71,Two year,Fiber optic,104.15,7365.3,0,0.07109740970249095,Low
4670-TABXH,72,Two year,Fiber optic,109.75,7758.9,0,0.07106129399019107,Low
9933-QRGTX,60,Two year,Fiber optic,97.2,5611.75,0,0.07101755945746235,Low
9931-KGHOA,46,Month-to-month,DSL,55.0,2473.95,0,0.071000944076413,Low
5269-NRGDP,42,One year,DSL,73.15,3088.25,0,0.07099586879457889,Low
6481-OGDOO,67,One year,Fiber optic,90.6,6056.15,1,0.07098580810704047,Low
7136-IHZJA,40,Month-to-month,DSL,71.35,2847.2,0,0.07093276195983693,Low
6616-AALSR,65,Two year,Fiber optic,104.3,6725.3,0,0.07088910201483506,Low
0628-CNQRM,22,One year,DSL,67.5,1544.05,1,0.0708705158245141,Low
5789-LDFXO,24,One year,No,24.6,592.65,0,0.07065135695278356,Low
4616-ULAOA,65,Two year,Fiber optic,110.8,7245.9,0,0.070605383321218,Low
3423-HHXAO,14,One year,No,19.5,272.0,0,0.0705810275044206,Low
1150-FTQGN,60,One year,Fiber optic,94.15,5811.8,0,0.07056428045276925,Low
8041-TMEID,63,Two year,Fiber optic,108.5,6991.9,0,0.0705521122270013,Low
3082-WQRVY,14,One year,No,19.65,228.65,0,0.07046604463910713,Low
5271-YNWVR,68,Two year,Fiber optic,113.15,7856.0,1,0.07045672413986517,Low
9750-BOOHV,32,One year,DSL,30.15,927.65,0,0.07038389122658577,Low
0716-BQNDX,57,Two year,Fiber optic,93.75,5625.55,0,0.07032556126142103,Low
9822-BIIGN,53,Month-to-month,DSL,71.85,3827.9,0,0.07031040302772595,Low
0661-KBKPA,53,One year,DSL,78.75,3942.45,0,0.07027955282125097,Low
6682-QJDGB,40,Month-to-month,DSL,55.25,2139.2,1,0.07024531679186247,Low
7762-ONLJY,6,One year,No,19.7,94.45,0,0.07022135890743954,Low
9845-PEEKO,59,Two year,Fiber optic,79.2,4590.35,0,0.07020525784809364,Low
7663-CUXZB,59,Two year,Fiber optic,113.75,6561.25,0,0.07019809603213263,Low
3915-ODIYG,60,One year,DSL,71.75,4374.55,0,0.07014624471898281,Low
9467-ROOLM,25,Month-to-month,No,19.05,461.3,0,0.06997100386662453,Low
8819-ZBYNA,58,Two year,Fiber optic,109.1,6393.65,0,0.06990447529641287,Low
7649-PHJVR,11,One year,No,19.5,226.8,0,0.06983193575034898,Low
6586-PSJOX,15,One year,DSL,55.2,864.55,0,0.06980852961454531,Low
7644-OMVMY,0,Two year,No,19.85,,0,0.0697522795154925,Low
1696-HXOWK,71,One year,Fiber optic,95.65,6856.95,0,0.0696929667782657,Low
6941-KXRRV,48,One year,DSL,58.95,2789.7,0,0.06966950976844033,Low
6992-TKNYO,38,One year,DSL,69.0,2669.45,0,0.06966468452592176,Low
9938-ZREHM,37,One year,DSL,72.1,2658.4,0,0.06966450246404088,Low
2483-XSSMZ,39,One year,DSL,47.85,1886.4,0,0.06966069308286983,Low
6734-FQAJX,67,Two year,Fiber optic,105.05,7171.7,0,0.06965630343301052,Low
5504-WSIUR,70,One year,Fiber optic,90.25,6385.95,0,0.06963067952394882,Low
5724-BIDBU,49,One year,DSL,55.35,2633.95,0,0.06951407301156279,Low
7021-XSNYE,7,Two year,DSL,49.65,305.55,0,0.0695053050202281,Low
9987-LUTYD,13,One year,DSL,55.15,742.9,0,0.06946797175265432,Low
9402-ROUMJ,67,One year,Fiber optic,100.25,6689.0,0,0.06943317242608292,Low
4654-DLAMQ,64,One year,Fiber optic,97.0,6430.9,0,0.06935194198822318,Low
3146-JTQHR,10,One year,No,19.6,189.45,0,0.06929129843924861,Low
3750-YHRYO,7,One year,No,20.65,150.0,0,0.0691982898771861,Low
0266-CLZKZ,67,Two year,Fiber optic,105.65,6717.9,0,0.0691852013706167,Low
7872-RDDLZ,67,Month-to-month,DSL,54.9,3725.5,0,0.06917652193488555,Low
5278-PNYOX,49,Two year,Fiber optic,100.65,4917.75,0,0.06917288578656525,Low
3239-TPHPZ,12,Two year,No,20.05,264.55,0,0.06915810633379776,Low
9313-QOLTZ,26,Month-to-month,No,20.9,518.3,0,0.06904046832622575,Low
5049-MUBWG,26,One year,DSL,75.0,1908.35,0,0.06891694085760498,Low
5372-FBKBN,21,Month-to-month,No,20.75,452.2,0,0.06889854353215052,Low
7923-IYJWY,67,Two year,Fiber optic,116.1,7839.85,0,0.06878516785669754,Low
7657-DYEPJ,38,One year,DSL,70.15,2497.35,1,0.068770521829849,Low
4526-RMTLL,8,Two year,DSL,76.15,645.8,0,0.0687668999980959,Low
3115-JPJDD,59,One year,Fiber optic,81.25,4639.45,0,0.06874489485961137,Low
9861-PDSZP,72,Two year,Fiber optic,108.05,7806.6,0,0.06872735418755273,Low
0661-WCQNQ,22,One year,DSL,56.25,1292.2,0,0.0686274165526813,Low
9432-RUVSL,48,Two year,Fiber optic,102.5,4904.25,0,0.06851666179925948,Low
2520-SGTTA,0,Two year,No,20.0,,0,0.06837550227668038,Low
6967-PEJLL,37,One year,DSL,40.2,1525.35,0,0.06835341180943479,Low
4137-JOPHL,50,Two year,Fiber optic,89.7,4304.5,0,0.06829867231803104,Low
8084-OIVBS,11,One year,No,20.0,211.95,0,0.06824550517003825,Low
3115-CZMZD,0,Two year,No,20.25,,0,0.06822975672288259,Low
4451-RWASJ,15,One year,No,19.5,239.75,0,0.06809294118235172,Low
2682-KEVRP,22,One year,No,20.05,417.0,0,0.06808723577389458,Low
7707-PYBBH,40,Month-to-month,DSL,61.9,2647.1,0,0.06807108902357974,Low
9362-MWODR,40,Month-to-month,DSL,64.1,2460.35,0,0.06805975285549673,Low
5135-GRQJV,72,Two year,Fiber optic,114.5,8331.95,0,0.06805618397335612,Low
7156-MXBJE,43,One year,DSL,85.1,3662.25,0,0.06804691084255182,Low
3621-CHYVB,57,Month-to-month,DSL,49.9,2782.4,0,0.06804026285628943,Low
0020-JDNXP,34,One year,DSL,61.25,1993.2,0,0.067986537190954,Low
0112-QWPNC,49,One year,DSL,84.35,4059.35,1,0.06792888916891462,Low
1891-QRQSA,64,Two year,Fiber optic,111.6,7099.0,0,0.06791533497665068,Low
6506-EYCNH,28,Month-to-month,No,19.55,543.8,0,0.06787116670739138,Low
9229-RQABD,18,One year,No,23.75,424.5,0,0.0678395459720209,Low
4328-VUFWD,39,One year,DSL,59.3,2209.15,0,0.06765101117208436,Low
1557-EMYVT,43,Two year,Fiber optic,115.05,4895.1,0,0.06757762609375062,Low
2351-RRBUE,7,One year,No,20.65,134.05,0,0.06757202022115119,Low
8777-MBMTS,65,Two year,Fiber optic,105.85,6725.5,0,0.06750466458797694,Low
1015-JPFYW,7,One year,No,19.45,136.75,0,0.06736553878346759,Low
3556-BVQGL,20,One year,No,20.0,416.45,0,0.06725829761284452,Low
2330-PQGDQ,51,One year,Fiber optic,84.2,4299.75,0,0.06723423443881549,Low
3612-YUNGG,64,Two year,Fiber optic,109.2,6741.15,0,0.06721771187387379,Low
1964-SVLEA,20,One year,No,19.7,415.9,0,0.06706687229499891,Low
5203-XEHAX,34,One year,DSL,64.35,2053.05,0,0.06705892382030457,Low
3800-LYTRK,14,One year,DSL,55.7,795.15,0,0.06701166695059385,Low
7032-LMBHI,37,One year,DSL,64.65,2347.85,0,0.06683933744051658,Low
4049-ZPALD,64,Two year,Fiber optic,99.0,6375.8,0,0.06667796027797743,Low
1334-PDUKM,68,One year,Fiber optic,86.45,5762.95,0,0.06664198489756325,Low
5753-QQWPW,28,One year,DSL,59.9,1654.7,0,0.06646477106701272,Low
9711-FJTBX,56,One year,Fiber optic,85.85,4793.8,0,0.06632783838547703,Low
3530-VWVGU,22,Month-to-month,No,19.9,400.3,0,0.06626400926164179,Low
8559-CIZFV,21,One year,DSL,77.5,1625.0,1,0.06599296406425141,Low
3315-IKYZQ,28,One year,DSL,50.8,1386.8,0,0.06588893130848157,Low
1429-UYJSV,12,One year,No,19.7,260.9,0,0.0657195005579453,Low
3363-DTIVD,71,Two year,Fiber optic,105.55,7405.5,0,0.06570292826397933,Low
3441-CGZJH,43,One year,DSL,60.4,2640.55,0,0.0656899862658142,Low
3372-CDXFJ,13,One year,No,24.5,343.6,0,0.06567989877949892,Low
9796-MVYXX,14,Two year,DSL,39.7,692.35,0,0.0656480324717632,Low
2522-WLNSF,34,One year,DSL,64.2,2106.3,0,0.06548104296306502,Low
4291-YZODP,7,One year,No,20.05,96.8,0,0.06545772544191371,Low
5062-CJJKH,25,One year,DSL,53.65,1355.45,0,0.0654211599617306,Low
1099-BTKWT,68,One year,DSL,54.4,3723.65,0,0.06525905562369791,Low
2680-XKKNJ,8,One year,DSL,58.2,469.25,0,0.06521173753170204,Low
5602-BVFMK,12,One year,No,19.3,228.75,0,0.06520543385446248,Low
4199-QHJNM,67,Two year,Fiber optic,102.9,6989.7,0,0.0651695270992893,Low
8680-CGLTP,29,One year,DSL,58.75,1696.2,0,0.0651339441622009,Low
3351-NQLDI,67,One year,Fiber optic,94.35,6341.45,1,0.0650128322809324,Low
8015-IHCGW,72,Two year,Fiber optic,115.5,8425.15,0,0.06497049045819198,Low
5998-DZLYR,61,Two year,Fiber optic,94.35,5703.0,0,0.06486087116093515,Low
5297-MDOIR,63,One year,Fiber optic,81.15,5224.5,0,0.06474465638170576,Low
2484-DGXPZ,31,Month-to-month,No,19.55,658.95,1,0.06462432553403594,Low
1480-BKXGA,72,Two year,Fiber optic,116.05,8404.9,0,0.0646027762360902,Low
1247-QBVSH,43,Month-to-month,DSL,50.2,2169.4,0,0.06452496157671592,Low
0484-JPBRU,41,Month-to-month,No,25.25,996.45,0,0.06434928822148582,Low
1136-XGEQU,50,One year,DSL,84.15,4164.4,0,0.06411036848158004,Low
1930-BZLHI,21,One year,No,20.35,422.7,0,0.06402012963358943,Low
2788-CJQAQ,13,One year,No,19.45,270.2,0,0.06398637320821549,Low
0401-WDBXM,72,Two year,Fiber optic,105.55,7542.25,0,0.0639532018160888,Low
0661-KQHNK,6,One year,No,19.0,105.5,0,0.0637527867854862,Low
6440-DKQGE,30,One year,DSL,64.5,1929.95,0,0.06363616425231973,Low
0536-BGFMZ,28,Month-to-month,No,20.5,563.05,0,0.06340551610532225,Low
7255-SSFBC,72,Two year,Fiber optic,112.25,8041.65,0,0.06339717851822788,Low
6663-JOCQO,31,One year,DSL,75.25,2344.5,0,0.06339061072819573,Low
6746-WAUWT,19,One year,No,19.7,386.5,0,0.06337375648392034,Low
3739-YBWAB,36,One year,DSL,35.35,1317.95,0,0.06336328971389814,Low
4385-ZKVNW,44,Month-to-month,DSL,54.9,2549.1,0,0.06335207545497358,Low
2056-EVGZL,68,One year,Fiber optic,105.75,7322.5,0,0.06328637118673663,Low
8591-TKMZH,59,Two year,Fiber optic,111.1,6555.2,0,0.06320761763595309,Low
0134-XWXCE,44,One year,DSL,74.85,3268.05,0,0.06306225217162127,Low
1680-VDCWW,12,One year,No,19.8,202.25,0,0.06305664704039553,Low
1338-CECEE,41,One year,DSL,68.5,2839.95,0,0.06304531649382189,Low
0530-IJVDB,70,Two year,Fiber optic,114.6,7882.5,0,0.0629731476222532,Low
9351-HXDMR,72,Two year,Fiber optic,110.9,8240.85,0,0.06288045051074122,Low
5039-LZRQT,13,One year,No,20.2,273.25,0,0.06280044142481679,Low
2205-LPVGL,58,One year,Fiber optic,89.85,5125.75,0,0.0627172845125541,Low
2434-EEVDB,64,Two year,Fiber optic,94.6,5948.7,0,0.06265711923339039,Low
7445-WMRBW,48,One year,DSL,73.85,3581.4,0,0.06249988349716829,Low
8869-LIHMK,64,Two year,Fiber optic,115.1,7334.05,0,0.06248908138951585,Low
9917-KWRBE,41,One year,DSL,78.35,3211.2,0,0.062475392511061954,Low
1431-CYWMH,22,Month-to-month,No,19.05,454.05,0,0.06245535391262696,Low
9442-JTWDL,11,One year,No,20.05,237.7,0,0.06220829267754611,Low
1779-PWPMG,72,Two year,Fiber optic,114.65,8333.95,0,0.062185186724541736,Low
5451-YHYPW,72,Two year,Fiber optic,115.75,8443.7,0,0.06209516460018756,Low
4906-ZHGPK,54,One year,DSL,70.7,3770.0,0,0.06206074644272546,Low
5294-CDGWY,51,One year,DSL,59.3,3014.65,1,0.0620273492782804,Low
2388-LAESQ,72,Two year,Fiber optic,114.85,8317.95,0,0.06196828580973288,Low
2323-ARSVR,67,Two year,Fiber optic,111.05,7321.05,0,0.0619453721234758,Low
8029-XYPWT,71,Two year,Fiber optic,115.05,8016.6,0,0.06194028879316027,Low
9483-GCPWE,9,One year,No,20.1,190.25,0,0.061903916989103164,Low
4537-CIBHB,9,One year,No,20.25,172.35,0,0.06180666957084391,Low
8883-GRDWQ,20,One year,DSL,54.0,1055.9,0,0.06174284800923005,Low
5872-OEQNH,60,One year,DSL,44.45,2773.9,0,0.06172607168131886,Low
1345-ZUKID,14,One year,No,19.35,324.8,0,0.06170160846846271,Low
0074-HDKDG,25,One year,DSL,61.6,1611.0,0,0.061585174896562365,Low
5524-KHNJP,33,One year,DSL,74.75,2453.3,0,0.0615023165611681,Low
8879-ZKJOF,41,One year,DSL,79.85,3320.75,0,0.061463692220505614,Low
0907-HQNTS,70,Two year,Fiber optic,113.0,7987.6,0,0.06142823532834087,Low
8595-SIZNC,22,One year,No,25.6,548.8,0,0.061354367051319116,Low
6435-VWCCY,65,Two year,Fiber optic,92.7,5968.4,0,0.06129986728090285,Low
9127-FHJBZ,72,Two year,Fiber optic,114.0,8093.15,0,0.061293827018519,Low
6050-FFXES,69,Two year,Fiber optic,105.35,7240.65,0,0.061281229752731016,Low
3696-XRIEN,50,One year,DSL,82.5,4179.1,0,0.06123750549714507,Low
6893-ODYYE,50,One year,Fiber optic,90.1,4549.45,0,0.06110574389891454,Low
3724-BSCVH,10,One year,No,20.45,242.4,0,0.06105421867575241,Low
9558-IHEZX,71,Two year,Fiber optic,106.75,7283.25,0,0.061019391145408705,Low
6250-CGGUN,54,One year,Fiber optic,84.4,4484.05,0,0.060989692060563525,Low
5993-BQHEA,12,One year,No,20.05,267.0,0,0.060859924464114104,Low
6904-JLBGY,72,Two year,Fiber optic,117.35,8436.25,0,0.06070215904828273,Low
8434-PNQZX,42,Two year,DSL,78.45,3373.4,0,0.060660395493916865,Low
8383-SGHJU,33,One year,DSL,59.4,1952.8,0,0.060656002794244455,Low
0813-TAXXS,55,Two year,DSL,77.8,4323.35,0,0.06061120407348047,Low
0862-PRCBS,68,Two year,Fiber optic,103.75,7039.45,0,0.06059714191374686,Low
0619-OLYUR,72,Two year,Fiber optic,111.9,8071.05,0,0.060517599775428366,Low
1498-DQNRX,29,Month-to-month,No,19.85,573.05,0,0.06047473430842754,Low
4057-FKCZK,58,Two year,Fiber optic,82.5,4828.05,0,0.06046328542248817,Low
2878-RMWXY,72,Two year,Fiber optic,102.65,7550.3,0,0.060434837743179357,Low
4018-KJYUY,22,Month-to-month,No,20.15,432.5,0,0.06034798618264915,Low
5671-RQRLP,70,Two year,Fiber optic,75.65,5411.4,0,0.06034019693228453,Low
4730-AWNAU,36,One year,DSL,60.7,2234.55,0,0.06023976399968734,Low
2639-UGMAZ,71,One year,DSL,56.45,3985.35,0,0.06011813711248636,Low
1137-DGOWI,30,One year,DSL,70.25,2198.9,0,0.06006703699236612,Low
5214-NLTIT,72,Two year,Fiber optic,90.8,6511.8,0,0.060024356371613206,Low
4072-IPYLT,36,Month-to-month,DSL,51.05,1815.0,0,0.05995273866428416,Low
9715-SBVSU,14,Two year,DSL,61.4,815.55,0,0.059952657782945604,Low
1430-SFQSA,29,One year,DSL,35.6,1072.6,0,0.05994337855192364,Low
9170-GYZJC,41,Month-to-month,DSL,79.9,3326.2,1,0.059926024406941336,Low
7233-IOQNP,43,Month-to-month,DSL,34.0,1505.35,0,0.059853469282834554,Low
1097-FSPVW,42,Month-to-month,DSL,54.55,2455.05,0,0.05983514231432602,Low
8628-MFKAX,72,Two year,Fiber optic,116.75,8277.05,0,0.05980369699508886,Low
4933-IKULF,17,One year,No,20.65,330.6,0,0.0597771730984694,Low
4425-OWHWB,20,One year,No,19.35,433.75,0,0.05976435867668024,Low
7677-SJJJK,8,One year,No,19.9,153.95,0,0.05971319939939418,Low
6508-NJYRO,15,One year,No,18.8,294.95,0,0.059648814859380284,Low
9617-UDPEU,22,One year,No,19.25,412.55,0,0.059528481450690666,Low
1915-OAKWD,16,One year,No,19.3,360.35,0,0.05950835064574127,Low
9412-ARGBX,48,Two year,Fiber optic,95.5,4627.85,1,0.05949973026178432,Low
3580-HYCSP,72,Two year,Fiber optic,110.3,7966.9,0,0.059407200847946595,Low
5393-HJZSM,32,Month-to-month,DSL,76.3,2404.15,0,0.059203333768302065,Low
1163-VIPRI,65,Two year,Fiber optic,109.3,7337.55,0,0.05910125716806897,Low
0635-WKOLD,40,One year,DSL,70.75,2921.75,0,0.059044966746038256,Low
6999-CHVCF,68,Two year,Fiber optic,102.1,7149.35,0,0.05893603665630588,Low
2144-ESWKO,43,One year,DSL,35.2,1463.7,0,0.058789451378467736,Low
3969-JQABI,58,Month-to-month,DSL,65.25,3791.6,0,0.058764904635146685,Low
4909-JOUPP,72,Two year,Fiber optic,109.7,7898.45,0,0.05875256079312833,Low
1402-PTHGN,18,One year,DSL,61.5,1087.45,0,0.058750976809685385,Low
1090-PYKCI,69,One year,Fiber optic,105.1,7234.8,0,0.058520932887123074,Low
3721-CNZHX,15,One year,No,19.8,304.6,0,0.058501931001790575,Low
8559-WNQZS,1,Two year,No,20.45,20.45,0,0.058325468551301225,Low
0565-JUPYD,63,One year,Fiber optic,104.5,6590.8,0,0.058322127860112524,Low
7868-TMWMZ,60,Two year,Fiber optic,110.0,6668.35,0,0.05815717499341498,Low
8975-SKGRX,71,Two year,Fiber optic,116.1,8310.55,0,0.058125990156901564,Low
8224-UAXBZ,58,One year,DSL,45.35,2540.1,0,0.058068290295621994,Low
5975-BAICR,36,One year,DSL,63.7,2188.5,0,0.058022854990437134,Low
1760-CAZHT,25,Month-to-month,No,20.8,460.2,0,0.057931220620377304,Low
2364-UFROM,30,One year,DSL,70.4,2044.75,0,0.05790273038937228,Low
8208-EUMTE,16,Two year,DSL,54.85,916.15,0,0.057893783310379095,Low
2592-HODOV,13,One year,No,19.3,259.65,0,0.05779931231407119,Low
1042-HFUCW,25,One year,DSL,54.75,1266.35,0,0.05776576997842486,Low
2546-KZAAT,52,One year,DSL,75.4,3865.45,0,0.057650252798546534,Low
4522-XRWWI,42,One year,DSL,80.45,3375.9,0,0.05761150419228533,Low
8659-HDIYE,64,Month-to-month,DSL,74.65,4869.35,0,0.05760557570400813,Low
9788-HNGUT,72,Two year,Fiber optic,116.95,8594.4,0,0.057527669136497143,Low
5944-UGLLK,53,One year,DSL,54.9,3045.75,0,0.05736923296963828,Low
8901-UPRHR,72,Two year,Fiber optic,109.2,7711.45,0,0.05735018247073637,Low
8792-AOROI,8,Two year,DSL,65.5,564.35,0,0.057328621506436854,Low
7971-HLVXI,72,Two year,Fiber optic,84.5,6130.85,0,0.057302112835454534,Low
6075-QMNRR,52,Month-to-month,DSL,49.75,2535.55,0,0.05729211774298726,Low
7925-PNRGI,45,Month-to-month,DSL,81.3,3541.1,0,0.057260721178949,Low
9589-ABEPT,69,Two year,Fiber optic,92.45,6460.55,0,0.057135605469052296,Low
5915-DGNVC,49,One year,DSL,71.8,3472.05,0,0.05712593985972193,Low
2171-UDMFD,32,Month-to-month,No,19.45,674.55,0,0.05707016871531174,Low
2868-LLSKM,68,One year,Fiber optic,83.65,5733.4,0,0.05702056876437897,Low
6427-FEFIG,24,Two year,DSL,78.6,1846.65,0,0.05697439360250331,Low
2798-NYLMZ,71,Two year,Fiber optic,108.55,7616.0,0,0.056973487340302595,Low
8016-ZMGMO,66,One year,DSL,70.85,4738.85,0,0.056941824754414776,Low
3397-AVTKU,43,Two year,DSL,60.0,2548.55,0,0.056904698135727766,Low
7817-OMJNA,14,One year,No,20.4,275.7,0,0.05687903806681843,Low
3407-JMJQQ,71,Two year,Fiber optic,109.0,7661.8,0,0.05687239975088955,Low
2907-ILJBN,11,One year,No,20.6,233.9,0,0.05685650972816377,Low
5914-XRFQB,72,Two year,Fiber optic,115.8,8424.9,0,0.05681193354504546,Low
6993-YGFJV,69,Two year,Fiber optic,112.55,7806.5,0,0.05681118470263883,Low
4508-OEBEY,31,One year,DSL,75.5,2424.45,0,0.056769496278446616,Low
9070-BCKQP,72,Two year,Fiber optic,110.15,7881.2,0,0.05663098369800641,Low
6048-UWKAL,69,Two year,Fiber optic,105.4,6998.95,0,0.056567313962567554,Low
7841-FCRQD,33,One year,DSL,53.75,1857.3,0,0.056507762440429876,Low
0020-INWCK,71,Two year,Fiber optic,95.75,6849.4,0,0.05623289490643968,Low
4853-RULSV,70,Two year,Fiber optic,104.0,7250.15,1,0.056143434068377296,Low
3705-RHRFR,69,Two year,Fiber optic,99.15,6875.35,0,0.056098331385069505,Low
1702-CCFNJ,52,Month-to-month,DSL,61.35,3169.55,0,0.05603404155568937,Low
8097-VBQTZ,54,Month-to-month,DSL,69.9,3883.3,0,0.05593852337211882,Low
8898-KASCD,39,One year,DSL,35.55,1309.15,0,0.05585609547022766,Low
6797-LNAQX,70,Two year,Fiber optic,98.3,6859.5,1,0.055624377379474815,Low
8756-RDDLT,68,Month-to-month,DSL,44.95,3085.35,0,0.05561564701992461,Low
2710-WYVXG,3,Two year,DSL,71.1,213.35,0,0.05559342512258822,Low
7801-CEDNV,27,One year,DSL,48.7,1421.75,0,0.05557560449847149,Low
8226-BXGES,64,One year,Fiber optic,89.45,5692.65,0,0.055533571215103106,Low
6650-BWFRT,72,Two year,Fiber optic,117.15,8529.5,0,0.05553334523475215,Low
3244-CQPHU,72,Two year,Fiber optic,110.1,7746.7,0,0.05541557102993681,Low
4815-YOSUK,72,One year,Fiber optic,104.9,7537.5,0,0.05527344028796846,Low
8570-KLJYJ,36,One year,DSL,54.45,1893.5,0,0.05524884509860781,Low
3301-VKTGC,68,One year,Fiber optic,85.5,5696.6,0,0.055222691638676075,Low
2380-DAMQP,72,Two year,Fiber optic,115.15,8349.7,0,0.055203033829517835,Low
8727-XDPUD,37,Two year,DSL,35.8,1316.9,0,0.05519461476238665,Low
7765-LWVVH,72,Two year,Fiber optic,95.1,6843.15,0,0.055022796957645025,Low
1320-GVNHT,72,Two year,Fiber optic,108.4,7767.25,0,0.05501647351252818,Low
0454-OKRCT,33,Two year,Fiber optic,80.6,2651.1,0,0.05488115695972632,Low
6174-NRBTZ,46,One year,DSL,30.75,1489.3,0,0.05486116252930106,Low
1452-XRSJV,39,Month-to-month,DSL,51.05,2066.0,0,0.05484309449971747,Low
0307-BCOPK,16,One year,No,19.05,326.65,0,0.05480631224942953,Low
1577-HKTFG,30,Month-to-month,No,19.65,655.85,1,0.05464674568502408,Low
6551-ZCOTS,33,One year,No,24.9,847.8,0,0.054581047887612394,Low
3243-ZHOHY,16,One year,No,20.1,296.15,0,0.054478996900602775,Low
6171-ZTVYB,43,Month-to-month,DSL,66.25,2907.35,0,0.05446532320572349,Low
5982-PSMKW,23,Two year,DSL,91.1,2198.3,0,0.0544381986738549,Low
9298-WGMRW,72,Two year,Fiber optic,115.5,8312.75,0,0.05420951716016806,Low
3224-DFQNQ,66,One year,Fiber optic,89.0,5898.6,0,0.054202351558103434,Low
3259-KNMRR,57,Two year,DSL,79.75,4438.2,0,0.05406492026406633,Low
9931-DCEZH,28,One year,DSL,54.4,1516.6,0,0.053892833616888035,Low
9142-XMYJH,29,Month-to-month,No,19.35,601.6,0,0.05384329513073542,Low
8461-EFQYM,38,One year,No,24.25,914.4,0,0.05363557506878009,Low
2368-GAKKQ,70,Two year,Fiber optic,113.65,7939.25,0,0.05348460701762418,Low
1763-KUAAW,18,One year,No,20.35,369.6,0,0.05345633984477327,Low
9046-JBFWA,27,Month-to-month,No,19.15,537.35,0,0.05335292497072982,Low
0866-QLSIR,34,One year,DSL,64.4,2088.75,1,0.053318085995970176,Low
1661-CZBAU,48,One year,DSL,70.95,3629.2,0,0.05327263224862122,Low
4686-GEFRM,70,Two year,Fiber optic,98.7,6858.9,0,0.053258460574933664,Low
9766-HGEDE,17,One year,No,19.35,307.0,0,0.05314547894795114,Low
9847-HNVGP,17,One year,No,19.95,310.6,0,0.053095172260809544,Low
8690-UPCZI,29,One year,DSL,69.05,1958.45,0,0.05308927038575122,Low
6434-TTGJP,10,Two year,DSL,53.7,521.0,0,0.05305423209096282,Low
9705-ZJBCG,13,One year,DSL,54.15,701.05,0,0.05301066050860978,Low
5236-XMZJY,42,Month-to-month,DSL,59.65,2536.55,0,0.0527739229866807,Low
2121-JAFOM,72,Two year,Fiber optic,115.55,8312.4,0,0.05269403216766662,Low
7753-USQYQ,55,One year,DSL,64.2,3627.3,0,0.05263951340761996,Low
5505-OVWQW,17,One year,No,20.15,353.65,0,0.052558882316467014,Low
3766-EJLFL,68,Two year,Fiber optic,109.05,7508.55,0,0.052519472510940676,Low
5038-ETMLM,72,Two year,Fiber optic,113.65,8182.75,0,0.05248037168157747,Low
8612-GXIDD,12,Two year,No,25.4,313.0,0,0.05243466907088858,Low
3669-WHAFY,71,Two year,Fiber optic,115.15,8078.1,0,0.05238620323852562,Low
4323-ELYYB,13,One year,No,20.0,218.55,0,0.0523548235730008,Low
7191-ADRGF,44,Two year,DSL,54.3,2390.45,0,0.05218422840417855,Low
4598-ZADCK,53,One year,DSL,53.6,2879.2,0,0.05213858033254066,Low
4445-KWOKW,42,One year,DSL,60.15,2421.6,0,0.05213485530909543,Low
2634-HCZGT,53,One year,DSL,60.05,3229.65,1,0.05211713883978461,Low
3178-CIFOT,23,One year,No,19.65,478.1,0,0.052106663630946626,Low
5442-BXVND,33,Month-to-month,No,24.25,838.5,0,0.052085975967005614,Low
6416-JNVRK,46,One year,DSL,55.65,2688.85,0,0.0520560153411689,Low
8741-LQOBK,46,Month-to-month,DSL,35.05,1620.25,0,0.05199916321798162,Low
0829-DDVLK,15,One year,No,20.1,302.45,0,0.05187303417761277,Low
3549-ZTMNH,12,Two year,No,24.0,269.65,0,0.051826162254057916,Low
7176-WRTNX,70,Two year,Fiber optic,114.95,7711.25,0,0.05182499056988849,Low
8969-PRHFK,18,One year,No,19.65,411.25,0,0.05172226935666684,Low
6635-MYYYZ,30,One year,DSL,85.35,2530.4,1,0.051701633910342416,Low
0727-BNRLG,69,Two year,Fiber optic,97.65,6743.55,0,0.05169474645886117,Low
7609-NRNCA,17,One year,No,19.55,280.85,0,0.051636531371892606,Low
8499-BRXTD,18,One year,No,20.1,401.85,0,0.05163365192283056,Low
2338-BQEZT,55,Month-to-month,DSL,50.55,2832.75,0,0.0515299151622493,Low
0357-NVCRI,25,Month-to-month,No,20.05,471.7,0,0.0514694054174329,Low
6614-FHDBO,72,Two year,Fiber optic,109.2,7878.3,0,0.05141110157426936,Low
1171-TYKUR,47,Month-to-month,No,25.4,1139.2,0,0.05117922478064827,Low
3452-FLHYD,25,One year,No,20.95,495.15,0,0.05098329373047407,Low
4616-EWBNJ,16,One year,No,20.1,318.6,0,0.050982281986602845,Low
3283-WCWXT,6,Two year,No,25.4,153.3,0,0.05095956364657169,Low
9637-CDTKZ,72,Two year,Fiber optic,114.1,8086.4,0,0.05092929527139412,Low
1474-JUWSM,58,One year,DSL,68.4,3972.25,0,0.05092289532018163,Low
9845-QOMAD,14,One year,No,19.75,309.35,0,0.05088510804906651,Low
6147-CBCRA,33,Month-to-month,No,20.05,669.45,0,0.050796032726988974,Low
9938-TKDGL,68,Two year,Fiber optic,99.55,6668.0,0,0.05077344222095171,Low
8606-CIQUL,72,Two year,Fiber optic,115.75,8399.15,0,0.050718850566407236,Low
1133-KXCGE,18,One year,No,20.1,407.05,0,0.05064856460578426,Low
5172-RKOCB,72,Two year,Fiber optic,108.95,7875.0,0,0.05063584911081116,Low
8099-MZPUJ,48,Two year,Fiber optic,111.8,5443.65,0,0.050555622230843464,Low
1325-USMEC,70,Two year,Fiber optic,99.35,6944.5,0,0.050484779294696996,Low
1841-YSJGV,72,Two year,Fiber optic,109.95,7852.4,0,0.05042277780211178,Low
3551-GAEGL,34,One year,DSL,30.4,938.65,0,0.050355072501152655,Low
9239-GZHZE,72,Two year,Fiber optic,113.65,8124.2,0,0.0503160964179156,Low
1038-ZAGBI,12,One year,No,19.8,229.6,1,0.05028670355806796,Low
8707-RMEZH,69,One year,Fiber optic,87.3,6055.55,0,0.050244201052203424,Low
7055-JCGNI,70,Two year,Fiber optic,111.95,7795.95,0,0.050178924846367,Low
0670-ANMUU,71,One year,Fiber optic,97.65,6687.85,0,0.050110674808920785,Low
1043-UXOVO,71,Two year,Fiber optic,113.15,7993.3,0,0.050082140882523996,Low
9621-OUPYD,25,One year,No,20.2,507.9,0,0.05005786324839582,Low
7576-ASEJU,41,One year,DSL,74.7,3187.65,0,0.050050375480284515,Low
0428-AXXLJ,25,One year,No,19.5,516.3,0,0.049996027158825534,Low
1544-JJMYL,27,One year,DSL,69.35,1927.3,0,0.04993547902877313,Low
5183-KLYEM,72,Two year,Fiber optic,112.75,8192.6,0,0.049921535244643205,Low
2030-BTZRO,6,Two year,No,20.4,107.6,0,0.049826089583537396,Low
1866-NXPSP,36,One year,DSL,75.55,2680.15,0,0.04982193857810856,Low
5499-ECUTN,47,One year,DSL,66.05,3021.45,0,0.04978524503347229,Low
4203-QGNZA,28,Month-to-month,No,20.25,535.35,0,0.04978395503109709,Low
4369-NYSCF,56,One year,DSL,75.75,4284.65,0,0.04974218778924729,Low
6919-ELBGL,72,Two year,Fiber optic,114.95,8196.4,0,0.04971274718291175,Low
0254-FNMCI,72,Two year,Fiber optic,109.9,7624.2,0,0.04970878967279392,Low
3131-NWVFJ,14,One year,No,19.55,294.5,0,0.04966829393392674,Low
8328-SKJNO,23,One year,DSL,40.65,947.4,0,0.04953930237939686,Low
8630-QSGXK,51,Two year,DSL,75.2,3901.25,0,0.04949945590083452,Low
3963-RYFNS,72,Two year,Fiber optic,116.45,8013.55,0,0.049445122095966756,Low
4404-HIBDJ,25,One year,DSL,74.3,1863.8,1,0.0494293725915059,Low
1150-WFARN,67,Two year,Fiber optic,108.75,7156.2,1,0.049369528081066295,Low
8788-DOXSU,59,One year,DSL,61.35,3645.5,0,0.04933116176442644,Low
6878-GGDWG,32,Month-to-month,No,19.4,641.15,0,0.04931556950866758,Low
7100-FQPRV,43,One year,DSL,71.9,3173.35,0,0.04931106497522177,Low
5726-CVNYA,8,Two year,No,19.85,146.6,0,0.049287786061616684,Low
6510-UPNKS,23,One year,No,24.8,615.35,0,0.04926751656599682,Low
4311-QTTAI,16,One year,No,19.35,295.55,0,0.049245878216896945,Low
8313-AFGBW,47,Two year,DSL,73.6,3522.65,0,0.04923004001858656,Low
1741-WTPON,56,Two year,Fiber optic,115.85,6567.9,0,0.049160987006623226,Low
3259-QMXUN,58,Two year,DSL,86.1,4890.5,0,0.04911936940011387,Low
6244-BESBM,69,Two year,Fiber optic,95.2,6671.7,0,0.04909174956038653,Low
7996-BPXHY,13,Two year,No,25.0,332.5,0,0.04909160778290222,Low
7602-MVRMB,72,Two year,Fiber optic,110.45,8058.85,0,0.04909150232762422,Low
0930-EHUZA,36,One year,DSL,76.35,2606.35,0,0.049016074447561585,Low
3082-YVEKW,23,Two year,DSL,77.15,1759.4,0,0.048954412913834525,Low
2790-XUYMV,71,One year,Fiber optic,85.45,6028.95,0,0.048887176897335335,Low
6765-MBQNU,26,One year,No,26.0,684.05,0,0.048870160902796965,Low
6371-NZYEG,16,Two year,DSL,64.25,1024.0,0,0.04886658934923544,Low
6445-TNRXS,68,Two year,Fiber optic,114.7,7849.85,0,0.04883750552777524,Low
9330-DHBFL,23,One year,DSL,66.25,1533.8,0,0.048749060905226654,Low
1272-ILHFG,15,One year,No,19.65,332.65,0,0.048684134079106635,Low
0019-EFAEP,72,Two year,Fiber optic,101.3,7261.25,0,0.048616888250504454,Low
7279-NMVJC,17,One year,No,19.9,323.15,0,0.048557486608608175,Low
0572-ZJKLT,46,Two year,Fiber optic,99.65,4630.2,0,0.0484716595823387,Low
6867-ACCZI,24,Two year,DSL,52.5,1208.15,0,0.048301634112144824,Low
3374-PZLXD,34,Month-to-month,No,19.7,675.6,0,0.04827145465507435,Low
9199-PWQVC,63,One year,DSL,79.7,4786.15,0,0.048239728310541116,Low
0056-EPFBG,20,Two year,DSL,39.4,825.4,0,0.048198579726758416,Low
7554-NEWDD,10,Two year,No,25.7,251.6,0,0.048189395351187395,Low
6211-WWLTF,63,Two year,Fiber optic,99.7,6330.4,0,0.04812089832520069,Low
1131-ALZWV,24,One year,No,24.6,605.25,0,0.048110716170746665,Low
1455-HFBXA,52,Two year,Fiber optic,91.6,4627.8,0,0.04806120579675748,Low
4092-OFQZS,20,One year,No,20.65,417.5,0,0.048050357247929,Low
7696-AMHOD,49,One year,DSL,78.0,3824.2,0,0.047988490579939556,Low
2200-DSAAL,68,Two year,DSL,80.65,5330.2,0,0.047981546331272516,Low
1790-NESIO,13,Two year,No,20.4,261.3,0,0.04785212428656381,Low
6543-JXSOO,23,One year,DSL,57.75,1282.85,0,0.04784386075606543,Low
8348-JLBUG,64,One year,Fiber optic,80.3,5017.7,0,0.04784136453785451,Low
2927-CVULT,53,Two year,Fiber optic,104.05,5566.4,0,0.047824846980237326,Low
4174-LPGTI,41,One year,DSL,66.5,2728.6,1,0.0478172115812511,Low
7569-NMZYQ,72,Two year,Fiber optic,118.75,8672.45,0,0.04780882171002082,Low
5887-IKKYO,58,Two year,Fiber optic,94.35,5563.65,0,0.04778287185395065,Low
3043-SUDUA,32,Month-to-month,No,19.9,601.55,0,0.04777407938285172,Low
8746-BFOAJ,21,One year,No,20.5,429.55,0,0.047701747545332275,Low
8085-MSNLK,62,Two year,Fiber optic,113.95,6891.4,0,0.04769238249536442,Low
2039-JONDJ,27,One year,DSL,55.45,1477.65,0,0.04767536906696983,Low
7369-TRPFD,19,One year,No,18.8,279.2,0,0.04767302705312986,Low
9220-ZNKJI,55,Two year,Fiber optic,88.8,4805.3,0,0.04766723832357848,Low
9553-DLCLU,13,Two year,DSL,88.95,1161.75,0,0.047652577572101305,Low
0840-DCNZE,47,One year,DSL,86.95,4138.9,0,0.04760701516903805,Low
0203-HHYIJ,25,One year,No,25.3,676.35,1,0.047554205581412407,Low
7838-LAZFO,45,One year,DSL,78.8,3597.5,0,0.04751813419742029,Low
6176-YJWAS,72,Two year,Fiber optic,97.95,7114.25,0,0.047503421190831466,Low
4359-INNWN,17,One year,No,20.05,337.9,0,0.04736536857632029,Low
0422-OHQHQ,15,One year,No,20.55,295.95,0,0.0473302279971574,Low
9860-LISIZ,34,Month-to-month,No,20.35,673.2,0,0.04729615960829334,Low
6752-APNJL,42,Month-to-month,DSL,54.5,2301.15,0,0.047280716838116056,Low
1099-GODLO,1,Two year,No,20.35,20.35,0,0.04723708042700066,Low
6869-FGJJC,68,One year,Fiber optic,79.6,5461.45,0,0.04720895333994634,Low
1303-SRDOK,55,Two year,Fiber optic,69.05,3842.6,0,0.04719983738106635,Low
5844-QVTAT,33,One year,DSL,58.45,1955.4,0,0.04716952787205749,Low
9534-NSXEM,26,One year,No,20.65,595.5,0,0.047167354512107726,Low
0042-JVWOJ,26,One year,No,19.6,471.85,0,0.04708503059565509,Low
8777-PVYGU,52,One year,DSL,64.3,3410.6,0,0.04696796551031722,Low
3026-ATZYV,37,One year,DSL,75.1,2658.8,0,0.04691796515395726,Low
2223-GDSHL,71,Two year,Fiber optic,116.05,8297.5,0,0.04681773224175216,Low
6509-TSGWN,37,Month-to-month,No,26.45,911.6,0,0.04680104879075303,Low
7813-TKCVO,20,One year,No,20.35,393.15,0,0.046788047982800805,Low
3186-AJIEK,66,Two year,Fiber optic,105.65,6844.5,0,0.046785161567650994,Low
9541-PWTWO,52,Two year,DSL,80.95,4233.95,0,0.04669930139071423,Low
4578-PHJYZ,52,One year,DSL,68.75,3482.85,0,0.04666842913739242,Low
3340-QBBFM,36,One year,DSL,54.1,1992.85,0,0.046657268303597156,Low
1599-MMYRQ,62,One year,Fiber optic,81.45,4983.05,0,0.046626043825516966,Low
3034-ZBEQN,48,One year,DSL,34.7,1604.5,1,0.04655028374041767,Low
2190-PHBHR,72,Two year,Fiber optic,94.45,6921.7,0,0.0465490802277704,Low
4627-MIHJH,69,Two year,Fiber optic,110.25,7467.55,0,0.04651068797172912,Low
3396-DKDEL,70,Two year,Fiber optic,115.15,8250.0,0,0.046280564658720144,Low
4717-GHADL,50,Two year,DSL,79.6,4024.2,0,0.046240161051411245,Low
3795-CAWEX,70,Two year,Fiber optic,116.55,8152.3,0,0.046238327633761234,Low
2054-PJOCK,60,One year,DSL,80.55,4847.05,0,0.04619716195415084,Low
7244-QWYHG,50,One year,DSL,44.45,2188.45,0,0.0461796975650187,Low
4884-TVUQF,57,Two year,Fiber optic,101.3,5779.6,0,0.0461637991975683,Low
5546-BYZSM,41,Month-to-month,No,20.45,775.6,0,0.04615366262477736,Low
8106-GWQOK,38,Two year,DSL,60.0,2193.2,0,0.04610660508428274,Low
5989-AXPUC,68,Two year,Fiber optic,118.6,7990.05,0,0.046073597595436416,Low
5312-TSZVC,15,One year,No,19.65,270.6,0,0.0459318685858845,Low
4086-ATNFV,34,One year,DSL,60.8,2042.05,0,0.045923646878071364,Low
1036-GUDCL,60,Month-to-month,DSL,79.05,4663.4,0,0.0458402616494503,Low
4378-MYPGO,68,Two year,Fiber optic,105.25,7173.15,0,0.04583624752737917,Low
2320-TZRRH,20,One year,No,19.5,403.15,0,0.04578760544130585,Low
9207-ZPANB,37,One year,DSL,67.45,2443.3,0,0.04575295703741728,Low
7325-ENZFI,39,One year,DSL,40.3,1630.4,0,0.045740866345432486,Low
7196-LIWRH,6,Two year,No,19.55,124.45,0,0.045676415607934125,Low
1488-PBLJN,72,Two year,Fiber optic,116.85,8477.7,0,0.045570264426140226,Low
6007-TCTST,72,Two year,Fiber optic,115.8,8476.5,0,0.04550516469801499,Low
5575-GNVDE,34,One year,DSL,56.95,1889.5,0,0.045488305467729515,Low
5917-HBSDW,37,Month-to-month,No,19.35,683.75,0,0.04545048815118369,Low
2073-QBVBI,41,One year,DSL,35.45,1391.65,0,0.04539410568954149,Low
3726-TBHQT,71,Two year,Fiber optic,114.0,8175.9,0,0.0453930428075451,Low
5965-GGPRW,72,Two year,Fiber optic,105.25,7609.75,0,0.04537144753711834,Low
9027-TMATR,43,Two year,DSL,78.8,3460.3,0,0.04533652921017207,Low
0269-XFESX,23,One year,No,24.35,538.5,0,0.04507835673769464,Low
0013-SMEOE,71,Two year,Fiber optic,109.7,7904.25,0,0.04506449538481182,Low
3258-ZKPAI,72,Two year,Fiber optic,116.6,8337.45,0,0.0449926826405504,Low
7527-QNRUS,17,Two year,No,25.15,412.6,0,0.04498882624029264,Low
4376-KFVRS,72,Two year,Fiber optic,114.05,8468.2,0,0.04496989120290942,Low
0675-NCDYU,72,Two year,Fiber optic,116.4,8543.25,0,0.044954854817166184,Low
2453-SAFNS,54,One year,DSL,72.1,3886.05,0,0.04487312305321003,Low
3546-GHEAE,7,Two year,No,19.45,165.35,0,0.04478690966194812,Low
5855-EIBDE,49,Two year,Fiber optic,106.65,5174.35,0,0.044762222001420326,Low
6114-TCFID,29,One year,DSL,39.5,1082.75,0,0.044718500841454845,Low
2829-HYVZP,29,One year,No,19.8,572.2,0,0.04463833615683591,Low
7005-CYUIL,71,Two year,Fiber optic,99.4,7168.25,0,0.044621246233607595,Low
3214-IYUUQ,61,One year,Fiber optic,93.7,5860.7,0,0.04452459370668348,Low
7472-EQOAV,71,One year,Fiber optic,86.7,6179.35,0,0.044512540078277256,Low
5756-OZRIO,61,One year,DSL,64.05,3902.6,0,0.04451236905564715,Low
9313-CDOGY,38,Month-to-month,No,19.6,717.3,0,0.044504922195765316,Low
5375-XLDOF,69,Two year,Fiber optic,114.35,7665.8,0,0.04447860085827991,Low
3617-XLSGQ,66,Two year,Fiber optic,109.25,7082.5,0,0.044376765214717236,Low
5061-PBXFW,32,Month-to-month,DSL,61.4,1864.65,0,0.04434083219999525,Low
6598-KELSS,50,One year,DSL,43.05,2208.05,0,0.04432319114668478,Low
9959-WOFKT,71,Two year,Fiber optic,106.7,7382.25,0,0.044235306606382266,Low
2245-ADZFJ,31,Two year,DSL,80.55,2471.6,0,0.044214091254398034,Low
9867-JCZSP,17,One year,No,20.75,418.25,0,0.044107300843255245,Low
1904-WAJAA,24,Two year,DSL,64.35,1558.65,0,0.044096962952248506,Low
9891-NQDBD,28,One year,No,25.55,672.2,0,0.04409629650840517,Low
4664-NJCMS,33,Two year,DSL,59.55,2016.3,0,0.04407107814536814,Low
0017-IUDMW,72,Two year,Fiber optic,116.8,8456.75,0,0.044065201348133305,Low
9742-XOKTS,67,One year,Fiber optic,89.55,6038.55,0,0.043953127320186684,Low
8996-ZROXE,57,One year,DSL,53.5,3035.8,0,0.043896435607913065,Low
4778-IZARL,63,Two year,Fiber optic,110.1,6705.7,0,0.04386937434421441,Low
3810-DVDQQ,72,Two year,Fiber optic,117.6,8308.9,0,0.04382582639936081,Low
6670-MFRPK,69,Two year,Fiber optic,79.2,5420.65,0,0.043775335931124336,Low
7839-NUIAA,61,Month-to-month,DSL,59.8,3641.5,0,0.04376123821209927,Low
7321-ZNSLA,13,Two year,DSL,40.55,590.35,0,0.04372051013007154,Low
1623-NLDOT,42,One year,DSL,33.55,1445.3,1,0.043646335855050275,Low
1401-FTHFQ,23,One year,No,20.0,445.3,0,0.043608734716786175,Low
7995-ZHHNZ,42,One year,DSL,56.1,2386.85,0,0.04360159927989659,Low
9000-PLFUZ,60,Two year,DSL,49.45,2907.55,0,0.04349212595851672,Low
9046-DQMTP,35,Month-to-month,No,20.75,739.9,0,0.043434243811464227,Low
9625-QNLUX,68,Two year,Fiber optic,103.25,7074.4,0,0.04342272477397027,Low
1178-PZGAB,19,One year,No,20.25,383.65,0,0.043348818833569495,Low
7605-BDWDC,31,Two year,DSL,49.85,1520.1,0,0.04332851460757734,Low
9236-NDUCW,21,Two year,DSL,35.1,770.4,0,0.04326535912127072,Low
8024-XNAFQ,72,Two year,Fiber optic,107.4,7748.75,0,0.04322691448820099,Low
5003-OKNNK,15,One year,No,20.35,335.95,0,0.043191263307731396,Low
1576-PFZIW,70,Two year,Fiber optic,105.35,7511.9,0,0.04314818879155765,Low
6682-VCIXC,43,One year,DSL,51.25,2151.6,0,0.04312492604534821,Low
3892-NXAZG,72,Two year,Fiber optic,114.05,8289.2,0,0.04310780567532435,Low
5847-MXBEO,22,One year,No,20.3,475.1,0,0.04306830004679769,Low
1407-DIGZV,3,Two year,No,19.1,52.0,0,0.043018672689343625,Low
6859-QNXIQ,72,Two year,Fiber optic,113.1,8248.5,0,0.04299224329983246,Low
2361-FJWNO,40,One year,DSL,36.0,1382.9,0,0.042969232212970145,Low
7951-VRDVK,36,One year,DSL,85.85,3003.55,0,0.042912167177320146,Low
1352-HNSAW,72,Two year,Fiber optic,115.6,8220.4,0,0.04282450820832434,Low
1725-IQNIY,54,Two year,Fiber optic,109.75,6110.2,1,0.042737970788926355,Low
1298-PHBTI,71,Two year,Fiber optic,84.8,6152.4,0,0.04268935396600217,Low
9955-QOPOY,69,One year,DSL,60.8,4263.4,0,0.04262050793818024,Low
0868-VJRDR,64,Two year,Fiber optic,104.05,6605.55,0,0.04255467345739119,Low
8022-BECSI,22,One year,No,19.6,422.5,0,0.042503125253889086,Low
0197-PNKNK,69,One year,Fiber optic,84.45,5848.6,0,0.04231704324851967,Low
6584-VQMYT,27,One year,DSL,56.2,1567.55,0,0.0422556699326511,Low
3870-SPZSI,70,Two year,Fiber optic,113.05,7869.05,0,0.042200939361681684,Low
8166-ZZTFS,66,Two year,DSL,80.55,5265.1,1,0.04213867834266243,Low
4115-BNPJY,29,Two year,DSL,75.55,2054.4,0,0.04211516475080928,Low
3410-YOQBQ,31,Two year,DSL,79.2,2497.2,0,0.04209687458534986,Low
0754-EEBDC,4,Two year,No,19.9,76.65,0,0.04205815557722706,Low
1555-DJEQW,70,Two year,Fiber optic,114.2,7723.9,1,0.04201419860056959,Low
8388-DMKAE,8,Two year,No,20.25,174.65,0,0.04186380891533418,Low
7037-MTYVW,38,Two year,DSL,85.4,3297.0,0,0.04181066428275779,Low
2706-QZIHY,15,Two year,No,25.2,387.9,0,0.04177245896542834,Low
7030-FZTFM,72,Two year,Fiber optic,110.9,7922.75,0,0.04176804042284373,Low
9030-QGZNL,8,Two year,No,20.85,161.65,0,0.041762592039702645,Low
6527-PZFPV,24,One year,No,20.8,469.65,0,0.041760215700297566,Low
5791-KAJFD,56,One year,DSL,68.75,3808.0,0,0.04165032223175199,Low
1069-QJOEE,25,One year,No,19.9,505.45,0,0.0416023511565909,Low
1936-CZAKF,49,Two year,DSL,49.65,2409.9,0,0.041540565739611235,Low
2017-CCBLH,8,Two year,No,20.0,141.6,0,0.04152602763134349,Low
7375-WMVMT,71,Two year,Fiber optic,95.5,6707.15,0,0.041482808635574506,Low
7710-JSYOA,69,Two year,Fiber optic,93.3,6398.05,0,0.041475086446036466,Low
3520-FJGCV,72,Two year,Fiber optic,112.6,8126.65,0,0.04141492112308242,Low
0254-KCJGT,52,One year,DSL,81.4,4354.45,0,0.04141238775142469,Low
4942-VZZOM,64,One year,DSL,66.15,4392.5,0,0.04136931669247971,Low
0679-TDGAK,50,One year,DSL,75.5,4025.6,0,0.041368792971298245,Low
8498-XXGWA,65,Month-to-month,DSL,55.15,3673.15,0,0.041332727537184075,Low
6478-HRRCZ,32,One year,DSL,70.5,2201.75,0,0.04129038630736035,Low
5186-PEIZU,35,Month-to-month,No,19.25,617.65,0,0.041264386169972564,Low
0022-TCJCI,45,One year,DSL,62.7,2791.5,1,0.041256213579591784,Low
4304-TSPVK,68,Two year,Fiber optic,114.9,7843.55,0,0.0412349021472964,Low
8915-NNTRC,72,Two year,Fiber optic,107.7,7919.8,0,0.041229636178982294,Low
9150-KPBJQ,6,Two year,No,19.65,116.85,0,0.04122201112921495,Low
9053-JZFKV,67,Two year,Fiber optic,116.2,7752.3,1,0.04118003092221336,Low
1682-VCOIO,23,One year,No,20.45,481.1,0,0.041033489125884136,Low
9289-LBQVU,64,One year,DSL,70.15,4480.7,0,0.04102558389628113,Low
8884-MRNSU,17,One year,No,19.9,329.75,0,0.04097894195095766,Low
7691-KGKGP,53,Month-to-month,DSL,65.0,3363.8,0,0.040977083516961416,Low
9680-NIAUV,72,Two year,Fiber optic,109.7,8129.3,0,0.04095663095408282,Low
8883-ANODQ,68,Two year,Fiber optic,84.4,5746.75,0,0.040865217064514854,Low
9209-NWPGU,44,One year,DSL,65.4,2774.55,0,0.040846636861236546,Low
0266-GMEAO,72,Two year,Fiber optic,114.3,8058.55,0,0.040828008686973685,Low
5995-WWKKG,37,One year,No,19.8,695.05,0,0.040778307308657294,Low
5862-BRIXZ,46,Two year,DSL,60.75,2893.4,0,0.04068490991856666,Low
7929-SKFGK,70,Two year,Fiber optic,114.3,8244.3,0,0.04067161288305645,Low
7319-ZNRTR,25,One year,No,19.6,411.15,0,0.040669624798757964,Low
2348-KCJLT,44,One year,DSL,61.5,2722.2,0,0.04063492782291853,Low
7730-CLDSV,72,Two year,Fiber optic,98.65,7129.45,0,0.04062071819942692,Low
3422-WJOYD,28,One year,DSL,54.35,1426.45,0,0.04055142978703747,Low
5474-LAMUQ,24,One year,No,20.1,533.9,0,0.04043306018160488,Low
4513-CXYIX,71,Two year,Fiber optic,80.7,5676.0,0,0.040427191778752564,Low
1094-BKOSX,45,One year,DSL,51.0,2264.5,0,0.0404137097604641,Low
8738-JOKAR,42,One year,DSL,67.7,2882.25,0,0.04037840227025725,Low
6194-HBGQN,51,One year,DSL,81.15,4126.2,0,0.04029525779522497,Low
1734-ZMNTZ,11,Two year,No,25.0,300.7,0,0.040274793904026406,Low
2580-ASVVY,37,Two year,DSL,45.4,1593.1,0,0.0402721263993332,Low
1222-KJNZD,40,Month-to-month,No,20.4,745.3,0,0.04017019968826,Low
9619-GSATL,43,One year,DSL,55.45,2444.25,0,0.040166084068391505,Low
8748-HFWBO,19,One year,No,19.9,357.7,0,0.040128016802445314,Low
3134-DSHVC,63,Two year,Fiber optic,98.0,6218.45,0,0.040116388105802474,Low
2197-OMWGI,68,Two year,DSL,53.0,3656.25,0,0.040062908176057475,Low
8763-KIAFH,27,One year,No,20.55,583.3,0,0.040003287792059784,Low
1561-BWHIN,19,One year,No,19.8,344.5,0,0.039998160681718166,Low
2061-VVFST,37,Month-to-month,No,19.5,805.2,0,0.0399570935891369,Low
0946-FKYTX,52,One year,DSL,30.1,1623.4,0,0.03994901960508769,Low
1821-BUCWY,30,Two year,DSL,55.65,1653.85,0,0.039936593195626216,Low
3482-ABPKK,28,One year,DSL,54.3,1546.3,0,0.039926324122524594,Low
7338-ERIVA,39,One year,DSL,45.05,1790.6,0,0.03992339560853423,Low
8400-WZICQ,55,Month-to-month,DSL,55.7,3131.8,0,0.039837848303614525,Low
2325-ZUSFD,57,One year,DSL,70.1,3913.3,1,0.03983683338908775,Low
2085-JVGAD,37,Month-to-month,No,20.35,697.65,0,0.03980313807468324,Low
5641-DMBFJ,58,Two year,DSL,84.3,4916.4,0,0.039798033365115164,Low
7520-HQWJU,66,Month-to-month,DSL,67.45,4508.65,0,0.03974858742474042,Low
6339-TBELP,71,Two year,Fiber optic,86.4,6172.0,0,0.039718021829558865,Low
9758-MFWGD,48,One year,DSL,29.9,1388.75,0,0.03971757719880302,Low
1282-IHQAC,70,One year,DSL,44.05,3011.65,0,0.039552646408933335,Low
4803-LBYPN,34,Month-to-month,No,20.8,635.9,0,0.03951214728100615,Low
6016-LVTJQ,34,Month-to-month,No,20.65,716.4,0,0.0394414923393167,Low
4957-TIALW,15,One year,DSL,65.6,1010.0,0,0.03943775507016597,Low
3717-FDJFU,5,Two year,No,20.45,106.9,0,0.03939334052935749,Low
5204-HMGYF,49,One year,DSL,87.2,4345.0,0,0.03931720335188843,Low
6100-FJZDG,26,One year,No,20.05,505.9,0,0.03918522991552397,Low
4854-SSLTN,2,Two year,DSL,59.5,130.5,0,0.039175699994590835,Low
0859-YGKFW,18,One year,No,20.05,345.9,0,0.0391330293214087,Low
4685-TFLLS,18,One year,No,19.8,342.3,0,0.03908884549288565,Low
9746-UGFAC,22,One year,No,20.85,450.65,0,0.03903345004314975,Low
3230-JCNZS,71,Two year,Fiber optic,99.0,7061.65,0,0.0389969259313108,Low
8639-NHQEI,72,Two year,Fiber optic,95.9,6954.15,0,0.03898507142483791,Low
8480-PPONV,62,Two year,Fiber optic,115.55,7159.05,0,0.03897296272671667,Low
2188-SXWVT,34,One year,DSL,55.0,1885.15,0,0.038957443352512604,Low
3778-FOAQW,24,One year,No,20.15,456.85,0,0.03888801652503317,Low
0906-QVPMS,72,Two year,Fiber optic,115.15,8349.45,0,0.03885931682828375,Low
3125-RAHBV,22,One year,No,20.3,467.15,0,0.03885038245205564,Low
4973-RLZVI,30,One year,DSL,74.65,2308.6,0,0.03869501744813502,Low
9702-AIUJO,50,One year,DSL,44.8,2230.85,0,0.038688030940617964,Low
9802-CAQUT,72,Two year,Fiber optic,109.55,7887.25,0,0.03866407883327196,Low
5149-QYTTU,71,One year,Fiber optic,95.15,6770.85,0,0.0386032426524693,Low
2933-XEUJM,46,Two year,DSL,79.2,3593.8,0,0.03858358993014132,Low
3258-SYSWS,72,Two year,Fiber optic,113.8,7845.8,0,0.0385351747376183,Low
1937-OTUKY,72,Two year,Fiber optic,98.2,7015.9,0,0.038534270706971845,Low
7833-PKIHD,51,One year,DSL,76.4,3966.3,0,0.03844720265847279,Low
3508-CFVZL,71,Two year,Fiber optic,111.3,7985.9,0,0.03840456880594791,Low
9648-BCHKM,18,Two year,No,24.65,471.35,0,0.03839680303840145,Low
9174-IHETN,50,Two year,Fiber optic,70.35,3533.6,0,0.038330246875983014,Low
6726-NNFWD,71,Two year,Fiber optic,89.45,6435.25,0,0.0383031123180358,Low
4611-ANLQC,60,One year,DSL,50.05,2911.5,0,0.03823622921171689,Low
5468-BPMMO,46,Month-to-month,No,19.6,851.2,0,0.0382006539893522,Low
0253-ZTEOB,48,Two year,DSL,79.65,3870.3,0,0.0381944631250151,Low
6368-TZZDT,4,Two year,No,19.5,96.85,0,0.038173155054376684,Low
4135-FRWKJ,55,One year,DSL,76.25,4154.55,0,0.03807797593670438,Low
6034-ZRYCV,72,Two year,DSL,54.2,3937.45,1,0.03802598324015992,Low
6064-PUPMC,23,One year,DSL,57.2,1423.35,0,0.038018839760780514,Low
7359-WWYJV,72,Two year,Fiber optic,114.45,8375.05,0,0.0379581701452039,Low
9347-AERRL,23,One year,No,19.3,486.2,0,0.03794757867645091,Low
9867-XOBQA,21,Two year,DSL,53.15,1183.2,0,0.03794510121854657,Low
7672-VFMXZ,57,Month-to-month,DSL,55.7,3171.6,0,0.037936723051083865,Low
1354-YZFNB,4,Two year,No,19.55,68.8,0,0.03792153620591179,Low
2773-MADBQ,36,Two year,DSL,53.1,1901.25,0,0.0379026848799669,Low
6990-YNRIO,65,Two year,Fiber optic,108.65,6937.95,1,0.03786088086042829,Low
0516-VRYBW,18,One year,No,20.15,390.85,1,0.037855282484911316,Low
0234-TEVTT,48,One year,DSL,45.0,2196.3,0,0.0377932116418023,Low
8007-YYPWD,15,Two year,No,25.05,369.1,0,0.03778213134363473,Low
0872-CASZJ,59,One year,DSL,69.1,4096.9,0,0.0377484685372692,Low
8670-MEFCP,36,Two year,DSL,92.9,3379.25,0,0.03772035847673867,Low
3850-OKINF,71,One year,DSL,66.2,4692.55,0,0.037712217648378836,Low
1271-UODNO,39,Two year,DSL,53.85,2200.7,0,0.037663062694458245,Low
3658-QQJYD,62,One year,DSL,74.3,4698.05,0,0.03765476225124653,Low
5020-ZSTTY,54,One year,DSL,82.45,4350.1,1,0.037648130321860096,Low
9108-EQPNQ,10,Two year,No,26.1,225.55,0,0.03763134289869771,Low
8513-OLYGY,72,Two year,Fiber optic,115.8,8332.15,0,0.03762879085765195,Low
7017-VFHAY,61,Two year,Fiber optic,115.1,7008.15,0,0.03760541261952963,Low
9906-NHHVC,65,Two year,DSL,53.5,3517.9,0,0.03760064833096492,Low
2995-YWTCD,19,Two year,No,24.9,467.7,0,0.037561343815557945,Low
0756-MPZRL,46,One year,DSL,33.7,1537.85,0,0.037548866114774676,Low
2138-VFAPZ,14,Two year,No,19.7,263.65,0,0.037548760065858035,Low
4106-HADHQ,39,One year,DSL,80.0,3182.95,1,0.03754855844145383,Low
2587-YNLES,6,Two year,No,20.1,100.35,0,0.03748573785977812,Low
7137-NAXML,23,One year,No,20.15,405.6,0,0.0374692276267986,Low
3727-OWVYD,35,One year,DSL,61.2,2021.2,0,0.037417807857205936,Low
5327-XOKKY,72,Two year,DSL,73.45,5329.0,0,0.037380444663579857,Low
6698-OXETB,11,Two year,No,20.4,231.45,0,0.03728001926092657,Low
3882-IYOIJ,60,Two year,Fiber optic,115.25,6758.45,0,0.03726810700382025,Low
0657-DOGUM,48,One year,DSL,60.6,2985.25,0,0.03724022784297711,Low
8809-XKHMD,72,Two year,Fiber optic,100.55,7325.1,0,0.037208366862791935,Low
5469-NUJUR,19,Two year,No,19.95,373.5,0,0.037152335239317255,Low
6252-DFGTK,37,One year,DSL,68.1,2479.25,0,0.03710572290883073,Low
4500-HKANN,23,Two year,DSL,59.7,1414.2,0,0.03707295453454892,Low
2511-MORQY,50,One year,DSL,54.9,2614.1,0,0.037062684815200794,Low
5762-TJXGK,52,Two year,DSL,58.75,3038.55,0,0.03702330266342782,Low
5306-BVTKJ,48,One year,DSL,55.8,2651.2,0,0.03686673966115184,Low
6047-SUHPR,39,One year,DSL,59.8,2343.85,0,0.036801601842884515,Low
2676-SSLTO,49,Two year,DSL,66.15,3199.0,0,0.03678601915048852,Low
7663-YJHSN,72,Two year,Fiber optic,103.95,7556.9,0,0.03677056866546593,Low
3523-BRGUW,26,One year,No,19.3,504.2,0,0.036697929170735694,Low
8608-OZTLB,38,One year,DSL,74.05,2802.3,0,0.036676291533880565,Low
6374-NTQLP,72,Two year,Fiber optic,104.1,7447.7,0,0.03663795508680403,Low
8454-AATJP,72,Two year,Fiber optic,115.05,8405.0,0,0.03660659690408078,Low
3078-ZKNTS,13,Two year,No,19.75,246.7,0,0.036566387100664434,Low
0487-CRLZF,49,Two year,DSL,74.45,3721.9,0,0.03647101081276395,Low
6481-LXPWL,56,One year,DSL,36.1,1971.5,0,0.03646247710513373,Low
4707-YNOQA,34,One year,No,25.6,917.15,0,0.036263919254983956,Low
8670-ERCJH,72,Two year,Fiber optic,113.4,8164.1,0,0.03625870151789582,Low
8779-YIQQA,21,One year,No,19.8,350.1,0,0.03622626180553919,Low
6848-YLDFR,58,One year,DSL,75.2,4300.8,0,0.03620646725791585,Low
4032-RMHCI,41,One year,DSL,35.4,1412.4,0,0.03615937019522505,Low
5199-FPUSP,33,One year,DSL,34.05,1113.95,0,0.03614825895297691,Low
8314-HTWVE,7,Two year,No,19.85,144.15,0,0.03601198311374404,Low
1834-ABKHQ,52,One year,DSL,50.95,2610.65,0,0.03592068783167228,Low
9777-IQHWP,64,Two year,Fiber optic,93.4,5822.3,0,0.035884499561525875,Low
1936-UAFEH,68,Two year,Fiber optic,110.25,7279.35,0,0.03580680088470411,Low
8571-ZCMCX,47,Two year,DSL,60.0,2768.65,0,0.03579022948556398,Low
5495-GPSRW,20,Two year,No,19.7,419.4,0,0.03570906844705407,Low
7570-WELNY,68,Two year,Fiber optic,84.7,5711.05,0,0.03564975501493581,Low
2632-IVXVF,68,Two year,Fiber optic,111.75,7511.3,0,0.035638362338964544,Low
3985-HOYPM,26,One year,No,19.4,525.55,0,0.035632461707929684,Low
0121-SNYRK,50,One year,DSL,35.4,1748.9,0,0.035499564252464755,Low
1063-DHQJF,69,Two year,Fiber optic,92.15,6480.9,0,0.03542579521911651,Low
8466-PZBLH,67,Two year,Fiber optic,104.6,6885.75,0,0.03539730533859185,Low
3594-BDSOA,24,One year,No,20.4,482.8,0,0.03535882054836904,Low
7619-PLRLP,53,One year,DSL,74.1,3833.95,0,0.03522770208815394,Low
5781-BKHOP,72,Two year,Fiber optic,100.65,7334.05,0,0.0351686034446302,Low
1439-LCGVL,26,One year,No,19.2,459.6,0,0.03515615894493652,Low
0224-NIJLP,8,Two year,No,20.15,165.5,0,0.03515506095985499,Low
5825-XJOCM,48,One year,DSL,64.4,3035.35,0,0.035149366144624765,Low
4632-PAOYU,22,One year,No,19.95,433.5,0,0.03514596899753263,Low
9885-MFVSU,35,Two year,DSL,46.35,1662.05,0,0.035096741838083395,Low
2466-FCCPT,20,One year,No,19.7,395.6,0,0.035062625281578365,Low
2749-CTKAJ,22,One year,No,20.15,419.9,0,0.03503990777666838,Low
7244-KXYZN,24,One year,No,20.45,527.35,0,0.03491486760226867,Low
6352-GIGGQ,67,One year,DSL,88.8,5903.15,0,0.03485823853159265,Low
5647-URDKA,8,Two year,No,19.7,130.25,0,0.03484345175466978,Low
1752-OZXFY,60,One year,DSL,59.8,3561.15,0,0.03482720000065067,Low
5386-THSLQ,66,One year,DSL,45.55,3027.25,0,0.034815795414499646,Low
5055-BRMNE,67,Two year,Fiber optic,106.7,7009.5,0,0.03477013640416623,Low
2789-CZANW,64,Two year,Fiber optic,110.3,6997.3,0,0.034723204299784066,Low
9500-IWPXQ,61,One year,DSL,79.4,4820.55,0,0.03470690737240028,Low
9570-KYEUA,64,Two year,Fiber optic,99.25,6549.45,0,0.03470661007694147,Low
2005-DWQZJ,8,Two year,No,19.05,201.7,0,0.03468667910146314,Low
1022-RKXDR,41,One year,No,24.85,962.25,0,0.034602851422022136,Low
0014-BMAQU,63,Two year,Fiber optic,84.65,5377.8,0,0.034538642588476304,Low
5214-CHIWJ,27,One year,No,20.3,595.05,0,0.03448333424539345,Low
5073-RZGBK,50,One year,DSL,80.05,4042.2,0,0.03445955747318133,Low
2027-DNKIV,37,One year,DSL,58.75,2203.1,0,0.034416379477533655,Low
5197-YPYBZ,12,Two year,No,25.25,274.7,0,0.03439842407970126,Low
2229-DPMBI,8,Two year,No,19.5,162.15,0,0.03437797630205561,Low
3585-YNADK,57,One year,DSL,74.6,4368.95,0,0.034314823787393,Low
9720-JJJOR,41,One year,DSL,60.3,2511.3,0,0.03430360088154824,Low
7876-AEHIG,51,One year,DSL,60.15,3077.0,0,0.03428356883454648,Low
2282-YGNOR,29,One year,DSL,58.0,1734.5,0,0.034258590658023856,Low
8659-IOOPU,71,Two year,Fiber optic,100.45,7159.7,0,0.03418081475469608,Low
6950-TWMYB,54,Two year,Fiber optic,79.95,4362.05,0,0.03417958176405836,Low
5063-IUOKK,13,Two year,No,19.75,265.75,0,0.03396313045703817,Low
6461-PPAXN,35,One year,DSL,54.95,1916.0,0,0.033886666656245706,Low
7994-XIRTR,54,One year,DSL,65.25,3529.95,0,0.03384519426713455,Low
6061-GWWAV,41,One year,DSL,70.2,2894.55,0,0.03380291975116185,Low
5014-GSOUQ,13,Two year,No,19.95,243.65,0,0.03379186048757088,Low
6479-OAUSD,25,One year,No,19.9,510.8,0,0.03374439526117585,Low
1154-HYWWO,38,One year,DSL,70.6,2708.2,0,0.03367513181129063,Low
9424-CMPOG,9,Two year,No,19.6,197.4,0,0.03366272805546449,Low
0378-CJKPV,72,Two year,Fiber optic,112.1,7965.95,0,0.03363579050125435,Low
4709-LKHYG,29,One year,No,20.0,540.05,0,0.033610261670654264,Low
1093-YSWCA,11,Two year,No,19.55,223.15,0,0.033574694304468855,Low
6016-NXBNJ,35,One year,No,19.15,638.0,0,0.03353541858283573,Low
6082-OQFBA,23,One year,No,19.65,436.9,0,0.03343494246882046,Low
9640-ZSLDC,53,One year,DSL,60.6,3297.0,0,0.033434932781419645,Low
9309-BZGNT,69,One year,DSL,29.8,2134.3,0,0.03343388294117741,Low
8311-UEUAB,67,Two year,DSL,75.5,5229.45,0,0.03335346300568684,Low
9577-WJVCQ,68,Month-to-month,DSL,54.45,3687.75,0,0.03329270871974932,Low
3474-BAFSJ,57,Two year,DSL,57.5,3265.95,0,0.03323665129052122,Low
6061-PQHMK,25,One year,No,19.9,527.5,0,0.033179746822141545,Low
9297-FVVDH,57,Two year,DSL,84.5,4845.4,0,0.0331349658743219,Low
6072-NUQCB,22,One year,No,20.25,488.25,0,0.033112550407988814,Low
2055-BFOCC,63,One year,DSL,84.0,5329.55,0,0.03310729643230308,Low
3352-RICWQ,9,Two year,No,19.75,210.65,0,0.03307761140017717,Low
9746-YKGXB,52,One year,DSL,44.25,2276.1,0,0.03307211410937242,Low
6103-QCKFX,44,Month-to-month,DSL,56.25,2419.55,0,0.03304062157187158,Low
4355-HBJHH,67,Two year,DSL,79.7,5293.4,1,0.03303724715267209,Low
7168-HDQHG,36,Month-to-month,No,19.2,702.9,0,0.033002176429667546,Low
1998-VHJHK,27,One year,No,19.15,501.35,0,0.03298231402216084,Low
0942-KOWSM,30,Two year,DSL,80.8,2369.3,0,0.032964899538922274,Low
3926-YZVVX,41,One year,DSL,50.05,2029.05,0,0.032959683687427806,Low
5057-RKGLH,9,Two year,No,20.35,191.1,0,0.032945294424195234,Low
7781-EWARA,70,One year,DSL,60.35,4138.7,0,0.03292735508213192,Low
2321-OMBXY,38,One year,DSL,80.3,3058.65,1,0.03290903660614743,Low
9801-NOSHQ,23,One year,No,19.8,465.45,0,0.03289195662666278,Low
2664-XJZNO,72,Two year,Fiber optic,104.9,7559.55,0,0.03285484075627283,Low
5696-CEIQJ,67,Two year,Fiber optic,103.15,6895.5,0,0.032757573233952814,Low
9184-GALIL,38,Month-to-month,No,20.45,781.25,0,0.0327483028181385,Low
4056-QHXHZ,72,Two year,Fiber optic,107.45,7576.7,0,0.03260924372145104,Low
1245-HARPS,14,Two year,No,20.4,292.4,0,0.03260321919214662,Low
5716-EZXZN,65,Two year,Fiber optic,99.05,6416.7,0,0.03258983620751098,Low
5876-QMYLD,23,One year,No,20.05,415.1,0,0.03258854677297617,Low
3298-QEICA,23,Two year,DSL,34.6,813.45,0,0.03256840552436829,Low
5245-VDBUR,52,One year,DSL,35.45,1958.95,0,0.032568304370512204,Low
8292-FRFZQ,39,One year,DSL,41.15,1700.9,0,0.03233262753878708,Low
9225-BZLNZ,72,Two year,DSL,85.25,6083.1,0,0.03229993908910105,Low
5574-NXZIU,63,Two year,Fiber optic,109.2,7049.75,0,0.032260875521691004,Low
9739-JLPQJ,72,Two year,Fiber optic,117.5,8670.1,0,0.0322094356488292,Low
8966-OIQHG,22,One year,No,20.75,452.35,0,0.032168950148903565,Low
2683-JXWQQ,61,Month-to-month,DSL,33.6,2117.2,0,0.03210432690079219,Low
7247-XOZPB,53,One year,DSL,77.4,4155.95,0,0.032049506844742184,Low
4636-OLWOE,54,One year,DSL,61.0,3283.05,0,0.031976869037251845,Low
7337-CINUD,8,Two year,No,19.5,159.35,0,0.031934125675466246,Low
7690-KPNCU,64,One year,DSL,73.05,4688.65,0,0.031893188144888854,Low
8194-PEEBY,24,One year,No,19.9,533.5,0,0.03186845941189236,Low
0320-DWVTU,53,Two year,Fiber optic,99.5,5424.25,0,0.03183551170270619,Low
1834-WULEG,24,One year,No,20.25,439.75,0,0.03183199988467464,Low
2150-OEGBV,27,One year,No,20.1,562.6,0,0.031798776375597755,Low
7639-LIAYI,52,Two year,DSL,79.75,4217.8,0,0.031727954307582545,Low
4795-UXVCJ,26,One year,No,19.8,457.3,0,0.03167232227467653,Low
8821-KVZKQ,70,One year,DSL,58.4,4113.15,0,0.03165837479257062,Low
3057-VJJQE,35,Two year,DSL,55.25,1924.1,0,0.0316442399223127,Low
2904-GGUAZ,72,Two year,Fiber optic,84.05,6052.25,0,0.03158914985004077,Low
1494-EJZDW,10,Two year,No,20.15,220.8,0,0.031539322461280106,Low
1839-UMACK,42,One year,No,25.05,949.85,0,0.031458390529335634,Low
8148-WOCMK,8,Two year,No,19.6,125.0,0,0.03142142553441572,Low
2335-GSODA,23,Two year,DSL,40.1,857.75,0,0.031410874995344285,Low
5110-CHOPY,60,Two year,DSL,53.6,3237.05,0,0.0312710102269846,Low
5161-UBZXI,69,Two year,Fiber optic,106.35,7261.75,0,0.031232428884147276,Low
7109-CQYUZ,52,Two year,DSL,89.25,4652.4,0,0.031202772763776764,Low
6161-ERDGD,71,One year,DSL,85.45,6300.85,0,0.031169763004044494,Low
1897-RCFUM,39,One year,No,24.2,914.6,0,0.031140526803274095,Low
6122-EFVKN,24,Two year,DSL,35.75,830.8,0,0.03105487609601754,Low
3655-SNQYZ,69,Two year,Fiber optic,113.25,7895.15,0,0.030990218997283624,Low
6754-LZUKA,61,Two year,DSL,80.9,4932.5,0,0.030954686293161424,Low
8207-DMRVL,72,Two year,Fiber optic,114.55,8306.05,0,0.030930662774017934,Low
1929-ZCBHE,47,One year,DSL,40.3,1794.8,0,0.03087061146133259,Low
3442-ZHHCC,68,One year,DSL,76.9,5023.0,0,0.03080172514029324,Low
3506-OVLKD,35,One year,No,26.2,954.9,0,0.030796711074399626,Low
6556-DBKZF,71,Two year,Fiber optic,76.05,5436.45,0,0.030781125192924506,Low
8668-KNZTI,52,One year,DSL,53.75,2790.65,0,0.0307771361191787,Low
0083-PIVIK,64,One year,DSL,81.25,5567.55,0,0.030710231276042197,Low
7277-KAMWT,13,Two year,No,20.0,268.45,0,0.030695109774112654,Low
1872-EBWSC,29,One year,No,20.35,617.35,0,0.030692624029345233,Low
1552-TKMXS,42,Month-to-month,No,20.35,869.9,0,0.030678865592905995,Low
3308-JSGML,59,Two year,DSL,64.05,3886.85,0,0.03065937562840041,Low
8873-TMKGR,29,One year,No,19.1,529.5,0,0.030646403840316513,Low
9178-JHUVJ,24,Two year,No,24.1,587.4,0,0.030645982400695847,Low
0486-LGCCH,11,Two year,No,19.65,225.75,0,0.030637535586800553,Low
2984-TBYKU,72,Two year,Fiber optic,104.9,7732.65,0,0.030632422257951965,Low
6518-KZXCB,22,Two year,No,25.25,566.5,0,0.030576507856113776,Low
9224-VTYID,47,Two year,DSL,90.5,4318.35,0,0.030571805883277542,Low
4716-MRVEN,29,One year,No,20.0,599.3,0,0.030548330717206137,Low
4452-ROHMO,15,Two year,No,19.6,331.6,0,0.03053813907052833,Low
5322-TEUJK,71,Two year,Fiber optic,114.6,8100.25,0,0.030330546989791807,Low
4950-HKQTE,22,Two year,No,26.25,605.9,0,0.030260786661546638,Low
3392-EHMNK,67,Two year,Fiber optic,94.1,6302.8,0,0.030248481085494962,Low
7632-YUTXB,25,One year,No,20.05,520.1,0,0.030205258884667404,Low
5519-TEEUH,33,One year,No,20.15,682.15,0,0.030188628921566558,Low
1982-FEBTD,23,Two year,No,25.6,514.75,0,0.030186722135191465,Low
8908-SLFCJ,21,Two year,No,20.85,435.25,0,0.030177350033757475,Low
6691-CCIHA,62,Two year,DSL,84.95,5150.55,0,0.030168109236211167,Low
6754-WKSHP,30,One year,No,25.35,723.3,0,0.03013726320651058,Low
6827-IEAUQ,27,One year,DSL,66.15,1874.45,0,0.03003219553817964,Low
2703-AMTUL,36,One year,DSL,53.65,1939.35,0,0.029964829692852576,Low
0248-PGHBZ,67,Two year,Fiber optic,92.45,6140.85,0,0.02991846590430588,Low
9560-BBZXK,36,Two year,DSL,31.05,1126.35,0,0.029910819701676302,Low
9258-CNWAC,71,Two year,Fiber optic,113.65,8166.8,0,0.02990506720741451,Low
9194-GFVOI,42,Two year,DSL,84.35,3571.6,0,0.029894979857941525,Low
6013-BHCAW,61,Two year,DSL,81.0,4976.15,0,0.02984115955853733,Low
7026-YMSBE,30,One year,No,19.7,625.05,0,0.02982899910691405,Low
1431-AIDJQ,33,Two year,DSL,82.1,2603.1,0,0.029759486563153564,Low
4393-GEADV,70,Two year,Fiber optic,114.75,7842.3,0,0.029755351089942962,Low
7581-EBBOU,60,One year,DSL,70.15,4224.7,0,0.02960410917150104,Low
4877-TSOFF,55,One year,DSL,75.75,4264.25,0,0.029546941841876537,Low
3705-PSNGL,45,One year,No,20.4,930.45,1,0.029456488120084952,Low
1206-EHBDD,56,Two year,Fiber optic,80.3,4513.65,0,0.029445595940825145,Low
2040-XBAVJ,72,Two year,Fiber optic,114.45,8100.55,0,0.02944086773129343,Low
6901-GOGZG,60,Two year,DSL,84.95,4984.85,0,0.029380591504789895,Low
5442-PPTJY,12,Two year,No,19.7,258.35,0,0.029355619889247734,Low
1452-UZOSF,72,Two year,Fiber optic,106.1,7548.6,0,0.02935412370385502,Low
6229-UOLQL,56,One year,DSL,52.0,2884.9,0,0.029351187239588298,Low
9530-GRMJG,70,Two year,DSL,84.1,5979.7,0,0.029345708999236938,Low
9227-UAQFT,16,Two year,No,19.75,284.35,0,0.02931617302536491,Low
9531-NSBMR,36,One year,No,19.25,679.8,0,0.02931400181388716,Low
0181-RITDD,62,Two year,Fiber optic,108.15,6825.65,0,0.02928798988008863,Low
4304-XUMGI,50,Two year,DSL,75.15,3822.45,0,0.029253394467556225,Low
3982-JGSFD,36,One year,No,20.35,695.85,0,0.02922549218193642,Low
0810-DHDBD,52,One year,DSL,74.0,3877.65,0,0.02919683879957151,Low
1092-WPIVQ,18,Two year,No,25.1,428.45,0,0.029185142232078326,Low
5256-SKJGO,64,Two year,DSL,54.6,3423.5,0,0.02917826278969085,Low
4322-RCYMT,68,One year,DSL,75.8,5293.95,1,0.029154443158497956,Low
3181-VTHOE,70,One year,DSL,51.05,3635.15,0,0.029110333113103033,Low
6823-SIDFQ,28,One year,No,18.25,534.7,0,0.029110128190859536,Low
3841-NFECX,71,Two year,Fiber optic,96.35,6766.95,0,0.02896184033105223,Low
0835-DUUIQ,24,One year,No,21.05,531.55,0,0.02895425665405461,Low
1642-HMARX,68,Two year,DSL,91.7,6424.7,0,0.02894906171351089,Low
3831-YCPUO,72,Two year,Fiber optic,109.5,7854.9,0,0.028901272296979644,Low
1053-MXTTK,72,Two year,Fiber optic,108.65,7726.35,0,0.028822359196200624,Low
7795-CFOCW,45,One year,DSL,42.3,1840.75,0,0.02881840357434586,Low
7446-SFAOA,37,One year,No,19.85,717.5,0,0.02880580954570193,Low
4648-YPBTM,53,Two year,DSL,73.9,3958.25,0,0.02878925887081875,Low
2057-BOYKM,72,Two year,Fiber optic,96.6,6827.5,0,0.02876559271058507,Low
4994-OBRSZ,14,Two year,DSL,76.1,1054.8,0,0.028642237332390855,Low
7322-OCWHC,72,Two year,Fiber optic,93.05,6735.05,0,0.0286172563018388,Low
5232-NXPAY,47,Two year,DSL,74.45,3510.3,0,0.02858945946672255,Low
6519-ZHPXP,72,Two year,Fiber optic,108.3,7679.65,0,0.028489969642024833,Low
7636-PEPNS,58,One year,DSL,44.1,2413.05,0,0.028416176759218356,Low
9782-LGXMC,49,Month-to-month,DSL,61.75,3024.15,0,0.028369973814744702,Low
5906-DVAPM,55,One year,DSL,75.0,4213.9,0,0.0283369724742906,Low
3458-IDMFK,25,Two year,No,20.75,499.4,0,0.028307776005270204,Low
5820-PTRYM,56,One year,DSL,68.45,4014.0,0,0.028302751243807812,Low
4859-ZSRDZ,58,Two year,DSL,55.5,3166.9,0,0.028283124334880182,Low
3266-FTKHB,17,Two year,No,19.15,343.45,0,0.028246860425942204,Low
4111-BNXIF,67,Two year,DSL,59.55,4103.9,0,0.028209377427514396,Low
6447-EGDIV,31,One year,No,20.95,683.25,0,0.028196895742472902,Low
5127-BZENZ,56,One year,DSL,65.2,3512.15,0,0.02819181744146378,Low
3129-AAQOU,19,Two year,No,25.6,485.9,0,0.028143728002121195,Low
2650-GYRYL,33,One year,No,19.45,600.25,0,0.028138031789719003,Low
6736-DHUQI,67,One year,Fiber optic,84.8,5598.3,0,0.02803613495466338,Low
5906-CVLHP,45,One year,DSL,54.15,2319.8,1,0.027879637952824846,Low
9018-PCIOK,55,Two year,DSL,64.75,3617.1,0,0.027862657133901274,Low
4835-YSJMR,39,Two year,DSL,49.8,1971.15,0,0.02785328208735276,Low
2999-AANRQ,21,Two year,DSL,71.05,1524.85,0,0.027842415050101557,Low
6693-DJWTY,35,One year,DSL,55.6,2016.45,0,0.027784563286277045,Low
3525-DVKFN,17,Two year,No,19.4,358.05,0,0.027765269139655654,Low
0536-ESJEP,54,Two year,DSL,74.55,4191.45,0,0.027691982049194354,Low
8871-JLMHM,68,Two year,Fiber optic,90.2,6297.65,0,0.027675592918093846,Low
5917-RYRMG,32,One year,No,19.8,587.7,0,0.02766580515835176,Low
3891-NLXJB,37,Two year,DSL,40.55,1390.85,0,0.02766449759943452,Low
6463-HHXJR,71,Two year,Fiber optic,100.5,7030.65,0,0.02765840220575887,Low
7471-MQPOS,71,One year,DSL,72.9,5139.65,0,0.027596547935145762,Low
1032-MAELW,68,One year,DSL,78.45,5333.35,0,0.02751588633970007,Low
1843-TLSGD,13,Two year,No,20.85,272.35,0,0.027452440782846064,Low
5840-NVDCG,16,Two year,DSL,68.25,1114.85,0,0.027446602207444253,Low
9926-PJHDQ,72,Two year,DSL,76.8,5468.45,0,0.027429045599990834,Low
5170-PTRKA,49,One year,DSL,35.8,1782.0,0,0.027406007051479095,Low
0854-UYHZD,13,Two year,No,19.55,265.3,0,0.02736634784369377,Low
1023-BQXZE,57,Two year,DSL,74.35,4317.35,0,0.027346854801725065,Low
7305-ZWMAJ,30,One year,No,20.7,587.1,0,0.02734312105007891,Low
6828-HMKWP,12,Two year,No,21.05,262.05,0,0.027342388513025274,Low
8259-DZLIZ,64,One year,DSL,53.85,3399.85,0,0.02727557535717499,Low
0219-QAERP,30,One year,No,19.8,576.65,0,0.027247217539366413,Low
6188-UXBBR,38,One year,No,20.25,814.75,0,0.027237076401987977,Low
3812-LRZIR,27,Two year,No,24.5,761.95,0,0.027168043873908622,Low
3605-JISKB,55,One year,DSL,60.0,3316.1,0,0.027125726265103307,Low
1328-EUZHC,18,Two year,No,20.1,370.5,0,0.027121071737397806,Low
5158-RIVOP,11,Two year,No,20.9,202.3,0,0.026965359352711195,Low
9127-QRZMH,44,One year,DSL,59.85,2603.95,0,0.026946008349654667,Low
0191-EQUUH,25,Two year,DSL,35.05,844.45,0,0.026929886797072616,Low
7173-TETGO,72,Two year,Fiber optic,78.5,5602.25,0,0.026876897877468133,Low
0164-XAIRP,24,Two year,No,19.55,470.2,0,0.026870788316317788,Low
0945-TSONX,47,Two year,DSL,85.3,4107.25,0,0.02686267115609669,Low
5871-DGTXZ,32,One year,No,19.8,607.7,0,0.026843554332498656,Low
6719-FGEDO,72,Two year,Fiber optic,97.0,7104.2,0,0.026804625368739683,Low
5914-GXMDA,32,One year,No,19.3,593.2,0,0.02680233186104738,Low
4115-UMJFQ,69,One year,DSL,35.75,2492.25,0,0.026763967414870964,Low
3133-PZNSR,72,Two year,Fiber optic,97.75,6991.6,0,0.026756548264785573,Low
6559-ILWKJ,71,Two year,DSL,49.35,3515.25,1,0.026751249377333128,Low
8165-CBKXO,66,Two year,DSL,56.75,3708.4,0,0.026741543418653327,Low
1776-SPBWV,34,One year,No,20.1,682.1,0,0.026729781577076506,Low
7469-LKBCI,16,Two year,No,18.95,326.8,0,0.02670624525388346,Low
0064-SUDOG,12,Two year,No,20.3,224.5,0,0.026511230601333383,Low
4530-NDRKU,42,One year,No,19.05,761.85,0,0.02649238017001834,Low
3547-LQRIK,47,One year,No,26.9,1250.85,0,0.026366726746417293,Low
2088-IEBAU,68,Two year,DSL,88.15,6148.45,0,0.02635636859259946,Low
4573-JKNAE,12,Two year,No,19.35,212.3,0,0.026339423219451943,Low
0023-UYUPN,50,One year,No,25.2,1306.3,0,0.026281864781504655,Low
8760-ZRHKE,71,One year,DSL,69.2,4982.5,0,0.02627300192983038,Low
9717-IOAAF,27,Two year,No,25.85,788.55,0,0.02626158945337091,Low
2606-PKWJB,40,One year,DSL,40.25,1564.05,0,0.026245127862828135,Low
0853-TWRVK,72,Two year,Fiber optic,105.6,7581.5,0,0.02619932816580379,Low
4163-NCJAK,46,One year,No,24.45,1066.15,0,0.0261939329666849,Low
7269-JISCY,55,One year,DSL,45.05,2462.6,0,0.026183220079980227,Low
8398-TBIYD,72,Two year,Fiber optic,84.7,6185.15,0,0.026176605839426336,Low
7029-IJEJK,54,One year,DSL,44.1,2369.7,0,0.026149397134449096,Low
2878-DHMIN,35,One year,No,19.9,666.0,0,0.026104379819636134,Low
2819-GWENI,28,One year,No,19.9,543.0,0,0.02608122201325703,Low
1194-BHJYC,61,Two year,DSL,62.15,3778.85,0,0.02601163210566765,Low
7473-ZBDSN,14,Two year,No,18.8,255.55,0,0.0259285944668258,Low
5893-PYOLZ,56,Two year,DSL,81.8,4534.45,0,0.025896524062852908,Low
8606-OEGQZ,18,Two year,No,25.3,454.65,0,0.02589580603947338,Low
3021-VLNRJ,50,One year,DSL,70.8,3478.15,0,0.025874721416094412,Low
6261-RCVNS,42,One year,DSL,73.9,3160.55,1,0.025851672075615485,Low
1265-BCFEO,71,Two year,DSL,80.45,5662.25,0,0.025806163578472697,Low
2167-FQSTQ,72,Two year,DSL,92.4,6786.1,0,0.02579515157101511,Low
0916-KNFAJ,61,Two year,DSL,69.9,4226.7,0,0.025729685821840785,Low
8782-NUUOL,60,One year,DSL,79.0,4801.1,0,0.025718964287949786,Low
9830-ECLEN,58,One year,DSL,50.0,2919.85,0,0.025679638067797352,Low
3055-VTCGS,63,One year,DSL,58.55,3503.5,0,0.02567090633653041,Low
5696-EXCYS,17,Two year,No,19.45,369.05,0,0.025656866217414597,Low
8277-RVRSV,33,One year,No,24.15,800.3,0,0.025640251175821773,Low
3865-ZFZIB,19,Two year,No,19.65,358.15,0,0.02562396987503897,Low
4981-FLTMF,57,Month-to-month,DSL,65.2,3687.85,0,0.02559150951554583,Low
2091-GPPIQ,72,Two year,DSL,78.95,5730.15,0,0.0255738021960771,Low
4227-OJHAL,68,One year,DSL,73.0,5163.0,0,0.025555375119952033,Low
2361-UPSND,46,One year,DSL,70.6,3231.05,0,0.025517640027138012,Low
5318-YKDPV,43,Two year,DSL,79.15,3566.6,0,0.025489633615392422,Low
6195-MELTI,57,One year,DSL,54.65,3134.7,0,0.025386616110508572,Low
3721-WKIIL,27,Two year,No,19.6,561.15,0,0.02538465160944839,Low
4114-QMKVN,56,One year,DSL,68.75,3815.4,0,0.025326508723443972,Low
2266-FUBDZ,15,Two year,No,19.35,278.85,0,0.025324260290131354,Low
7670-ZBPOQ,58,One year,DSL,61.05,3478.75,0,0.025290485067134556,Low
8510-BBWMU,41,One year,No,19.75,806.95,0,0.025252527137348487,Low
3174-AKMAS,46,Two year,DSL,64.2,3009.5,0,0.02522346935419127,Low
4024-CSNBY,72,Two year,Fiber optic,94.25,6849.75,0,0.025134951751255116,Low
9251-WNSOD,67,One year,DSL,75.1,5064.45,0,0.02509377025683675,Low
2252-NKNSI,52,Two year,DSL,85.15,4461.85,0,0.02507998665199377,Low
6898-RBTLU,49,Two year,DSL,79.3,3902.45,0,0.025074760108807163,Low
8869-TORSS,48,One year,DSL,60.35,2896.4,1,0.025056921024740372,Low
6609-MXJHJ,30,Two year,No,25.1,789.55,0,0.025035678019058424,Low
4565-EVZMJ,47,One year,DSL,58.9,2813.05,0,0.025020550516938043,Low
1139-WUOAH,57,Two year,DSL,53.35,3090.05,0,0.025015872910521413,Low
9670-BPNXF,45,One year,DSL,62.55,2796.45,0,0.024994341128644917,Low
3249-VHRIP,62,Two year,DSL,43.6,2748.7,0,0.024958297662909718,Low
5129-HHMZC,43,Two year,DSL,86.45,3574.5,0,0.024948315400587107,Low
7973-DZRKH,66,Two year,Fiber optic,90.95,5930.05,0,0.024936460523013345,Low
6223-DHJGV,42,One year,No,20.65,958.1,0,0.024915220886089145,Low
8143-ETQTI,23,Two year,No,19.65,451.55,0,0.02491489729132904,Low
3230-IUALN,45,Two year,DSL,81.0,3533.6,0,0.024840150286406563,Low
8512-WIWYV,32,One year,No,20.35,707.5,0,0.02482589861394779,Low
5849-ASHZJ,27,One year,No,20.05,552.9,0,0.024761409456968732,Low
5918-VUKWP,32,One year,No,20.55,654.55,0,0.024716780752767644,Low
8717-VCTXJ,42,One year,No,19.55,839.4,0,0.02469732977276288,Low
4962-CHQPW,29,One year,No,19.85,535.05,0,0.024677224911830834,Low
8819-WFGGJ,68,Two year,DSL,54.1,3794.5,0,0.024671937815231713,Low
2541-YGPKE,42,One year,DSL,63.7,2763.35,0,0.024668142544185413,Low
4750-UKWJK,37,One year,No,19.6,727.8,0,0.024652513106780693,Low
6064-ZATLR,27,Two year,DSL,52.85,1498.65,0,0.02464874271685408,Low
7945-HLKEA,60,One year,DSL,64.75,4039.5,0,0.024626876508945034,Low
0078-XZMHT,72,Two year,DSL,85.15,6316.2,0,0.024517177917184,Low
2333-KWEWW,18,Two year,No,20.05,388.6,0,0.024515907572523393,Low
2277-AXSDC,32,One year,No,19.75,624.15,0,0.024514426216440087,Low
4872-VXRIL,56,One year,DSL,64.65,3665.55,0,0.024396645517200916,Low
6437-UDQJM,72,Two year,DSL,84.1,6129.65,0,0.024376352789739528,Low
7138-GIRSH,50,Two year,DSL,69.5,3418.2,0,0.024344322999479636,Low
1535-VTJOQ,24,Two year,No,25.15,553.0,0,0.02433120730762111,Low
6322-HRPFA,49,Month-to-month,DSL,59.6,2970.3,0,0.02425297810399999,Low
1813-JYWTO,72,Two year,Fiber optic,80.45,5737.6,0,0.024244431459236014,Low
6696-YDAYZ,16,Two year,No,20.5,290.55,0,0.024166793970777933,Low
2126-GSEGL,70,Two year,DSL,84.8,5917.55,0,0.02413384038744526,Low
1051-EQPZR,44,Month-to-month,No,19.6,780.25,0,0.024129599069621383,Low
5148-HKFIR,20,Two year,No,19.7,406.95,0,0.024129023538317668,Low
0104-PPXDV,58,One year,DSL,50.3,2878.55,0,0.02412559489996585,Low
4891-NLUBA,61,Two year,DSL,61.45,3751.15,0,0.02409947981020361,Low
0804-YGEQV,43,One year,No,24.45,993.15,0,0.024075355624556503,Low
8097-OMULG,59,One year,DSL,76.75,4541.9,0,0.024038385835094572,Low
2351-BKRZW,43,Two year,DSL,75.2,3254.35,0,0.024024427730629197,Low
9919-FZDED,72,Two year,DSL,84.1,5981.65,0,0.02402239342220401,Low
2404-JIBFC,55,Two year,DSL,85.1,4657.95,0,0.024021314397192205,Low
4702-HDRKD,67,One year,DSL,49.35,3321.35,0,0.02399611374386504,Low
1089-XZWHH,24,Two year,No,19.7,494.05,0,0.023923594466608626,Low
8515-OCTJS,25,Two year,No,24.75,692.1,1,0.023901508641428138,Low
5627-TVBPP,35,One year,No,20.1,644.5,0,0.02388240236773982,Low
0334-ZFJSR,55,One year,DSL,66.05,3462.1,0,0.02383536674183241,Low
7779-ORAEL,45,Two year,DSL,75.15,3480.35,0,0.023826047212767886,Low
8745-PVESG,57,One year,DSL,41.1,2258.25,0,0.023797982592060143,Low
3378-AJRAO,44,One year,No,24.85,1013.6,0,0.02373472666958131,Low
3389-KTRXV,23,Two year,No,23.85,625.65,0,0.023705495400713417,Low
1699-TLDLZ,16,Two year,No,19.7,301.55,0,0.023704627452428368,Low
2808-CHTDM,23,Two year,No,25.1,611.45,0,0.02365742128220623,Low
7596-IIWYC,27,Two year,No,20.25,538.2,0,0.02346724041901226,Low
6242-FEGFD,66,Two year,Fiber optic,96.6,6424.25,0,0.02344109356136077,Low
4178-EGMON,70,Two year,Fiber optic,88.0,5986.45,0,0.023419735318045466,Low
3649-JPUGY,72,Two year,DSL,88.6,6201.95,0,0.023384742863398904,Low
8331-ZXFOE,58,One year,DSL,71.1,4299.2,0,0.02337239412724159,Low
1293-HHSHJ,35,One year,No,21.1,741.0,0,0.02333460521286399,Low
4703-MQYKT,21,Two year,No,19.6,390.4,0,0.02332312178116209,Low
6631-HMANX,72,Two year,DSL,85.45,6227.5,0,0.023315116119676797,Low
0559-CKHUS,29,Two year,No,19.55,521.8,0,0.023251211487170527,Low
6603-YRDCJ,33,Two year,DSL,61.05,2018.4,0,0.023098351591097233,Low
9509-MPYOD,35,One year,No,20.75,700.45,0,0.023098270097441875,Low
4560-WQAQW,59,One year,DSL,68.7,4070.95,0,0.023072063494399386,Low
0757-WCUUZ,54,Two year,DSL,63.35,3409.1,0,0.02302985822534853,Low
6121-TNHBO,63,One year,DSL,83.0,5243.05,0,0.023025632316939496,Low
3460-TJBWI,24,Two year,No,24.2,609.05,0,0.022924659024999617,Low
8999-YPYBV,45,Two year,DSL,84.35,3858.05,0,0.022898938805777896,Low
4737-HOBAX,63,Two year,DSL,79.8,5034.05,0,0.022816822675316335,Low
1960-UOTYM,52,Two year,DSL,79.2,4016.3,0,0.02278261935629162,Low
6522-OIQSX,69,Two year,DSL,54.95,3772.5,0,0.02278137587786548,Low
9824-QCJPK,36,One year,No,20.0,666.75,0,0.022748525040122106,Low
9880-TDQAC,72,Two year,DSL,60.0,4264.0,0,0.02274747114473677,Low
7110-BDTWG,71,Two year,DSL,47.05,3263.6,0,0.02269207406807477,Low
2516-XSJKX,41,Two year,DSL,78.45,3126.45,0,0.022599323998654115,Low
4615-PIVVU,42,Two year,DSL,66.5,2762.75,0,0.022516003981610494,Low
1525-LNLOJ,66,Two year,DSL,63.3,4189.7,0,0.022497919654260543,Low
0743-HNPFG,51,One year,DSL,69.75,3562.5,0,0.02245075189969788,Low
9795-NREXC,64,Two year,DSL,85.0,5484.4,0,0.02242523859351227,Low
8932-CZHRQ,68,One year,DSL,76.75,5233.25,0,0.022392679405926715,Low
2192-OZITF,45,Two year,DSL,73.55,3349.1,0,0.022383624737096642,Low
0310-SUCIN,71,One year,DSL,84.8,6046.1,0,0.022383338722080138,Low
3887-PBQAO,45,One year,No,25.9,1216.6,0,0.022322248354258726,Low
6339-RZCBJ,48,Two year,DSL,78.9,3771.5,0,0.02228894905737945,Low
5512-IDZEI,46,One year,No,24.9,1174.8,0,0.0222860900133177,Low
3896-ZVNET,24,Two year,No,24.7,571.75,0,0.022257164774978758,Low
4584-LBNMK,45,One year,No,24.7,1174.35,0,0.02225628897870646,Low
7061-OVMIM,30,One year,No,19.55,608.5,0,0.02222076886422289,Low
8884-FEEWR,35,One year,No,20.6,754.0,0,0.02219254143373856,Low
4883-KCPZJ,22,Two year,No,25.25,555.4,0,0.022158154916977098,Low
7609-YBPXG,54,Two year,DSL,87.1,4735.2,0,0.022144350107978293,Low
5197-LQXXH,71,Two year,DSL,83.3,5894.5,0,0.022113049327091454,Low
9945-PSVIP,25,Two year,No,18.7,383.65,0,0.022111874323843324,Low
2040-LDIWQ,65,Two year,DSL,84.2,5324.5,0,0.022107331432082662,Low
0436-TWFFZ,67,Two year,DSL,85.25,5714.2,0,0.022031555228510552,Low
2193-SFWQW,72,Two year,Fiber optic,111.95,8033.1,0,0.021978818928011415,Low
7622-FWGEW,56,Two year,DSL,85.65,4824.45,0,0.021961825603736298,Low
8510-TMWYB,54,Two year,DSL,59.8,3246.45,0,0.02188772419580955,Low
0513-RBGPE,37,Two year,DSL,62.8,2278.75,0,0.02187807117610448,Low
3569-VLDHH,66,One year,DSL,75.1,5013.0,0,0.021829590267024558,Low
2302-OUZXB,72,Two year,DSL,82.15,5784.3,0,0.021757526660831628,Low
3654-ARMGP,61,Two year,DSL,88.65,5321.25,0,0.02174409854493809,Low
3401-URHDA,51,One year,DSL,59.9,3043.6,0,0.021729984061782334,Low
2405-LBMUW,61,One year,DSL,50.7,3088.75,0,0.021711599447188475,Low
2123-VSCOT,59,Two year,DSL,72.1,4194.85,0,0.02170030119194113,Low
0565-IYCGT,69,One year,DSL,78.6,5356.45,1,0.021697302764436946,Low
8067-NIOYM,24,Two year,No,21.1,490.65,0,0.021595949231991887,Low
8144-DGHXP,54,Two year,DSL,80.6,4299.95,0,0.021561341121922702,Low
5453-YBTWV,70,Two year,Fiber optic,101.1,6994.8,0,0.021516341414036907,Low
3486-NPGST,36,One year,No,19.55,620.75,0,0.021501954318253635,Low
5583-EJXRD,44,Two year,DSL,54.05,2375.2,0,0.021498206084414485,Low
2892-GESUL,18,Two year,No,19.35,309.25,0,0.02143741829002085,Low
4980-URKXC,36,One year,No,20.85,720.05,0,0.021422134266956418,Low
6563-VRERX,33,One year,No,20.6,690.25,0,0.02141070180170423,Low
6810-VCAEX,47,One year,DSL,39.65,1798.65,0,0.021379443471662835,Low
8221-HVAYI,35,Two year,DSL,69.15,2490.15,0,0.0213473971631541,Low
4293-ETKAP,65,Two year,DSL,79.4,5071.9,0,0.021311933529535237,Low
2890-WFBHU,59,One year,DSL,79.85,4786.1,0,0.02130597608043755,Low
2863-IMQDR,61,Two year,DSL,89.65,5308.7,0,0.021265523833668795,Low
5313-FPXWG,51,One year,No,24.6,1266.4,0,0.021259002636808313,Low
6166-YIPFO,72,Two year,DSL,64.7,4746.05,0,0.021255561459116536,Low
4804-NCPET,19,Two year,No,20.2,387.4,0,0.021222298407803583,Low
7951-QKZPL,33,Two year,No,24.5,740.3,1,0.021217391000113977,Low
5788-YPOEG,34,Two year,DSL,84.75,2839.45,0,0.021213562702464675,Low
9995-HOTOH,63,Two year,DSL,59.0,3707.6,0,0.02113271124939507,Low
3720-DBRWL,51,Two year,DSL,83.85,4307.1,0,0.021110279478421524,Low
2599-CIPQE,71,Two year,Fiber optic,109.3,7782.85,0,0.021080977219038604,Low
1498-NHTLT,59,Two year,DSL,86.75,5186.0,0,0.021064322185029124,Low
2239-CGBUZ,51,One year,DSL,60.5,3145.15,0,0.021063222728722932,Low
9548-LERKT,24,Two year,No,19.75,483.15,0,0.020959381329090962,Low
0979-MOZQI,62,Two year,DSL,39.0,2337.45,0,0.020893017645213213,Low
2000-DHJUY,70,Two year,DSL,92.2,6474.45,0,0.020783128587229468,Low
8999-EXMNO,19,Two year,No,20.15,387.7,0,0.020778863889468657,Low
2612-PHGOX,64,Two year,DSL,76.1,4818.8,0,0.020775794012779184,Low
1090-ESELR,72,Two year,Fiber optic,105.5,7611.55,0,0.020735345757746663,Low
5321-NTRKC,66,Two year,DSL,79.85,5234.95,0,0.020711607351733777,Low
4890-VMUAV,63,One year,DSL,71.5,4576.3,0,0.02058275315291091,Low
8390-FESFV,62,Two year,DSL,84.5,5193.2,0,0.020531027760658124,Low
1395-WSWXR,24,Two year,No,20.75,487.05,0,0.02051157182113685,Low
8060-HIWJJ,64,Two year,DSL,86.55,5632.55,0,0.020495444526562545,Low
6772-WFQRD,40,One year,No,20.4,854.9,0,0.020482784014917852,Low
6549-BTYPG,60,Two year,DSL,60.8,3603.45,0,0.02042368130458061,Low
8265-HKSOW,72,Two year,Fiber optic,107.45,7658.3,0,0.02041434570075217,Low
4547-FZJWE,55,One year,DSL,59.45,3157.0,0,0.02040738608328564,Low
1403-LKLIK,33,One year,No,20.1,579.4,0,0.02039671184824684,Low
5668-MEISB,72,Two year,Fiber optic,106.1,7657.4,0,0.02038240452514277,Low
0902-RFHOF,38,One year,No,20.1,730.1,0,0.020372427085188917,Low
1635-HDGFT,19,Two year,No,20.5,398.55,0,0.020354242892586968,Low
9548-ZMVTX,72,Two year,Fiber optic,90.45,6565.85,0,0.02033690861500404,Low
6516-NKQBO,38,Two year,DSL,81.0,3084.9,0,0.020253447657651837,Low
1223-UNPKS,20,Two year,No,20.05,400.0,0,0.020223344188225596,Low
7501-IWUNG,61,Two year,DSL,73.8,4616.05,0,0.020216720857972836,Low
7452-FOLON,39,One year,No,25.45,958.45,0,0.020178370473157316,Low
9385-NXKDA,72,Two year,DSL,82.65,5919.35,0,0.02014286693017813,Low
9359-UGBTK,67,One year,DSL,72.35,4991.5,0,0.020139006684961224,Low
4381-MHQDC,47,Two year,DSL,65.0,2879.9,0,0.020112764349929653,Low
9958-MEKUC,72,Two year,Fiber optic,103.95,7517.7,0,0.020073896175356706,Low
7190-XHTWJ,38,One year,No,19.3,755.5,0,0.02005114481199853,Low
3911-RSNHI,71,Two year,DSL,61.4,4310.35,0,0.020041100049630018,Low
1265-HVPZB,59,One year,DSL,66.4,3958.2,0,0.020039022078345212,Low
6872-HXFNF,64,One year,DSL,58.35,3756.45,0,0.020033972200848366,Low
6418-HNFED,51,Two year,DSL,83.25,4089.45,0,0.020013456065327513,Low
5859-HZYLF,26,Two year,No,19.15,515.75,0,0.01999230084599091,Low
7328-OWMOM,31,One year,No,20.1,589.25,0,0.019944609466317553,Low
5702-KVQRD,71,Two year,DSL,82.55,5832.65,0,0.01991738237224332,Low
6234-RAAPL,72,Two year,Fiber optic,99.9,7251.7,0,0.01988174593765108,Low
8345-MVDYC,45,Two year,DSL,81.65,3618.7,0,0.019794369598688844,Low
0071-NDAFP,25,Two year,No,25.5,630.6,0,0.019777831829673978,Low
5317-FLPJF,66,Two year,DSL,61.35,4193.4,0,0.01977172786569601,Low
4039-PIMHX,49,Two year,DSL,49.8,2398.4,0,0.019765448431966103,Low
7503-MIOGA,72,Two year,DSL,89.85,6697.35,0,0.019751660611775898,Low
5684-FJVYR,72,Two year,Fiber optic,90.35,6563.4,0,0.01971964674945572,Low
6963-EZQEE,70,Two year,DSL,88.55,6306.5,0,0.01971171713124188,Low
5380-XPJNZ,38,One year,No,20.05,678.2,0,0.0196957604887196,Low
1755-FZQEC,39,One year,No,19.9,791.15,0,0.019640826801187904,Low
7025-WCBNE,47,Two year,DSL,59.6,2754.0,0,0.019615563908374597,Low
0263-FJTQO,50,Two year,DSL,70.5,3486.65,0,0.01959876692815693,Low
8327-WKMIE,37,One year,No,20.15,785.75,0,0.019598573379808658,Low
1866-DIOQZ,71,One year,DSL,66.8,4689.15,0,0.019540751072073568,Low
4526-EXKKN,40,Two year,No,24.6,973.95,0,0.01952302149453294,Low
9150-HEPMB,56,One year,DSL,52.7,3019.7,0,0.019508666084598027,Low
7233-PAHHL,66,Two year,DSL,84.0,5714.25,0,0.019426547348611656,Low
8200-LGKSR,71,Two year,DSL,83.2,6126.1,0,0.01942442477535,Low
7564-GHCVB,72,Two year,Fiber optic,79.05,5730.7,0,0.019391562076883626,Low
8174-TBVCF,70,Two year,DSL,94.8,6859.05,0,0.019341379542706857,Low
4667-QONEA,60,One year,DSL,74.85,4456.35,0,0.019318764574689548,Low
1088-CNNKB,63,One year,DSL,80.0,5040.2,0,0.01931775728049372,Low
5394-MEITZ,60,Two year,DSL,80.6,4946.7,0,0.019300965905148963,Low
6732-VAILE,70,Two year,DSL,85.95,5931.75,0,0.01929872766782103,Low
2990-OGYTD,67,Two year,DSL,86.15,5883.85,0,0.01927985283500878,Low
8645-KOMJQ,69,Two year,DSL,81.95,5601.4,0,0.019221028369348452,Low
6048-NJXHX,41,Two year,No,19.75,899.45,0,0.01917690063422273,Low
4568-KNYWR,52,Two year,DSL,63.25,3342.45,0,0.01912539867727297,Low
8565-WUXZU,72,Two year,Fiber optic,84.8,6141.65,0,0.01909385405975673,Low
3978-YNKDD,19,Two year,No,20.85,467.5,0,0.01907012491408435,Low
0455-ENTCR,66,Two year,DSL,85.25,5538.35,0,0.01906705163011522,Low
6258-PVZWJ,68,Two year,DSL,90.8,6302.85,0,0.019038516844928015,Low
8008-OTEZX,35,One year,No,19.65,708.8,0,0.0189901119301371,Low
3653-NCRDJ,43,One year,No,19.2,776.25,0,0.018982407033150083,Low
1934-MKPXS,33,One year,No,20.1,620.55,0,0.018974154096307202,Low
0301-KOBTQ,32,Two year,No,20.05,614.45,0,0.01890787536571001,Low
2521-NPUZR,70,Two year,Fiber optic,101.0,7085.5,0,0.0189035752351517,Low
4254-QPEDE,52,Two year,DSL,66.25,3330.1,0,0.018802493925393918,Low
9581-GVBXT,59,One year,DSL,34.8,1980.3,0,0.018790577839553436,Low
0383-CLDDA,69,Two year,DSL,85.35,5897.4,0,0.018753019034027915,Low
7977-HXJKU,21,Two year,No,19.6,397.0,0,0.018741736317861524,Low
6203-HBZPA,52,Two year,DSL,63.9,3334.95,0,0.018727625005923138,Low
0604-THJFP,59,Two year,DSL,75.95,4542.35,0,0.01872378381163938,Low
4342-HFXWS,48,One year,DSL,69.7,3023.65,0,0.0186574657594108,Low
2753-JMMCV,65,Two year,DSL,74.2,4805.65,0,0.018618063565655214,Low
3908-MKIMJ,68,Two year,DSL,41.95,2965.75,0,0.018586093726688402,Low
7054-DMVAS,54,Two year,DSL,65.3,3512.9,0,0.01857139837660048,Low
2977-CEBSX,66,Two year,DSL,90.05,5965.95,0,0.018567867771481776,Low
6546-OPBBH,51,One year,No,23.95,1216.35,0,0.018562706717323036,Low
0687-ZVTHB,65,One year,DSL,72.45,4653.85,1,0.018545802053019006,Low
5924-SNGKP,41,One year,No,20.25,865.0,0,0.018544927683471688,Low
2192-CKRLV,72,Two year,DSL,49.2,3580.95,0,0.018494993702042297,Low
0707-HOVVN,70,Two year,DSL,75.5,5212.65,0,0.01845714009181693,Low
6120-RJKLU,62,Two year,DSL,79.95,4819.75,0,0.018351169220574226,Low
0057-QBUQH,43,Two year,No,25.1,1070.15,0,0.018323975359268857,Low
3489-VSFRD,56,One year,DSL,60.25,3282.75,0,0.01828390374827757,Low
3280-NMUVX,34,One year,No,19.6,678.8,0,0.018273250269574277,Low
8050-DVOJX,49,Two year,DSL,81.35,4060.9,0,0.018268733460564648,Low
5622-UEJFI,35,Two year,No,25.4,949.8,0,0.01818972278188678,Low
1757-TCATG,35,One year,No,20.05,746.75,0,0.01818477582680339,Low
0993-OSGPT,68,One year,DSL,60.65,3975.9,0,0.018152966044050783,Low
1897-OKVMW,64,Two year,DSL,90.6,5817.45,0,0.018081228333047244,Low
5656-MJEFC,42,Two year,DSL,48.15,2032.3,0,0.01806896049209603,Low
5387-ASZNZ,66,One year,DSL,63.85,4174.35,0,0.01806398043764889,Low
7508-DQAKK,64,Two year,DSL,86.4,5442.05,0,0.018041489537051307,Low
9950-MTGYX,28,Two year,No,20.3,487.95,0,0.017948762072244884,Low
5751-USDBL,46,Two year,DSL,81.0,3846.35,0,0.017938512907971386,Low
2550-AEVRU,57,One year,DSL,53.45,3053.0,0,0.017890103403153196,Low
3935-TBRZZ,44,One year,No,25.7,1110.5,0,0.017879770056491502,Low
0654-PQKDW,62,One year,DSL,70.75,4263.45,0,0.01787536317541185,Low
6199-IPCAO,29,Two year,No,26.1,692.55,0,0.01777524406913759,Low
0016-QLJIS,65,Two year,DSL,90.45,5957.9,0,0.017770710042579418,Low
7815-PDTHL,35,Two year,No,20.2,684.4,0,0.017765280267289258,Low
4751-ERMAN,72,Two year,DSL,75.4,5480.25,0,0.017726052838084497,Low
3957-HHLMR,70,One year,DSL,65.2,4543.15,0,0.017706102242079556,Low
8125-QPFJD,72,Two year,DSL,84.9,6065.3,0,0.017654821506422683,Low
5792-JALQC,52,Two year,DSL,59.85,3103.25,0,0.017651340139516948,Low
5696-JVVQY,48,Two year,DSL,70.1,3238.4,0,0.01761487492744854,Low
6923-AQONU,23,Two year,No,20.9,454.0,0,0.01758960410431025,Low
0298-XACET,52,Two year,DSL,50.2,2554.0,0,0.01748413230565536,Low
4295-YURET,56,Two year,DSL,72.6,4084.35,0,0.017471080230512987,Low
7711-YIJWC,61,One year,DSL,84.9,5264.5,0,0.01745097255939307,Low
9778-OGKQZ,72,Two year,DSL,92.0,6782.15,0,0.017447560336364413,Low
6681-ZSEXG,56,Two year,DSL,59.5,3389.25,0,0.017434670228409308,Low
3557-HTYWR,47,Two year,DSL,74.05,3496.3,0,0.01740990884420002,Low
7665-NKLAV,36,Two year,DSL,40.65,1547.35,0,0.01731247308637105,Low
4676-WLUHT,54,Two year,DSL,46.2,2431.95,0,0.017304670658109204,Low
9470-YFUYI,71,One year,DSL,71.0,5012.1,0,0.017302537827814712,Low
9253-VIFJQ,65,One year,DSL,67.05,4309.55,0,0.01726812006988746,Low
8661-BOYNW,72,Two year,DSL,84.4,6096.45,0,0.017263719005334542,Low
0731-EBJQB,52,One year,No,20.4,1090.65,0,0.01724193065340442,Low
2805-AUFQN,25,Two year,No,19.8,475.2,0,0.01713544029250172,Low
8098-TDCBU,42,Two year,No,25.25,1108.2,0,0.017134184757748538,Low
0129-QMPDR,44,One year,No,20.5,865.05,0,0.017134153066310696,Low
3521-HTQTV,34,Two year,No,26.1,980.35,0,0.017041353021256228,Low
8672-OAUPW,51,One year,DSL,47.85,2356.75,0,0.017030007367973794,Low
2987-BJXIK,70,Two year,DSL,84.7,5991.05,0,0.01698889150126478,Low
1227-UDMZR,72,Two year,DSL,91.15,6637.9,0,0.01696928646530158,Low
1534-OULXE,61,One year,DSL,49.7,2961.4,0,0.016913038474815408,Low
4597-ELFTS,56,One year,No,24.9,1334.0,1,0.0169092268272126,Low
9888-ZCUMM,64,Two year,DSL,60.05,3845.45,0,0.016858296421890143,Low
0771-CHWSK,66,Two year,DSL,74.6,4798.4,0,0.016842040881776554,Low
7552-KEYGT,27,Two year,No,19.55,520.55,0,0.01683890373719676,Low
4893-GYUJU,50,One year,No,19.35,1033.0,0,0.016832958681657354,Low
6814-ZPWFQ,51,One year,No,25.0,1260.7,0,0.016819739159841633,Low
9297-EONCV,72,Two year,DSL,91.35,6697.2,0,0.016815201599400493,Low
6586-MYGKD,70,Two year,DSL,76.95,5289.8,0,0.01676394907483368,Low
2498-XLDZR,32,Two year,DSL,73.6,2316.85,0,0.016694929424721717,Low
2400-XIWIO,71,Two year,DSL,90.1,6310.9,0,0.01664941125206039,Low
8958-JPTRR,56,One year,No,24.3,1261.7,0,0.016645660760083086,Low
5322-ZSMZY,31,Two year,No,25.75,755.6,0,0.016632889028835925,Low
1187-WILMM,63,Two year,DSL,89.4,5597.65,0,0.01659260167442651,Low
8859-AXJZP,39,Two year,No,23.8,903.8,0,0.01657150680512501,Low
2430-RRYUW,66,One year,DSL,54.8,3465.7,0,0.016561217863360844,Low
8450-LUGUK,37,Two year,No,24.1,861.85,0,0.016525413383340876,Low
5126-RCXYW,54,Two year,DSL,46.0,2424.05,0,0.016515416462155843,Low
8295-KMENE,59,Two year,DSL,76.45,4519.5,0,0.016493422150343374,Low
3638-WEABW,58,Two year,DSL,59.9,3505.1,0,0.016477355864996296,Low
2324-AALNO,48,One year,No,24.55,1203.95,0,0.01647505793904936,Low
8590-OHDIW,38,One year,No,20.3,749.35,0,0.016456668673877836,Low
8169-SAEJD,69,Two year,DSL,56.55,3952.65,0,0.016430682854040733,Low
4213-HKBJO,33,Two year,No,25.7,826.1,0,0.016417769749451666,Low
2812-REYAT,49,One year,No,20.05,923.1,0,0.016414547222768767,Low
1930-QPBVZ,68,Two year,Fiber optic,95.1,6683.4,0,0.016397121075277243,Low
2274-XUATA,72,Two year,DSL,63.1,4685.55,0,0.016387438817635436,Low
9548-LIGTA,61,Two year,DSL,81.05,4747.65,0,0.0163795133611652,Low
1830-GGFNM,65,Two year,Fiber optic,94.55,6078.75,0,0.016373161674534197,Low
2137-DQMEV,68,One year,DSL,44.8,2983.65,0,0.01636761324097197,Low
3166-PNEOF,61,Two year,DSL,86.45,5175.3,0,0.016358524694501997,Low
2725-IWWBA,46,One year,DSL,56.9,2560.1,0,0.016351506586131978,Low
9102-OXKFY,59,Two year,DSL,54.15,3116.15,0,0.016349838128282872,Low
2996-XAUVF,70,Two year,DSL,40.05,2799.75,0,0.016335462885904956,Low
8173-RXAYP,24,Two year,No,19.7,452.55,0,0.01633146289141617,Low
7301-ABVAD,72,Two year,DSL,86.6,6350.5,0,0.016327614742127412,Low
3544-FBCAS,72,Two year,DSL,83.6,5959.3,0,0.01632496710341404,Low
1971-DTCZB,72,Two year,DSL,90.95,6468.6,0,0.016281602243092476,Low
9339-FIIJL,72,Two year,DSL,85.95,6151.9,0,0.01626227709716591,Low
3108-PCCGG,72,Two year,DSL,84.45,5899.85,0,0.0162459527639892,Low
8404-VIOMB,66,Two year,DSL,62.5,4136.4,0,0.016218297554706863,Low
1371-OJCEK,48,One year,No,24.35,1133.7,0,0.01619244768690097,Low
9063-ZGTUY,61,Month-to-month,No,19.4,1182.55,1,0.016167597467760333,Low
1837-YQUCE,70,Two year,DSL,58.35,4214.25,0,0.016134637862557033,Low
4335-UPJSI,24,Two year,No,19.75,498.1,0,0.016126338557925,Low
3070-FNFZQ,23,Two year,No,20.4,478.75,0,0.01607445025348563,Low
0459-SPZHJ,63,Two year,DSL,83.5,5435.0,0,0.016042056906708728,Low
2346-CZYIL,27,Two year,No,20.35,531.6,0,0.01602385105713013,Low
4538-WNTMJ,46,One year,No,24.95,1165.9,0,0.015998206521468303,Low
9479-HYNYL,71,Two year,DSL,80.7,5705.05,0,0.0159934316673588,Low
4774-HHGGS,30,Two year,No,19.05,637.55,0,0.0159896700901729,Low
0909-SELIE,61,Two year,DSL,80.8,4860.85,0,0.01596444827672702,Low
9871-ELEYA,34,Two year,DSL,67.65,2339.3,0,0.01595399048330401,Low
0739-UUAJR,72,Two year,DSL,53.8,3952.45,0,0.01592769438147212,Low
8232-CTLKO,66,Two year,DSL,59.75,3996.8,0,0.015922115386669336,Low
5248-RPYWW,72,Two year,DSL,90.15,6716.45,0,0.015914093230731386,Low
5996-EBTKM,67,Two year,DSL,69.9,4615.9,0,0.015913636898151694,Low
5249-QYHEX,40,Two year,No,24.8,1024.7,0,0.015889168067126074,Low
2332-TODQS,48,One year,No,25.05,1171.5,0,0.01588028838471964,Low
6094-ZIVKX,68,One year,DSL,54.45,3674.95,0,0.01587183227935981,Low
1686-STUHN,42,One year,No,19.8,849.9,0,0.01585930946373033,Low
4999-IEZLT,66,One year,DSL,29.45,1983.15,0,0.01582597942776932,Low
5003-XZWWO,71,Two year,DSL,84.2,5956.85,0,0.0158210640874433,Low
0230-UBYPQ,63,One year,DSL,36.1,2298.9,0,0.015783428496412604,Low
6762-QVYJO,58,Two year,DSL,59.75,3624.35,0,0.01578002273615269,Low
5171-EPLKN,27,Two year,No,19.85,470.0,0,0.015776697236585153,Low
1627-AFWVJ,29,Two year,No,19.4,554.25,0,0.015774654029059542,Low
7153-CHRBV,57,One year,DSL,59.3,3274.35,0,0.015766754906643084,Low
5456-ITGIC,72,Two year,DSL,64.45,4641.1,0,0.01576482486646531,Low
8766-PAFNE,71,Two year,DSL,79.1,5564.85,0,0.01576073901235772,Low
5997-OPVFA,72,Two year,DSL,89.05,6254.45,0,0.015753477740410297,Low
5248-YGIJN,72,Two year,DSL,90.25,6369.45,0,0.015751418359651062,Low
0354-VXMJC,23,Two year,No,19.6,426.65,0,0.015728149082408407,Low
5177-RVZNU,37,One year,No,20.3,755.4,0,0.01572741657730259,Low
9447-YPTBX,50,One year,No,19.85,943.1,0,0.015665577540538156,Low
0969-RGKCU,37,One year,No,19.8,677.05,0,0.015663878194120205,Low
7267-FRMJW,25,Two year,No,20.1,486.05,0,0.015648066352899705,Low
9541-ZPSEA,68,Two year,Fiber optic,80.35,5375.15,0,0.01564507994475674,Low
2256-YLYLP,68,Two year,DSL,72.95,4953.25,0,0.015640694611196295,Low
8469-SNFFH,70,One year,DSL,79.4,5528.9,0,0.015638120830277772,Low
5980-BDHPY,72,Two year,DSL,87.1,6230.1,0,0.015626090945412997,Low
1568-LJSZU,68,Two year,DSL,92.2,6392.85,0,0.015623556419887018,Low
7799-LGRDP,43,Two year,No,25.7,1188.2,0,0.015583164180398084,Low
7579-KKLOE,71,Two year,DSL,91.25,6589.6,0,0.015569938169427278,Low
9565-FLVCG,65,Two year,DSL,69.55,4459.15,0,0.015556132445015157,Low
0378-XSZPU,58,One year,DSL,60.3,3563.8,1,0.01553978077135808,Low
6701-YVNQG,72,Two year,DSL,88.7,6301.7,0,0.015466909663841066,Low
8218-FFJDS,72,Two year,DSL,86.4,6058.95,0,0.015432915763110936,Low
1177-XZBJL,53,One year,DSL,64.15,3491.55,0,0.015432044281468828,Low
1265-ZFOSD,64,Two year,DSL,81.3,5129.3,0,0.01541432347315475,Low
4334-HOWRP,72,Two year,DSL,64.95,4546.0,0,0.015412952217400447,Low
9805-FILKB,46,One year,No,20.2,845.6,0,0.015384308751054006,Low
4849-PYRLQ,56,Two year,DSL,73.25,4054.2,0,0.015322542673914469,Low
0674-GCDXG,63,Two year,DSL,71.9,4479.2,0,0.015286894634834828,Low
1172-VIYBP,53,Two year,DSL,69.7,3686.05,0,0.015258789340163165,Low
7401-JIXNM,54,Two year,DSL,91.3,4965.0,0,0.015254677135622226,Low
3745-HRPHI,66,Two year,DSL,54.65,3632.0,0,0.015247134204543922,Low
4163-HFTUK,51,One year,No,19.1,1007.8,0,0.015222508011458528,Low
0827-ITJPH,36,Two year,No,18.55,689.0,0,0.01520191827839414,Low
5451-MHQOF,56,One year,No,24.45,1431.65,0,0.015142825505298057,Low
0336-KXKFK,72,Two year,DSL,61.2,4390.25,0,0.015120629816537393,Low
1970-KKFWL,35,Two year,No,23.3,797.1,0,0.015109929552762774,Low
8626-PTQGE,69,Two year,DSL,60.05,4176.7,0,0.015053084944684901,Low
0412-UCCNP,55,Two year,DSL,59.2,3175.85,0,0.015043127421691891,Low
6119-SPUDB,46,Two year,DSL,38.25,1755.35,0,0.015008024865733494,Low
0277-ORXQS,66,Two year,DSL,50.55,3364.55,0,0.01496832611713248,Low
6023-GSSXW,69,Two year,DSL,61.45,4131.2,0,0.01493931519225409,Low
1333-PBMXB,54,One year,No,24.75,1342.15,0,0.01492686583371563,Low
6369-MCAKO,68,Two year,DSL,89.05,6185.8,0,0.014925276837224354,Low
4487-ZYJZK,38,One year,No,19.6,763.1,0,0.014871341273622544,Low
0795-LAFGP,71,Two year,DSL,90.4,6668.05,0,0.014870393809047333,Low
5124-EOGYE,31,Two year,No,20.45,638.55,0,0.014858923891083155,Low
9028-LIHRP,71,Two year,Fiber optic,100.2,7209.0,0,0.014821764297966162,Low
2845-KDHVX,64,Two year,DSL,68.3,4378.8,0,0.014814165382367654,Low
3566-CAAYU,64,Two year,DSL,49.85,3210.35,0,0.014763416198112835,Low
9675-ICXCT,72,Two year,DSL,80.8,5728.55,0,0.014760164470739783,Low
7297-DVYGA,51,One year,No,19.85,996.95,0,0.014722719659574265,Low
4006-HKYHO,63,Two year,DSL,86.7,5309.5,0,0.014686453262997378,Low
3796-ENZGF,63,Two year,DSL,67.25,4234.15,0,0.014669398699311251,Low
8100-PNJMH,68,Two year,DSL,88.85,6132.7,0,0.014609688155056403,Low
7164-BPTUT,57,Two year,DSL,89.55,5012.35,0,0.014608975676806564,Low
8414-OOEEL,66,Two year,DSL,79.5,5196.1,0,0.014581693094527453,Low
5986-WWXDV,39,One year,No,19.35,779.2,0,0.01456486934221005,Low
4549-ZDQYY,52,One year,DSL,57.95,3042.25,0,0.014544330715333353,Low
1088-AUUZZ,56,Two year,DSL,75.85,4261.2,0,0.01452647475028539,Low
3638-VBZTA,68,Two year,DSL,86.5,5882.75,0,0.014514295609874566,Low
3398-GCPMU,72,Two year,DSL,89.55,6448.85,0,0.01446783865325612,Low
9385-EHGDO,35,Two year,No,19.85,739.35,0,0.014459598945865135,Low
3933-DQPWX,50,Two year,DSL,39.7,1932.75,0,0.014445118678357557,Low
4837-PZTIC,47,Two year,DSL,41.9,1875.25,0,0.014428665007851853,Low
9392-XBGTD,27,Two year,No,20.6,581.85,0,0.014424189700718421,Low
2225-ZRGSG,70,Two year,Fiber optic,93.9,6579.05,1,0.014410941752341883,Low
4079-WWQQQ,72,Two year,DSL,65.55,4807.45,0,0.014380279108958826,Low
9227-YBAXE,65,Two year,DSL,82.5,5215.1,0,0.014365336704003423,Low
3146-MSEGF,72,Two year,DSL,88.05,6425.65,0,0.014362002542169568,Low
4609-KNNWG,27,Two year,No,19.9,550.1,0,0.014338136667841141,Low
9798-OPFEM,46,Two year,No,21.1,937.1,0,0.014336997801436092,Low
5498-IBWPI,66,One year,DSL,49.4,3251.85,0,0.014295140935055394,Low
1122-YJBCS,69,One year,DSL,53.65,3804.4,0,0.014210311709260213,Low
9674-EHPPG,46,Two year,DSL,40.4,1842.7,0,0.014184183390912245,Low
6248-TKCQV,70,Two year,DSL,80.6,5460.2,0,0.014175064262980997,Low
7975-JMZNT,66,Two year,DSL,91.7,6075.9,0,0.01417345263914186,Low
1506-YJTYT,45,Two year,DSL,73.85,3371.0,0,0.014138951184327508,Low
0617-AQNWT,64,Two year,DSL,47.85,3147.5,1,0.014132509806446696,Low
4884-LEVMQ,39,Two year,No,20.45,790.0,0,0.014114686207840399,Low
6656-GULJQ,72,Two year,DSL,83.55,6093.3,0,0.014106651667284795,Low
4827-DPADN,72,Two year,DSL,83.3,6042.7,0,0.014044883130054574,Low
4518-FZBSX,42,One year,No,20.25,854.9,0,0.014042483101819178,Low
9066-QRSDU,69,One year,No,26.3,1763.55,0,0.014042179296347674,Low
6408-WHTEF,72,Two year,DSL,89.4,6376.55,0,0.014012880049994491,Low
5125-CNDSP,63,One year,DSL,40.6,2588.95,0,0.013975431169008875,Low
0214-JHPFW,70,Two year,DSL,57.8,4039.3,0,0.013953267057925824,Low
5816-JMLGY,70,Two year,DSL,80.4,5717.85,0,0.01393203699959625,Low
2226-ICFDO,72,Two year,DSL,85.9,6110.75,0,0.013905238410809212,Low
2725-TTRIQ,72,Two year,DSL,84.2,5986.55,0,0.01386808960003443,Low
1972-XMUWV,65,Two year,DSL,59.8,3808.2,0,0.013864145702041794,Low
5130-YPIRV,62,Two year,DSL,72.0,4284.2,0,0.01384454009935723,Low
0017-DINOC,54,Two year,DSL,45.2,2460.55,0,0.01384208483137889,Low
2122-SZZZD,44,One year,No,19.5,835.5,0,0.013840833074630247,Low
7284-ZZLOH,45,Two year,DSL,53.3,2296.25,0,0.013831228658567047,Low
9415-ZNBSX,70,Two year,DSL,89.0,6293.2,0,0.013822607541821252,Low
6741-QRLUP,63,Two year,DSL,80.3,4995.35,0,0.013807235702193518,Low
5485-ITNPC,66,Two year,DSL,85.9,5595.3,0,0.013806839435258164,Low
5774-QPLTF,50,One year,No,20.35,938.95,0,0.013805397327503546,Low
8197-BFWVU,72,Two year,DSL,93.25,6688.95,0,0.013799600979528702,Low
3740-RLMVT,67,One year,DSL,60.95,4119.4,0,0.01379659087743446,Low
7253-UVNDW,46,Two year,DSL,54.35,2460.15,1,0.013727023505311178,Low
6265-FRMTQ,31,Two year,No,20.4,609.1,0,0.013692821344553125,Low
1568-BEKZM,70,Two year,DSL,90.05,6333.4,0,0.013686918757965225,Low
5248-KWLAR,71,Two year,DSL,90.35,6325.25,0,0.01367824972384563,Low
2176-LVPNX,71,Two year,DSL,89.85,6293.45,0,0.013652878725860703,Low
9135-MGVPY,69,Two year,DSL,84.7,5878.9,0,0.013641155157899137,Low
4782-OSFXZ,71,Two year,DSL,82.7,5831.2,0,0.013637319779562434,Low
3572-UUHRS,45,One year,No,18.85,867.3,0,0.013635751672581905,Low
7771-CFQRQ,47,Two year,DSL,63.8,3007.25,0,0.01362495598018695,Low
0114-IGABW,71,Two year,DSL,58.25,4145.9,0,0.013609180830209424,Low
0839-QNXME,30,Two year,No,19.4,578.5,0,0.013584646506880767,Low
8859-DZTGQ,33,Two year,No,20.35,689.75,0,0.013573093187867974,Low
8908-NMQTX,72,Two year,DSL,65.6,4566.5,0,0.013561012281141845,Low
2211-RMNHO,68,Two year,DSL,85.3,5560.0,0,0.0135541770109261,Low
8413-YNHNV,69,Two year,DSL,90.65,6322.1,0,0.013551900070058222,Low
6122-LJADA,70,Two year,DSL,90.15,6237.05,0,0.01354057122002269,Low
7216-KAOID,41,One year,No,19.5,798.2,0,0.013522361749066956,Low
0123-CRBRT,61,Two year,DSL,88.1,5526.75,0,0.013492083393229895,Low
6332-FBZRI,67,One year,DSL,69.35,4653.25,0,0.013441123474074395,Low
6916-HIJSE,65,Two year,DSL,84.85,5459.2,0,0.013425335719099383,Low
4718-WXBGI,72,Two year,DSL,91.95,6614.9,0,0.013421997508749436,Low
7850-THJMU,26,Two year,No,19.65,494.9,0,0.013418074885754337,Low
8148-NLEGT,42,Two year,No,22.95,1014.25,0,0.013383620171944784,Low
4671-VJLCL,63,Two year,DSL,79.85,4861.45,0,0.013359253257665089,Low
1552-CZCLL,55,Month-to-month,No,20.0,1087.25,0,0.013347155182895955,Low
3251-YMVWZ,53,One year,No,24.05,1301.9,0,0.01332155532196221,Low
8204-YJCLA,72,Two year,DSL,64.8,4732.35,0,0.013305152396708883,Low
8174-LNWMW,31,Two year,No,20.9,689.35,0,0.013278997183453772,Low
4077-HWUYD,72,Two year,DSL,87.55,6463.15,0,0.013256035481413653,Low
6685-GBWJZ,63,One year,DSL,70.8,4448.8,0,0.013227761314193611,Low
4967-WPNCF,72,Two year,DSL,63.7,4464.8,0,0.013200532156669305,Low
5231-FIQPA,41,Two year,No,19.85,810.45,0,0.013170954106343552,Low
3373-DIUUN,30,Two year,No,21.25,711.9,0,0.013076117424982119,Low
9110-HSGTV,69,Two year,DSL,82.45,5555.3,0,0.013050841465755903,Low
4654-ULTTN,70,Two year,DSL,74.8,5315.8,0,0.013044106328752442,Low
8316-BBQAY,65,Two year,DSL,59.95,3921.1,0,0.01300358633072627,Low
3957-SQXML,34,Two year,No,24.95,894.3,0,0.012998230287613587,Low
7633-MVPUY,57,Two year,DSL,59.75,3450.15,0,0.012991759843412236,Low
2824-DXNKN,72,Two year,DSL,71.45,5025.85,0,0.01298718313959393,Low
0788-DXBFY,58,One year,No,19.55,1108.8,0,0.0129838129171232,Low
0625-AFOHS,29,Two year,No,20.2,558.8,0,0.012967565090159493,Low
4955-VCWBI,43,One year,No,20.0,817.95,0,0.012936177329434665,Low
7205-BAIAD,40,Two year,No,20.6,827.3,0,0.01293422191156836,Low
2581-VKIRT,59,One year,DSL,65.5,3801.3,0,0.012910300963220635,Low
2661-GKBTK,60,Two year,DSL,76.95,4543.95,0,0.01290121150000637,Low
5397-NSKQG,67,Two year,DSL,50.9,3281.65,0,0.012900834555018064,Low
8184-WMOFI,62,One year,DSL,71.4,4487.3,0,0.012894163976815427,Low
3079-BCHLN,47,One year,No,19.9,942.95,0,0.012848127173042956,Low
1951-IEYXM,72,Two year,DSL,90.6,6441.85,0,0.012847714636364822,Low
6974-DAFLI,55,One year,No,19.7,1140.05,0,0.01283826937471717,Low
9477-LGWQI,70,Two year,DSL,80.15,5600.15,0,0.012795309030200173,Low
2595-KIWPV,27,Two year,No,19.7,509.3,0,0.012757690376649634,Low
0420-TXVSG,66,Two year,DSL,66.1,4428.45,0,0.012738571102124731,Low
4896-CPRPF,35,Two year,No,25.45,809.25,0,0.012730146310510976,Low
7131-ZQZNK,60,Two year,DSL,59.85,3590.2,0,0.012726169126229479,Low
5727-MYATE,72,Two year,DSL,90.8,6397.6,0,0.01271262903239176,Low
6418-PIQSP,62,Two year,DSL,81.0,4985.9,0,0.012710925053655163,Low
0602-DDUML,57,Two year,DSL,69.75,3894.4,0,0.01270069744327897,Low
0230-WEQUW,66,Two year,DSL,56.6,3789.2,0,0.012635986566354505,Low
6504-VBLFL,55,Two year,DSL,58.6,3068.6,0,0.012604421717741723,Low
3508-VLHCZ,71,Two year,DSL,90.55,6239.05,0,0.012601683431947843,Low
3161-ONRWK,60,One year,DSL,65.85,3928.3,0,0.01256326270242312,Low
0784-GTUUK,62,One year,No,23.75,1446.8,0,0.012547718250439358,Low
9073-ZZIAY,62,Two year,DSL,86.1,5215.25,0,0.012515466699595232,Low
9610-WCESF,67,Two year,DSL,43.9,3097.2,0,0.012506946348057867,Low
9140-CZQZZ,68,Two year,DSL,79.6,5515.8,0,0.01250015939097234,Low
9968-FFVVH,63,One year,DSL,68.8,4111.35,0,0.012490188454402404,Low
2511-ALLCS,35,Two year,No,24.3,821.6,0,0.012483073359803329,Low
9348-ROUAI,59,Two year,DSL,90.3,5194.05,0,0.012457200279311938,Low
5707-ZMDJP,53,Two year,DSL,69.7,3729.6,0,0.012446476403472314,Low
9418-RUKPH,38,Two year,No,19.95,756.4,0,0.012443500296022496,Low
4641-FROLU,30,Two year,No,19.3,602.9,0,0.01243705518717872,Low
1270-XKUCC,30,Two year,No,19.7,599.25,0,0.012431597718265262,Low
8577-QSOCG,38,Two year,No,20.2,746.05,0,0.012415613451982395,Low
4825-XJGDM,61,One year,DSL,43.7,2696.55,0,0.012373974478172754,Low
1335-MXCSE,55,Two year,DSL,55.25,3119.9,0,0.012369476944093594,Low
9068-VPWQQ,61,Two year,DSL,75.35,4729.3,0,0.01236708639671917,Low
4825-FUREZ,42,Two year,No,20.25,835.5,0,0.012353824169561602,Low
2428-HYUNX,44,Two year,No,19.35,847.25,0,0.012336443727845032,Low
4188-PCPIG,57,Two year,DSL,70.35,4124.65,0,0.012294729501291613,Low
8181-YHCMF,68,Two year,DSL,60.3,4109.0,0,0.012267243675838334,Low
1492-KGETH,70,One year,DSL,78.35,5445.95,0,0.012259067652726035,Low
7649-SIJJF,71,Two year,DSL,80.1,5585.4,0,0.012258113231460989,Low
4121-AGSIN,58,One year,No,24.5,1497.9,0,0.012249039397186216,Low
5329-KRDTM,72,Two year,DSL,77.35,5396.25,0,0.01220077306166293,Low
9631-RXVJM,35,Two year,No,19.25,677.9,0,0.012194012532517997,Low
4723-BEGSG,72,Two year,DSL,86.65,6094.25,0,0.012159853418953762,Low
3219-JQRSL,72,Two year,DSL,89.1,6352.4,0,0.012130052122396264,Low
5480-XTFFL,31,Two year,No,21.0,697.7,0,0.012112103349753269,Low
8859-YSTWS,48,One year,No,19.95,1004.5,0,0.012096163150668348,Low
8966-KZXXA,36,Two year,No,25.1,930.95,0,0.012087789874002547,Low
5458-CQJTA,65,Two year,DSL,74.8,4820.15,1,0.012071417623593862,Low
7349-ALMUX,37,Two year,DSL,65.6,2313.8,0,0.0120546630315433,Low
2885-HIJDH,69,Two year,DSL,86.9,6194.1,0,0.011997769308218125,Low
9067-SQTNS,44,One year,No,20.6,926.0,0,0.011967919578570796,Low
5676-CFLYY,71,Two year,DSL,73.35,5154.5,0,0.011946581616988505,Low
2384-OVPSA,38,Two year,No,20.2,735.9,0,0.01194086155148766,Low
0254-WWRKD,67,One year,DSL,50.55,3431.75,0,0.011936374089596758,Low
9055-MOJJJ,64,One year,DSL,65.8,4068.0,0,0.01193523285795864,Low
4291-TPNFG,72,Two year,DSL,82.3,5980.55,0,0.011928607661811766,Low
9435-JMLSX,71,Two year,DSL,86.1,6045.9,0,0.011914807470430321,Low
5930-GBIWP,69,Two year,DSL,81.5,5553.25,0,0.011880707183632764,Low
0556-FJEGU,58,Two year,DSL,70.1,4048.95,0,0.011880688248793207,Low
6551-VLJMV,34,Two year,No,20.05,679.0,0,0.011861589784244671,Low
7398-HPYZQ,71,Two year,DSL,90.55,6404.0,0,0.011853276301497977,Low
3967-KXAPS,72,Two year,DSL,92.3,6719.9,0,0.01182950365722641,Low
8039-EQPIM,69,Two year,DSL,60.25,4055.5,0,0.011786804808224544,Low
0567-XRHCU,69,Two year,DSL,43.95,2960.1,0,0.01177178257778485,Low
1269-FOYWN,44,One year,No,20.0,860.85,0,0.011771033990418076,Low
3813-DHBBB,67,Two year,DSL,50.95,3521.7,0,0.011758398798234745,Low
9803-FTJCG,71,One year,DSL,66.85,4748.7,0,0.011752862841508215,Low
1084-MNSMJ,51,Two year,DSL,85.5,4421.95,0,0.011748160251062432,Low
6152-ONASV,68,One year,DSL,58.25,3975.7,0,0.011737756656014,Low
1414-YADCW,70,Two year,Fiber optic,84.6,5706.2,0,0.011734723839645212,Low
9489-DEDVP,70,Two year,DSL,69.2,4872.35,0,0.011731080427978281,Low
8292-ITGYJ,45,Two year,No,24.65,1138.8,0,0.011721528951186526,Low
5542-NKVRU,42,Two year,No,20.75,844.45,0,0.011718433515942185,Low
6953-PBDIN,70,Two year,DSL,72.95,5265.55,0,0.01167576122550597,Low
5680-LQOGP,68,Two year,DSL,82.45,5646.6,0,0.01165857949633048,Low
8874-EJNSR,39,Two year,No,25.2,987.95,0,0.011655812921201207,Low
2990-IAJSV,72,Two year,DSL,92.0,6632.75,0,0.011642575965030318,Low
5320-BRKGK,58,Two year,DSL,75.8,4415.75,0,0.011639615603494635,Low
5266-PFRQK,52,One year,No,20.85,1071.6,0,0.01159754098705975,Low
3779-OSWCF,71,Two year,DSL,93.2,6506.15,0,0.011584186229004614,Low
9361-YNQWJ,64,One year,No,24.4,1601.2,0,0.011579579814890148,Low
6169-PGNCD,57,Two year,DSL,74.3,4166.35,0,0.011571172734766058,Low
3938-YFPXD,72,Two year,DSL,84.3,5997.1,0,0.011563842533191855,Low
1221-GHZEP,62,Two year,DSL,65.1,3846.75,0,0.011524918444538543,Low
6701-DHKWQ,61,Two year,DSL,51.35,3244.4,0,0.011503092259055782,Low
4635-EJYPD,32,Two year,No,18.95,613.95,0,0.01148686278793983,Low
8050-XGRVL,62,One year,DSL,54.75,3425.35,0,0.011480108847444957,Low
6813-GZQCG,45,Two year,No,24.65,1171.3,0,0.011470596229672322,Low
4701-LKOZD,70,Two year,DSL,89.75,6367.2,0,0.011467169421301245,Low
7321-KKSDU,32,Two year,No,20.5,696.8,0,0.011465149827199967,Low
6461-SZMCV,71,Two year,DSL,87.95,6365.35,0,0.011460309459405392,Low
8219-VYBVI,39,Two year,No,25.0,1004.35,0,0.0114238311735069,Low
7945-PRBVF,35,Two year,No,21.45,705.45,0,0.011421251941645399,Low
5360-XGYAZ,72,Two year,DSL,65.65,4664.5,0,0.011391092155845746,Low
3227-WLKLI,65,Two year,DSL,91.55,5963.95,0,0.011381042224647187,Low
6870-ZWMNX,70,Two year,DSL,76.1,5264.25,0,0.011372274998284077,Low
5879-HMFFH,72,Two year,DSL,88.05,6520.8,0,0.011306741998190485,Low
9242-TKFSV,72,Two year,DSL,65.1,4754.3,0,0.01129730145497998,Low
8430-TWCBX,49,One year,No,20.7,1032.05,0,0.011266874208341925,Low
0048-PIHNL,49,One year,No,20.45,900.9,0,0.011236040955987453,Low
1839-FBNFR,39,Two year,No,19.85,854.8,0,0.011233191940909529,Low
3084-DOWLE,72,Two year,DSL,92.0,6474.4,0,0.01122933278405432,Low
9585-KKMFD,41,Two year,No,20.0,879.8,0,0.0112238450426857,Low
2194-IIQOF,71,Two year,DSL,89.3,6388.65,0,0.011206822098334252,Low
7103-ZGVNT,69,One year,DSL,73.7,4885.85,0,0.01120627067070126,Low
5275-PMFUT,72,Two year,DSL,64.8,4719.75,0,0.011198525364564957,Low
0301-FIDRB,72,Two year,DSL,63.8,4684.3,0,0.011181210452644828,Low
7781-HVGMK,72,Two year,DSL,65.2,4784.45,0,0.01114176502414023,Low
9624-EGDEQ,37,Two year,No,19.8,813.3,0,0.011135814114083506,Low
8902-ZEOVF,47,One year,No,20.05,951.55,0,0.01110980245916445,Low
4973-MGTON,71,Two year,DSL,84.4,5969.3,0,0.011092031269516729,Low
8234-GSZYK,43,Two year,No,26.45,1110.05,0,0.011073496036176378,Low
8917-FAEMR,37,Two year,No,19.85,784.25,0,0.011057660043356033,Low
2234-EOFPT,72,Two year,DSL,79.35,5753.25,0,0.011006933781136152,Low
5642-MHDQT,53,One year,No,19.85,1039.45,0,0.011006263907128867,Low
9650-VBUOG,38,Two year,No,25.05,963.95,0,0.010990700436090295,Low
1699-UOTXU,60,Two year,DSL,61.4,3638.25,0,0.01096427271472766,Low
2160-GPFXD,54,Two year,DSL,65.65,3566.7,0,0.010959613259093408,Low
1985-MBRYP,43,Two year,No,19.65,779.25,0,0.010939739151466546,Low
9732-OUYRN,49,One year,No,19.0,918.7,0,0.010937989981219587,Low
8374-UULRV,72,Two year,DSL,86.05,6309.65,0,0.010922914520102574,Low
2649-HWLYB,65,Two year,DSL,76.15,4929.55,0,0.01089332954188239,Low
4632-XJMEX,53,One year,DSL,62.85,3419.5,0,0.010883409599992578,Low
4312-GVYNH,70,Two year,DSL,49.85,3370.2,0,0.010865217098055026,Low
6463-MVYRY,57,Two year,DSL,69.85,4003.0,0,0.010857577444315729,Low
3769-MHZNV,33,Two year,No,20.1,670.35,0,0.010841135772273525,Low
3284-SVCRO,45,Two year,No,25.5,1121.05,0,0.01080764084343614,Low
0361-HJRDX,68,Two year,DSL,64.35,4539.6,0,0.01080323761781213,Low
5494-WOZRZ,71,Two year,DSL,82.0,5999.85,0,0.010754558663200015,Low
6177-PEVRA,48,Two year,DSL,55.5,2627.35,0,0.010753120398495143,Low
6885-PKOAM,71,Two year,DSL,85.75,6223.8,0,0.010721086796574106,Low
6922-NCEDI,56,One year,No,21.2,1238.65,0,0.010655343343387582,Low
2589-AYCRP,50,One year,No,19.75,989.05,0,0.010637402700292077,Low
5148-ORICT,64,Two year,DSL,74.35,4759.55,0,0.010595364742939609,Low
9443-JUBUO,72,Two year,DSL,65.25,4478.85,0,0.010563497022726298,Low
9602-WCXPI,50,One year,No,20.15,989.05,0,0.010554765304446692,Low
7873-CVMAW,72,Two year,DSL,88.55,6362.35,0,0.010539042627353687,Low
7359-SSBJK,64,Two year,DSL,70.2,4481.0,1,0.01049547727120125,Low
0440-EKDCF,62,Two year,DSL,60.15,3753.2,0,0.010486143400069963,Low
6388-TABGU,62,One year,DSL,56.15,3487.95,0,0.01047655856631021,Low
0744-BIKKF,72,Two year,DSL,86.65,6224.8,0,0.01047416153886511,Low
0839-JTCUD,66,Two year,DSL,89.9,5958.85,0,0.010460729389133687,Low
7018-FPXHH,56,Two year,DSL,59.8,3457.45,0,0.010444152908876831,Low
8191-XWSZG,52,One year,No,20.65,1022.95,0,0.010435464471593344,Low
0582-AVCLN,38,Two year,No,20.3,743.05,0,0.01040142096662516,Low
2300-RQGOI,38,Two year,No,20.05,741.5,0,0.010394536400719898,Low
3950-VPYJB,57,One year,DSL,59.6,3509.4,0,0.010250581600204652,Low
1209-VFFOC,68,Two year,DSL,56.4,3948.45,0,0.010218219791887138,Low
1027-LKKQQ,72,Two year,DSL,80.45,5886.85,0,0.010215679788450921,Low
3050-RLLXC,56,Two year,DSL,81.25,4620.4,0,0.010201861638682629,Low
2535-PBCGC,70,Two year,DSL,64.55,4504.9,0,0.010194498294294184,Low
6115-ZTBFQ,72,Two year,DSL,65.5,4919.7,0,0.01018686755769447,Low
0442-TDYUO,48,Two year,No,20.05,1036.0,0,0.010150747473943778,Low
1087-GRUYI,38,Two year,No,20.4,743.5,0,0.010101088199608478,Low
9710-NJERN,39,Two year,No,20.15,826.0,0,0.010078651367585413,Low
7560-QRBXH,48,One year,No,19.95,936.7,0,0.010046184958264917,Low
1116-FRYVH,48,Two year,DSL,39.4,1978.65,0,0.010038468279971156,Low
7601-GNDYK,35,Two year,No,19.6,686.95,0,0.010023536294051937,Low
3472-QPRCH,40,Two year,No,25.25,1006.9,0,0.01001936675478849,Low
6374-AFWOX,46,Two year,DSL,65.65,3047.15,0,0.010003769635792015,Low
5176-LMJXE,47,Two year,No,20.55,945.7,0,0.00999801323280998,Low
7471-WNSUF,60,One year,No,24.15,1505.9,0,0.009996144392186974,Low
5310-NOOVA,46,Two year,No,19.95,907.05,0,0.009982482720055459,Low
7963-SHNDT,52,Two year,DSL,39.1,1982.1,0,0.00996560399537393,Low
8580-QVLOC,72,Two year,DSL,92.45,6440.25,1,0.009958454175983684,Low
5845-BZZIB,35,Two year,No,20.1,655.3,0,0.009951851252994802,Low
7639-OPLNG,70,Two year,DSL,79.25,5731.85,0,0.009929684463606777,Low
9620-QJREV,47,One year,No,20.55,1013.05,0,0.009925729196971078,Low
8690-ZVLCL,68,Two year,DSL,88.0,6161.9,0,0.009893262044802434,Low
7524-VRLPL,69,Two year,DSL,74.1,5031.0,0,0.009880522558842761,Low
6723-CEGQI,65,Two year,DSL,45.25,2933.95,0,0.009828505957532378,Low
5338-YHWYT,37,Two year,DSL,61.45,2302.35,0,0.00978923732711576,Low
3902-MIVLE,63,Two year,DSL,75.7,4676.7,0,0.009788345287378224,Low
0379-DJQHR,67,Two year,DSL,81.35,5398.6,0,0.009786004038293515,Low
8722-PRFDV,71,Two year,DSL,77.55,5574.35,0,0.009764244955827455,Low
0343-QLUZP,60,Two year,DSL,39.6,2424.5,0,0.009754292919962666,Low
5377-NDTOU,71,Two year,DSL,91.05,6293.75,0,0.00974783915568397,Low
2729-VNVAP,33,Two year,No,19.8,641.35,0,0.009693874402774241,Low
4933-BSAIP,40,Two year,No,19.1,780.1,0,0.009681922869411592,Low
2208-NKVVH,43,Two year,No,24.25,1077.95,0,0.009681788517626166,Low
5181-OABFK,56,Two year,DSL,61.3,3346.8,0,0.009676270853298414,Low
2263-SFSQZ,51,Two year,No,24.95,1222.25,0,0.009665580707503904,Low
3704-IEAXF,72,Two year,DSL,53.65,3784.0,0,0.009631228604202933,Low
0244-LGNFY,72,Two year,DSL,92.65,6733.0,0,0.009581591014661425,Low
6439-PKTRR,70,Two year,DSL,80.7,5617.95,0,0.009566818075667772,Low
3500-NSDOA,68,Two year,DSL,70.8,4859.95,0,0.00956638018261356,Low
2451-YMUXS,67,Two year,DSL,64.55,4250.1,0,0.00955622602728865,Low
4735-BJKOU,40,Two year,No,20.15,804.85,0,0.009521741603467823,Low
3712-PKXZA,61,One year,No,20.55,1252.0,0,0.009511949282586609,Low
2378-YIZKA,68,Two year,DSL,85.0,5607.75,0,0.009494425289887937,Low
6169-PPETC,35,Two year,No,20.5,759.35,0,0.009476676757200996,Low
2580-ATZSQ,65,One year,DSL,61.35,3874.1,0,0.009445680588890648,Low
6532-YLWSI,53,One year,No,20.8,1021.8,1,0.009417167839858989,Low
8205-VSLRB,70,Two year,DSL,77.3,5498.2,0,0.00939986681031769,Low
4915-BFSXL,70,Two year,DSL,68.95,4858.7,0,0.00939500318046087,Low
5736-YEJAX,69,Two year,DSL,79.45,5502.55,0,0.009372141259175189,Low
8146-QQKZH,71,Two year,DSL,81.85,5924.4,0,0.009333525446621187,Low
4674-HGNUA,71,Two year,DSL,89.9,6457.15,0,0.00932428855288454,Low
6000-UKLWI,41,Two year,No,20.15,802.35,0,0.009231867384626889,Low
6625-IUTTT,67,Two year,DSL,65.55,4361.55,0,0.009210169259941565,Low
7274-CGTOD,62,Two year,DSL,43.7,2618.3,0,0.009151368683166308,Low
1459-QNFQT,70,Two year,DSL,59.5,4144.8,0,0.009149293783787373,Low
7073-QETQY,66,One year,No,20.35,1359.5,0,0.009143475694382818,Low
5117-ZSMHQ,71,Two year,DSL,89.9,6342.7,0,0.009141846342703711,Low
8249-THVEC,51,One year,No,19.4,997.75,0,0.009132055916838574,Low
0363-SVHYR,71,Two year,DSL,86.85,6263.8,0,0.009129154337030458,Low
7722-VJRQD,72,Two year,DSL,60.95,4549.05,0,0.009124019536655795,Low
8402-OOOHJ,41,Two year,No,20.65,835.15,0,0.009114547267211403,Low
7340-KEFQE,51,Two year,DSL,34.2,1782.0,0,0.009112651441725145,Low
3569-JFODW,72,Two year,DSL,90.95,6652.45,0,0.009102505801817172,Low
1775-KWJKQ,72,Two year,DSL,89.85,6562.9,0,0.009086255531765317,Low
9451-WLYRI,53,One year,No,19.05,990.45,0,0.009054166516457565,Low
3097-FQTVJ,41,Two year,No,20.0,810.3,0,0.009052576250663984,Low
3262-EIDHV,72,Two year,DSL,84.7,5893.9,0,0.009051658570526748,Low
8780-YRMTT,66,Two year,DSL,47.4,3177.25,0,0.009040060135334602,Low
9489-JMTTN,72,Two year,DSL,89.75,6595.9,0,0.008965107891200919,Low
9823-EALYC,72,Two year,DSL,80.85,5727.45,0,0.00896111888527159,Low
7101-HRBLJ,72,Two year,DSL,83.7,6096.9,0,0.008951918022341208,Low
0730-BGQGF,71,Two year,DSL,90.3,6287.3,0,0.00894848157518349,Low
5006-MXVRN,39,Two year,No,20.7,762.45,0,0.0089440291343836,Low
2925-VDZHY,72,Two year,DSL,88.7,6501.35,0,0.008938654890353313,Low
3451-VAWLI,35,Two year,No,19.7,730.4,0,0.008933427953627279,Low
4521-WFJAI,56,Two year,No,25.95,1444.05,0,0.008932069218666665,Low
8046-DNVTL,62,Two year,DSL,38.6,2345.55,0,0.008910149214088238,Low
4012-YCFAI,60,Two year,DSL,61.35,3766.2,0,0.008826543316527427,Low
7560-QJAVJ,70,Two year,DSL,79.6,5589.45,0,0.008818012062273504,Low
4102-HLENU,67,Two year,DSL,65.65,4322.85,0,0.008797625349796376,Low
5296-BFCYD,46,Two year,No,20.1,936.85,0,0.008791843152933205,Low
7408-OFWXJ,72,Two year,DSL,89.8,6510.45,0,0.008779913937615305,Low
5915-ANOEI,70,Two year,DSL,79.15,5536.5,0,0.00875511749623743,Low
4652-ODEVH,45,Two year,No,24.45,1088.25,0,0.00875479972914704,Low
0506-YLVKJ,46,Two year,No,20.2,917.45,0,0.008751152735290906,Low
6288-CHQJB,54,Two year,DSL,69.95,3871.85,0,0.00874740756372845,Low
3727-OVPRY,66,One year,No,25.7,1714.55,0,0.008741439683547084,Low
2642-MAWLJ,36,Two year,No,20.25,717.95,0,0.008717385570277517,Low
6479-SZPLM,36,Two year,No,19.45,754.5,0,0.008715463002843803,Low
5176-OLSKT,66,Two year,DSL,66.9,4370.25,0,0.008708646584244707,Low
1716-LSAMB,45,Two year,DSL,54.65,2553.7,0,0.008691626906410874,Low
8592-PLTMQ,64,One year,No,24.7,1642.75,0,0.008663454918698993,Low
0362-RAOQO,40,Two year,No,19.65,830.25,0,0.008625173516724857,Low
1043-YCUTE,56,Two year,No,25.15,1327.15,1,0.008622640063871137,Low
0318-ZOPWS,49,Two year,No,20.15,973.35,0,0.008622556584582204,Low
9488-FVZCC,72,Two year,DSL,79.5,5661.7,0,0.008616636049138444,Low
8468-FZTOE,72,Two year,DSL,74.35,5237.4,0,0.008604344441390025,Low
4475-NVTLU,45,Two year,No,19.2,903.7,0,0.008600984466353703,Low
0238-WHBIQ,72,Two year,DSL,89.7,6339.3,0,0.008600516222743737,Low
3067-SVMTC,68,One year,DSL,55.9,3848.8,0,0.008597736167056459,Low
2296-DKZFP,65,Two year,DSL,71.0,4386.2,0,0.008595385801208815,Low
8990-YOZLV,69,Two year,DSL,66.9,4577.9,0,0.00858525112481491,Low
2796-NNUFI,46,Two year,No,19.95,927.1,0,0.008583717994715594,Low
5795-BKOYE,69,One year,DSL,59.1,4134.7,0,0.008568678092562896,Low
2821-WARNZ,49,One year,No,19.45,921.3,0,0.00855605582405206,Low
7197-VOJMM,67,Two year,DSL,69.2,4671.65,0,0.008554540840915366,Low
5993-JSUWV,66,Two year,DSL,61.15,4017.45,0,0.008545299632093106,Low
8336-TAVKX,72,Two year,DSL,78.45,5682.25,0,0.008540761531656582,Low
0608-JDVEC,50,Two year,No,19.8,1013.2,0,0.00853189073896088,Low
0936-NQLJU,41,Two year,No,20.65,875.55,0,0.00849216075073715,Low
1047-RNXZV,43,Two year,No,19.55,876.15,0,0.008470815663275098,Low
7696-CFTAT,37,Two year,No,19.8,726.1,0,0.008469550815850168,Low
4194-FJARJ,54,Two year,DSL,60.0,3273.95,0,0.008465173342759641,Low
9588-YRFHY,49,Two year,No,19.9,1022.6,0,0.008448092082376832,Low
0206-OYVOC,46,Two year,No,19.25,864.2,0,0.008445728334341106,Low
5135-RDDQL,63,Two year,DSL,50.65,3221.25,0,0.008443553059581879,Low
0732-OCQOC,52,Two year,No,25.05,1270.25,0,0.0084355041185312,Low
9453-PATOS,72,Two year,DSL,85.1,6155.4,0,0.008413069492347408,Low
3719-TDVQB,54,Two year,No,18.95,1031.1,0,0.008361987458125168,Low
5766-FTRTS,72,Two year,DSL,84.45,6033.1,0,0.008335161426087414,Low
3487-EARAT,70,One year,DSL,74.1,5222.3,0,0.008315906021354309,Low
2208-MPXIO,45,Two year,No,20.0,886.4,0,0.008304093835455441,Low
0019-GFNTW,56,Two year,DSL,45.05,2560.1,0,0.008282581539002389,Low
7601-DHFWZ,48,Two year,No,24.0,1183.05,0,0.008250262389191817,Low
5044-XDPYX,51,Two year,No,25.5,1281.25,0,0.008243047426851132,Low
3533-UVMOM,68,Two year,DSL,70.95,4741.45,0,0.008202290041715523,Low
0621-TSSMU,56,One year,No,19.95,1126.75,0,0.008197729525171334,Low
8631-NBHFZ,66,Two year,DSL,79.4,5154.6,1,0.008132246992954938,Low
8597-CTXVJ,70,One year,DSL,64.95,4551.5,0,0.008129709490461042,Low
6080-LNESI,51,Two year,No,24.75,1234.6,0,0.008121618610487387,Low
5804-JMYIO,39,Two year,No,19.75,757.95,0,0.008119596895661017,Low
9755-JHNMN,49,Two year,DSL,67.4,3306.85,0,0.008110815076128939,Low
5614-DNZCE,58,Two year,DSL,64.9,3795.45,0,0.00809178841272531,Low
5968-HYJRZ,47,Two year,No,24.55,1160.45,0,0.008035988374547531,Low
6695-AMZUF,70,Two year,DSL,86.45,5950.2,0,0.008003537771435303,Low
6614-YOLAC,71,Two year,DSL,58.65,4145.25,0,0.007995511260114906,Low
6725-TPKJO,44,Two year,No,20.05,845.25,0,0.007987457669604932,Low
1106-HRLKZ,40,Two year,No,19.6,808.95,0,0.007974649079483625,Low
9281-CEDRU,68,Two year,DSL,64.1,4326.25,0,0.007951819035669725,Low
5356-KZCKT,58,Two year,No,24.45,1513.6,0,0.007939424543153058,Low
6348-SNFUS,72,Two year,DSL,55.45,4179.2,0,0.007910797988377802,Low
1074-WVEVG,59,One year,No,20.35,1267.0,0,0.007898414696573933,Low
0973-KYVNF,72,Two year,DSL,70.65,5011.15,0,0.007887251713354809,Low
5995-LFTLE,58,Two year,No,25.3,1474.35,0,0.007870977059118595,Low
7998-WNZEM,71,Two year,DSL,80.6,5708.2,0,0.007865941559173275,Low
6292-TOSSS,50,Two year,No,24.9,1195.25,0,0.007860421830565165,Low
7898-PDWQE,71,Two year,DSL,80.4,5727.15,0,0.007855729545607511,Low
2888-ADFAO,47,Two year,No,21.3,1041.8,0,0.00778971717642975,Low
9661-JALZV,58,Two year,No,24.7,1519.0,0,0.0077837035912086796,Low
1599-EAHXY,60,One year,No,23.95,1506.4,0,0.007763379504335813,Low
9065-ZCPQX,72,Two year,DSL,78.85,5763.15,0,0.007738698338533355,Low
6925-BAYGL,53,Two year,No,25.1,1275.6,0,0.007688152482062901,Low
3120-FAZKD,54,Two year,No,24.05,1230.9,0,0.007687276869764769,Low
9170-ARBTB,52,One year,No,19.6,1012.4,0,0.00767405090870602,Low
8626-XHBIE,56,Two year,No,24.8,1424.2,0,0.00765446054264375,Low
4779-ZGICK,48,Two year,No,23.55,1173.35,0,0.007646054725016367,Low
5075-JSDKI,59,Two year,No,24.45,1493.1,0,0.007642447597855807,Low
2251-PYLPB,72,Two year,DSL,79.55,5810.9,0,0.007606794292781283,Low
9593-CVZKR,56,Two year,No,24.45,1385.85,0,0.007599196435970351,Low
0848-SOMKO,70,Two year,DSL,48.4,3442.8,0,0.0075635603350608606,Low
1722-LDZJS,53,One year,No,20.2,1068.15,0,0.007552210601609156,Low
8042-RNLKO,66,One year,No,25.45,1699.15,0,0.007513670322229404,Low
3889-VWBID,68,Two year,DSL,82.85,5776.45,0,0.007509993265679117,Low
9503-XJUME,52,One year,No,19.65,928.4,0,0.007498799312311133,Low
5781-RFZRP,71,Two year,DSL,73.5,5357.75,0,0.0074979915505877515,Low
7872-BAAZR,53,One year,No,19.55,1007.9,0,0.007497741188708484,Low
2662-NNTDK,65,One year,No,24.8,1600.95,0,0.007493109062282204,Low
0769-MURVM,72,Two year,DSL,65.7,4575.35,0,0.007492799932374666,Low
4644-OBGFZ,55,One year,No,19.5,1026.35,0,0.007477754367357058,Low
1676-MQAOA,72,Two year,DSL,75.1,5336.35,0,0.0074750284519290505,Low
6407-GSJNL,51,Two year,No,24.95,1288.0,0,0.0074741110804695384,Low
6729-FZWSY,67,One year,No,19.45,1195.95,0,0.007446903278516323,Low
5115-GZDEL,72,Two year,DSL,67.2,4671.7,0,0.007441107596485669,Low
3785-KTYSH,53,Two year,No,24.6,1279.0,0,0.0074016412441155945,Low
4139-DETXS,72,Two year,DSL,64.45,4528.0,0,0.007395772027638012,Low
0774-RMNUW,71,Two year,DSL,59.7,4122.65,0,0.007385615821105383,Low
8242-PDSGJ,70,Two year,DSL,39.15,2692.75,0,0.00734994313243491,Low
4625-LAMOB,44,Two year,No,20.4,905.55,0,0.007303557874172768,Low
8922-NPKBJ,42,Two year,No,19.35,867.3,0,0.007291692277367916,Low
2882-WDTBA,69,Two year,DSL,75.75,5388.15,0,0.007250209150765393,Low
5939-SXWHM,48,Two year,No,26.3,1245.05,0,0.007241916709070826,Low
4878-BUNFV,42,Two year,No,20.7,828.85,0,0.007234314346490593,Low
9646-NMHXE,47,Two year,No,19.65,973.1,0,0.007224014767745745,Low
8807-OPMBM,55,Two year,No,25.65,1388.0,0,0.007221063189995054,Low
7599-NTMDP,62,Two year,DSL,48.7,3008.55,0,0.007206432742548093,Low
9068-FHQHD,40,Two year,No,20.15,777.35,0,0.007190173267500894,Low
2969-VAPYH,67,One year,DSL,60.5,3870.0,0,0.007188978239992177,Low
6770-UAYGJ,49,Two year,No,25.25,1211.65,0,0.007187180250417366,Low
5803-NQJZO,72,Two year,DSL,67.8,4804.65,0,0.007171606319668214,Low
6980-CDGFC,67,One year,No,20.85,1327.4,0,0.00716472413393766,Low
5201-CBWYG,62,One year,No,24.8,1476.25,0,0.007164327697382287,Low
2162-FRZAA,63,Two year,DSL,39.35,2395.05,0,0.00712757225666626,Low
3662-FXJFO,54,Two year,No,20.5,1035.7,0,0.007115235364093905,Low
0052-YNYOT,67,One year,No,20.55,1343.4,0,0.007093446023752566,Low
8215-NGSPE,42,Two year,No,20.0,833.55,0,0.0070834581565234625,Low
9481-WHGWY,70,Two year,DSL,75.35,5437.75,0,0.007081429877236548,Low
5549-ZGHFB,50,Two year,No,24.95,1261.45,0,0.007055478536732327,Low
5529-GIBVH,47,Two year,No,20.15,1046.2,0,0.0070321557294057814,Low
0885-HMGPY,62,Two year,DSL,69.4,4237.5,0,0.007030700003818545,Low
6096-EGVTU,64,One year,No,24.9,1595.5,0,0.007018031904599746,Low
2908-WGAXL,56,Two year,No,24.95,1468.9,0,0.006988399871920363,Low
4872-JCVCA,71,Two year,DSL,47.6,3377.8,0,0.006967428422370703,Low
6384-VMJHP,72,Two year,DSL,73.0,5265.2,0,0.006961664244371461,Low
5196-WPYOW,67,One year,DSL,60.05,3994.05,0,0.006884315918183564,Low
7162-WPHPM,58,Two year,DSL,71.6,4230.25,0,0.0068833244911238305,Low
5846-NEQVZ,71,Two year,DSL,70.85,4973.4,0,0.006874478953888803,Low
9938-PRCVK,41,Two year,No,19.7,804.25,0,0.006868836585951411,Low
5465-BUBFA,41,Two year,No,19.3,772.4,0,0.006812252952858568,Low
5016-LIPDW,57,One year,No,19.4,1061.6,0,0.0067995620714952085,Low
5067-WJEUN,67,Two year,DSL,54.2,3838.2,0,0.006790442643908356,Low
9668-PUGNU,71,Two year,No,24.5,1816.2,0,0.006775967555850137,Low
2068-WWXQZ,46,Two year,No,20.05,902.0,0,0.006774652839746443,Low
4940-KHCWD,60,Two year,DSL,37.7,2288.7,0,0.006737790276208183,Low
2235-EZAIK,72,Two year,DSL,79.2,5401.9,0,0.0067330356365385615,Low
7009-PCARS,55,One year,No,19.1,1001.5,0,0.00672848086845231,Low
8338-QIUNR,72,Two year,DSL,66.5,4811.6,0,0.006718384016860509,Low
5457-COLHT,69,Two year,DSL,80.65,5542.55,0,0.006716285670428368,Low
3486-HOOGQ,70,Two year,DSL,79.7,5743.3,0,0.006694496159929471,Low
6164-HAQTX,71,Two year,DSL,53.95,3888.65,0,0.006684503930963528,Low
2954-PIBKO,69,Two year,DSL,64.15,4254.1,0,0.006681648360621746,Low
6365-HITVU,71,Two year,DSL,87.25,6328.7,0,0.006675847305362798,Low
6425-JWTDV,48,Two year,No,19.25,855.1,0,0.006660414816225353,Low
1073-XXCZD,55,Two year,No,25.7,1443.65,0,0.0066106275080027085,Low
9091-WTUUY,64,Two year,DSL,69.25,4447.75,0,0.006606126869884193,Low
0562-KBDVM,70,Two year,DSL,44.6,3058.15,0,0.0066008723433044385,Low
9769-TSBZE,70,Two year,DSL,66.0,4891.5,0,0.006594575521335964,Low
3764-MNMOI,46,Two year,No,19.2,908.15,0,0.006579808778743779,Low
8241-JUIQO,61,One year,No,19.45,1336.35,0,0.0065537167306289595,Low
6897-RWMUB,61,Two year,DSL,68.05,4158.25,0,0.00655222042250963,Low
6051-PTVNS,55,One year,No,19.15,998.1,0,0.006543048697637537,Low
6997-UVGOX,71,Two year,DSL,85.45,6029.9,0,0.006516036086427672,Low
5095-ETBRJ,55,Two year,DSL,56.8,3112.05,0,0.006509527167777936,Low
9639-BUJXT,63,One year,No,20.5,1328.15,0,0.006501725215097685,Low
6961-MJKBO,47,Two year,No,20.45,943.0,0,0.006500486320868845,Low
8532-UEFWH,52,Two year,No,25.75,1345.85,0,0.006499873211233656,Low
5093-FEGLU,47,Two year,No,19.65,921.55,0,0.006477020655752093,Low
2207-RYYRL,52,Two year,No,24.55,1331.05,0,0.006467469233783273,Low
7596-ZYWBB,65,Two year,DSL,59.6,3739.8,0,0.006455881566200063,Low
6283-GITPX,71,Two year,DSL,76.9,5522.7,0,0.006410902827771015,Low
3470-OBUET,67,Two year,DSL,74.0,4868.4,0,0.006407632972332009,Low
4335-BSMJS,62,Two year,No,25.8,1563.95,0,0.00640500042306228,Low
6518-PPLMZ,53,Two year,No,19.4,1110.35,0,0.0063795111218355694,Low
5242-UOWHD,45,Two year,No,20.35,929.2,0,0.006344569229070999,Low
7921-BEPCI,72,Two year,DSL,59.75,4265.0,0,0.006342874392215374,Low
1215-EXRMO,50,Two year,No,20.55,1067.65,0,0.006335507227513995,Low
5324-KTGCG,71,One year,No,20.85,1539.75,0,0.006333441213143931,Low
1248-DYXUB,52,Two year,No,24.8,1229.1,0,0.00630936292390551,Low
0562-FGDCR,72,Two year,DSL,74.55,5430.65,0,0.006307801210441261,Low
0932-YIXYU,47,Two year,No,20.25,1029.8,0,0.006307764334324629,Low
2560-QTSBS,72,One year,No,23.3,1623.15,0,0.006299550439203541,Low
3071-MVJCD,72,Two year,DSL,82.3,5815.15,0,0.006294341641563615,Low
8896-RAZCR,44,Two year,No,19.9,868.1,0,0.00628692117780672,Low
8587-XYZSF,67,Two year,DSL,50.55,3260.1,0,0.006222257202144329,Low
6479-VDGRK,72,Two year,DSL,85.3,6129.2,0,0.006203947987011893,Low
1207-BLKSA,52,Two year,No,23.05,1255.1,0,0.006202667870633089,Low
7306-YDSOI,69,Two year,DSL,59.75,4069.9,0,0.0061924182230166415,Low
7139-JZFVG,60,Two year,DSL,60.5,3694.45,0,0.006182597217739612,Low
3512-IZIKN,70,Two year,DSL,65.3,4759.75,1,0.006170134347435747,Low
0988-AADSA,72,Two year,DSL,80.85,5824.75,0,0.006164095447431391,Low
6619-RPLQZ,45,Two year,No,20.85,892.15,0,0.006157171315847785,Low
3913-FCUUW,72,Two year,DSL,70.45,5165.7,0,0.006152299619788895,Low
1814-WFGVS,72,Two year,DSL,48.9,3527.0,0,0.006151488795910478,Low
0526-SXDJP,72,Two year,DSL,42.1,2962.0,0,0.006141562687530061,Low
4018-PPNDW,61,Two year,No,24.1,1551.6,0,0.006105696623035957,Low
0336-PIKEI,72,Two year,DSL,74.4,5360.75,0,0.0060773272063201185,Low
4361-FEBGN,48,Two year,No,20.15,982.95,0,0.0060481876358507115,Low
9067-YGSCA,70,One year,No,26.05,1856.4,0,0.006034785334454245,Low
3200-MNQTF,67,Two year,DSL,70.9,4677.1,0,0.006019536416074912,Low
3948-KXDUF,66,Two year,DSL,68.75,4447.55,0,0.006012072514519309,Low
4299-OPXEJ,56,Two year,No,19.55,1080.55,0,0.006009953197021403,Low
9114-DPSIA,72,Two year,DSL,81.0,5750.0,0,0.00600301463725383,Low
5010-IPEAQ,67,Two year,DSL,54.2,3623.95,0,0.005999683886574703,Low
5666-MBJPT,65,Two year,No,25.1,1725.0,0,0.005998255993149748,Low
4900-MSOMT,72,Two year,DSL,80.2,5714.2,0,0.005995535475068794,Low
5472-CVMDX,68,Two year,DSL,38.9,2719.2,0,0.005972555815861081,Low
3580-GICBM,61,Two year,No,24.2,1445.2,0,0.00594885851976898,Low
9916-AYHTC,48,Two year,No,19.85,916.0,0,0.005947501038009839,Low
4992-LTJNE,72,Two year,DSL,55.3,3983.6,0,0.005946495655900725,Low
0386-CWRGM,46,Two year,No,19.4,967.85,0,0.0059459005627774085,Low
3399-BMLVW,51,Two year,DSL,60.5,3121.45,0,0.005931006749739189,Low
2077-DDHJK,68,Two year,DSL,70.9,4911.35,0,0.005925309418322273,Low
7416-CKTEP,57,Two year,No,19.6,1134.25,0,0.005922851000688699,Low
9993-LHIEB,67,Two year,DSL,67.85,4627.65,0,0.005899492360034116,Low
7242-EDTYC,44,Two year,No,19.55,819.95,0,0.005886045048461671,Low
8701-DGLVH,51,Two year,No,20.45,1042.65,0,0.0058359684617572995,Low
4698-KVLLG,51,Two year,No,19.6,967.9,0,0.005806613221458927,Low
6248-BSHKG,61,One year,No,20.4,1226.45,0,0.0057608132466741135,Low
1240-HCBOH,67,Two year,No,26.1,1759.55,0,0.00576051307848131,Low
4458-KVRBJ,59,Two year,No,25.0,1510.5,0,0.0057429736950717165,Low
3884-UEBXB,67,Two year,DSL,36.15,2434.45,0,0.005723966427544929,Low
1468-DEFNC,64,Two year,No,24.4,1548.65,0,0.00569840253963332,Low
0463-TXOAK,52,Two year,No,25.6,1334.5,0,0.005697052368107916,Low
6614-YWYSC,61,Two year,No,25.0,1501.75,0,0.005649696425345446,Low
1709-EJDOX,47,Two year,No,19.75,948.9,0,0.005621330908775415,Low
7608-RGIRO,62,Two year,No,24.4,1413.0,0,0.0055905482244156405,Low
5208-FVQKB,70,Two year,DSL,67.95,4664.15,0,0.0055616790565340656,Low
3088-FVYWK,53,Two year,No,25.55,1336.1,0,0.0055424004256110155,Low
7860-UXCRM,63,Two year,DSL,74.5,4674.55,0,0.005522649756835633,Low
1241-FPMOF,52,Two year,No,19.65,1025.05,0,0.0055119808608853045,Low
5699-BNCAS,71,Two year,No,24.65,1766.75,0,0.005505473306513031,Low
7860-KSUGX,72,Two year,DSL,64.45,4720.0,0,0.005500139625579987,Low
7647-GYYKX,54,Two year,No,20.35,1092.35,0,0.005481034506694952,Low
1231-YNDEK,58,Two year,No,19.15,1035.5,0,0.005471751906471469,Low
6695-FRVEC,67,Two year,DSL,60.4,3953.7,0,0.005460261429490702,Low
3795-GWTRD,63,Two year,DSL,75.55,4707.85,0,0.00545629105240852,Low
3429-IFLEM,71,Two year,DSL,77.35,5550.1,0,0.005421837365872784,Low
3190-ITQXP,46,Two year,No,20.25,890.35,0,0.005416648196240782,Low
5227-JSCFE,71,Two year,DSL,46.35,3353.4,0,0.005415181008955387,Low
1955-IBMMB,59,Two year,No,20.2,1192.3,0,0.005405624127673783,Low
2817-LVCPP,50,Two year,No,19.4,1023.95,0,0.005385762503743179,Low
8441-SHIPE,67,Two year,No,25.6,1790.35,0,0.005380984243276284,Low
7996-MHXLW,66,Two year,No,25.15,1683.6,0,0.0053561801844637,Low
6762-NSODU,46,Two year,No,19.4,958.15,0,0.0053409871181369015,Low
5970-GHJAW,46,Two year,No,19.95,862.4,0,0.005333301029452334,Low
9087-EYCPR,60,Two year,No,25.0,1505.05,0,0.005329634487595387,Low
8028-PNXHQ,62,Two year,No,24.25,1424.6,0,0.00532612543876239,Low
9975-GPKZU,46,Two year,No,19.75,856.5,0,0.005324359759633218,Low
9251-AWQGT,48,Two year,No,20.0,935.9,0,0.0053215569133902825,Low
6087-YPWHO,72,Two year,DSL,68.15,4808.7,0,0.00531066169432865,Low
2481-SBOYW,61,Two year,No,25.0,1498.35,0,0.005302797559978971,Low
1852-QSWCD,64,Two year,No,24.8,1514.85,0,0.005295250462510415,Low
2176-OSJUV,71,Two year,DSL,65.15,4681.75,0,0.005278236861291056,Low
2143-LJULT,67,Two year,No,25.25,1733.15,0,0.005273420489517458,Low
4807-IZYOZ,51,Two year,No,20.65,1020.75,0,0.005271221258423677,Low
3154-HMWUU,60,Two year,No,20.5,1198.8,0,0.005267277509587012,Low
2230-XTUWL,48,Two year,No,19.55,883.35,0,0.0052505644663886275,Low
8039-ACLPL,72,Two year,DSL,68.75,4888.2,0,0.005237915918035103,Low
7503-EPSZW,64,Two year,No,24.05,1559.15,0,0.005235041675814917,Low
3212-KXOCR,52,Two year,No,21.0,1107.2,0,0.005225143768098228,Low
4302-ZYFEL,69,One year,No,20.55,1403.1,0,0.0052163462968324616,Low
8361-LBRDI,58,Two year,No,24.35,1423.85,0,0.005214479811153687,Low
9504-YAZWB,53,Two year,No,20.25,1048.45,0,0.005155112529762334,Low
1085-LDWAM,69,One year,No,20.35,1442.65,0,0.005154236366602908,Low
7634-HLQJR,47,Two year,No,20.05,1016.7,0,0.005148165321800277,Low
6217-KDYWC,57,Two year,No,19.6,1170.55,0,0.00513754688835907,Low
4742-TXUEX,47,Two year,No,19.3,890.5,0,0.005137317438380343,Low
9507-HSMMZ,54,Two year,No,20.0,1149.65,0,0.005125109213167823,Low
9372-TXXPS,60,Two year,DSL,59.85,3483.45,0,0.005121640846701354,Low
4636-TVXVG,62,One year,No,19.95,1244.8,0,0.005093756670344863,Low
0621-CXBKL,53,Two year,No,18.7,1005.7,0,0.0050922203569269955,Low
1862-QRWPE,48,Two year,No,20.65,1057.0,0,0.005089067108036012,Low
4785-FCIFB,61,Two year,No,24.4,1417.9,0,0.005069817138853599,Low
9499-XPZXM,72,Two year,DSL,64.75,4804.75,0,0.005053065399220484,Low
7033-CLAMM,48,Two year,No,20.2,1027.25,0,0.005049389633537905,Low
5605-XNWEN,72,Two year,No,25.0,1802.55,0,0.005012299336449021,Low
1080-BWSYE,64,Two year,No,25.65,1740.8,0,0.004981032932745378,Low
8207-VVMYB,70,Two year,No,26.0,2006.95,0,0.004977334211797689,Low
9081-WWXKP,47,Two year,No,20.25,873.4,0,0.004971059173834183,Low
1697-LYYYX,61,One year,No,19.1,1143.8,0,0.0049672925595717595,Low
0531-XBKMM,66,Two year,DSL,65.7,4378.9,0,0.004960057415008451,Low
4979-HPRFL,56,Two year,No,24.15,1402.25,0,0.004958756783715544,Low
1241-EZFMJ,61,Two year,No,25.45,1538.6,0,0.004955308965776495,Low
0229-LFJAF,72,Two year,DSL,69.65,4908.25,0,0.0049365750443593134,Low
2314-TNDJQ,72,Two year,DSL,55.65,3880.05,0,0.004936571409381287,Low
2228-BZDEE,54,Two year,No,20.1,1079.45,0,0.004930924961705242,Low
1657-DYMBM,53,Two year,No,19.9,1110.05,0,0.004929729598363475,Low
2452-MRMZF,72,Two year,No,25.7,1937.4,0,0.004926337957448101,Low
3359-DSRKA,58,Two year,No,19.85,1158.85,0,0.004877489504134498,Low
6370-ZVHDV,61,Two year,No,25.3,1554.9,0,0.004868652804950662,Low
6253-GNHWH,71,Two year,DSL,71.1,5224.95,0,0.004864661201953167,Low
1619-YWUBB,68,Two year,No,24.95,1614.9,0,0.004861510514087086,Low
3400-ESFUW,55,Two year,DSL,57.55,3046.4,1,0.004857714015898559,Low
2560-WBWXF,68,Two year,No,24.15,1498.85,0,0.0048506600383679275,Low
2799-TSLAG,65,Two year,No,25.3,1748.55,0,0.004836824363014464,Low
2418-TPEUN,56,Two year,No,19.8,1119.9,0,0.00482519870953368,Low
8882-TLVRW,69,Two year,DSL,39.1,2779.5,0,0.004816445291185063,Low
9359-JANWS,65,Two year,DSL,58.9,3857.1,0,0.004812134752103503,Low
6139-ZZRBQ,64,Two year,No,20.05,1198.05,0,0.004806013562514828,Low
2675-IJRGJ,53,Two year,No,19.65,978.0,0,0.004798291712615601,Low
8838-GPHZP,63,Two year,No,20.6,1298.7,0,0.004759410283607326,Low
9814-AOUDH,53,Two year,No,19.5,1050.5,0,0.004740476261709147,Low
5334-AFQJB,72,Two year,No,25.1,1789.9,0,0.004735431352869261,Low
3148-AOIQT,69,Two year,No,24.95,1718.35,0,0.004734450356951339,Low
9953-ZMKSM,63,Two year,No,25.25,1559.3,0,0.004723919161566791,Low
1705-GUHPV,63,Two year,No,24.2,1618.2,0,0.0046853773457998715,Low
0508-SQWPL,57,Two year,No,20.1,1087.7,0,0.004683886534626887,Low
3913-RDSJZ,64,Two year,No,25.55,1714.95,0,0.004673452602295648,Low
8069-RHUXK,67,Two year,DSL,35.7,2545.7,0,0.004663815540242831,Low
1574-DYCWE,51,Two year,No,19.95,1028.75,0,0.004658946470484976,Low
6349-JDHQP,53,Two year,No,19.85,1049.6,0,0.004640536527547638,Low
0603-TPMIB,59,Two year,No,25.45,1534.05,0,0.00463206011553319,Low
3967-VQOGC,67,Two year,No,24.9,1680.25,0,0.004619847491403027,Low
1813-JLKWR,64,One year,No,19.8,1336.65,0,0.004595618469632842,Low
9795-SHUHB,66,Two year,DSL,58.2,3810.8,0,0.004591882170103434,Low
1266-NZYUI,72,Two year,DSL,66.85,4758.8,0,0.004587881056295636,Low
9220-CXRSC,69,Two year,DSL,61.4,4059.85,0,0.004586441206170984,Low
8540-ZQGEA,54,Two year,No,20.05,1102.4,0,0.0045729586340497235,Low
6917-FIJHC,72,Two year,No,26.0,1776.0,0,0.004569713967201814,Low
0281-CNTZX,63,Two year,No,19.95,1234.8,0,0.004544763215534895,Low
9565-AXSMR,52,Two year,No,19.2,1054.75,0,0.004544331987248134,Low
1306-RPWXZ,49,Two year,No,20.45,1024.65,0,0.00454104008599843,Low
3511-BFTJW,72,Two year,DSL,38.5,2763.0,0,0.004519865512152657,Low
3635-QQRQD,62,Two year,No,20.05,1201.65,0,0.004499794023621429,Low
7008-LZVOZ,66,Two year,No,25.3,1672.35,0,0.00446950897455716,Low
9371-BITHB,52,Two year,No,19.85,1070.5,0,0.004468295774135907,Low
6340-DACFT,50,Two year,No,20.55,1070.25,0,0.004466476008736018,Low
6134-KWTBV,62,Two year,No,23.4,1429.65,0,0.004460881114753722,Low
2632-TACXW,62,Two year,No,23.65,1416.75,0,0.004459434635421075,Low
7427-AUFPY,54,Two year,No,19.65,1008.7,0,0.004455272867475363,Low
3170-NMYVV,50,Two year,No,20.15,930.9,0,0.004444432589548612,Low
3620-EHIMZ,52,Two year,No,19.35,1031.7,0,0.004423323977819485,Low
4565-NLZBV,71,Two year,No,24.65,1710.15,0,0.004385999670185799,Low
4534-WGCIR,58,Two year,No,25.15,1509.9,0,0.004365064643168963,Low
9337-SRRNI,66,Two year,No,25.3,1673.8,0,0.004364832286518458,Low
2097-YVPKN,65,Two year,No,25.75,1654.75,0,0.004361470940802049,Low
2961-VNFKL,71,Two year,No,25.95,1801.9,0,0.0043609001740163985,Low
4990-ALDGW,57,Two year,No,20.75,1118.8,0,0.004356315125635696,Low
6582-PLFUU,51,Two year,No,19.55,1086.75,0,0.00434516639426372,Low
5406-KGRMX,71,Two year,No,24.55,1719.15,0,0.004335759584714219,Low
9173-IVZVP,53,Two year,No,20.9,1146.05,0,0.004326868581770587,Low
3970-XGJDU,62,Two year,No,19.2,1123.65,0,0.0043162247897941,Low
6625-FLENO,58,Two year,No,20.75,1185.95,0,0.004307062411479573,Low
1926-QUZNN,72,Two year,No,25.25,1841.2,0,0.004303362321046272,Low
6685-XSHHU,60,Two year,No,20.95,1270.55,0,0.0042876612114913955,Low
7014-ZZXAW,71,Two year,No,24.25,1732.95,0,0.004279241577954655,Low
9964-WBQDJ,71,Two year,No,24.4,1725.4,0,0.004272028526367941,Low
6734-PSBAW,72,Two year,No,23.55,1723.95,0,0.004263546690327106,Low
8957-THMOA,50,Two year,No,20.15,970.85,0,0.004253019223236973,Low
5296-PSYVW,72,Two year,No,24.55,1750.7,0,0.0042493486752220935,Low
0270-THENM,72,Two year,DSL,69.85,5102.35,0,0.004240696091251829,Low
8395-ETZKQ,68,One year,No,19.5,1193.55,0,0.00423800930958317,Low
9084-OAYKL,58,Two year,No,20.8,1212.25,0,0.004232216339032802,Low
3612-YVGSJ,71,Two year,No,24.45,1681.6,0,0.00422647059115804,Low
1167-OYZJF,67,Two year,No,20.05,1263.05,0,0.00418955898946461,Low
1767-CJKBA,66,Two year,No,25.1,1697.7,0,0.004181556793291968,Low
0374-FIUCA,65,Two year,No,20.4,1414.45,0,0.004157841824073852,Low
9257-AZMTZ,52,Two year,No,20.1,1078.75,0,0.004153996926656922,Low
5220-AGAAX,68,Two year,No,24.0,1664.3,0,0.0041359147519082215,Low
7706-YLMQA,70,One year,No,19.7,1341.5,0,0.004114217297799741,Low
0626-QXNGV,72,Two year,No,24.15,1776.45,0,0.004105832914737228,Low
9786-YWNHU,63,Two year,DSL,63.55,4014.2,0,0.004103705145973763,Low
3646-ITDGM,56,Two year,No,19.7,1051.9,0,0.004092563462406704,Low
4176-RELJR,67,Two year,No,25.1,1672.15,0,0.004088772096287058,Low
3027-YNWZU,64,Two year,No,25.0,1584.8,0,0.0040722903118572155,Low
7480-SPLEF,69,Two year,No,26.0,1796.55,0,0.004065648864563015,Low
7493-GVFIO,57,Two year,No,20.55,1252.85,0,0.004052477799940741,Low
0780-XNZFN,57,Two year,No,20.65,1125.6,0,0.004046801683300799,Low
5821-MMEIL,57,Two year,No,19.9,1115.6,0,0.004043767509993649,Low
4737-AQCPU,72,Two year,DSL,72.1,5016.65,0,0.004040615252717654,Low
2400-FEQME,55,Two year,No,20.5,1177.95,0,0.004014110101300775,Low
5982-XMDEX,65,Two year,No,26.5,1698.55,0,0.0040055729093401524,Low
3454-JFUBC,68,Two year,No,20.0,1396.0,0,0.003978588170147745,Low
2253-KPMNB,69,Two year,DSL,46.25,3121.4,0,0.003972657976477871,Low
5793-YOLJN,55,Two year,No,21.0,1210.3,0,0.00396239396418107,Low
7167-PCEYD,67,Two year,No,19.8,1311.3,0,0.0039590472867759895,Low
1460-UZPRJ,60,Two year,No,19.95,1258.15,0,0.003947924963047653,Low
0607-DAAHE,53,Two year,No,19.75,1052.35,1,0.003906497762614061,Low
6323-AYBRX,59,Two year,No,19.35,1099.6,1,0.0039015819817107005,Low
7293-LSCDV,60,Two year,No,19.25,1103.25,0,0.0039013665801521016,Low
7169-YWAMK,72,Two year,DSL,68.4,4855.35,0,0.003898423060142925,Low
8464-EETCQ,57,Two year,No,18.8,1094.35,0,0.0038896501421561225,Low
7399-QHBJS,72,Two year,DSL,66.75,4760.3,0,0.0038866221797488444,Low
8946-BFWSG,63,Two year,No,25.25,1573.05,0,0.003880805388755603,Low
7941-RCJOW,65,Two year,No,19.55,1218.65,0,0.0038642492469240725,Low
5115-SQAAU,69,Two year,No,25.6,1673.4,0,0.0038585947774993313,Low
3498-LZGQZ,63,Two year,No,19.15,1177.05,0,0.003857625652081768,Low
8380-MQINP,55,Two year,No,20.3,1079.05,0,0.0038333564818427267,Low
7688-AWMDX,71,Two year,DSL,54.5,3778.2,0,0.0038118313642919047,Low
3873-WOSBC,67,Two year,No,25.6,1784.9,0,0.003742406981540021,Low
5567-GZKQY,58,Two year,No,20.3,1131.5,0,0.003732940847928043,Low
6484-LATFU,68,Two year,No,24.55,1657.4,0,0.003729203244532978,Low
8590-YFFQO,70,Two year,DSL,64.95,4523.25,0,0.0037266877980079985,Low
0040-HALCW,54,Two year,No,20.4,1090.6,0,0.0037250448408376216,Low
3836-FZSDJ,71,Two year,No,24.85,1901.0,0,0.003707203271549126,Low
2075-PUEPR,55,Two year,No,19.35,1153.25,0,0.003695585476012614,Low
6485-QXWWE,62,Two year,No,26.0,1638.7,0,0.003684645406240631,Low
7113-HIPFI,66,Two year,DSL,65.85,4097.05,0,0.003671077447659779,Low
2900-PHPLN,70,Two year,No,19.55,1462.05,0,0.003652036698303911,Low
8129-GMVGI,56,Two year,No,20.05,1090.1,0,0.003648055835953888,Low
2525-GVKQU,60,Two year,No,20.6,1093.0,0,0.0036244262916806567,Low
7643-RCHXS,63,Two year,No,19.35,1263.85,0,0.003615728408373555,Low
2072-ZVJJX,68,Two year,No,25.25,1728.2,0,0.0036081661116227877,Low
3118-UHVVQ,68,Two year,No,25.8,1911.5,0,0.003588149166681291,Low
9764-REAFF,59,Two year,No,18.4,1057.85,0,0.003586916574463342,Low
1131-QQZEB,71,Two year,No,23.95,1756.2,0,0.0035736845817921988,Low
8727-JQFHV,57,Two year,No,20.75,1123.15,0,0.003570300596310408,Low
4625-XMOYM,72,Two year,No,26.25,1988.05,0,0.0035699991067515034,Low
3768-VHXQO,67,Two year,No,24.85,1583.5,0,0.0035583002946315083,Low
3696-DFHHB,68,Two year,No,25.5,1821.8,0,0.003528767893533303,Low
9500-WBGRP,69,Two year,No,19.1,1268.85,0,0.0035282068528856227,Low
1635-NZATJ,71,Two year,No,25.45,1789.65,0,0.0035033664199687555,Low
8780-IHCRN,63,Two year,No,24.65,1574.5,0,0.0034924439939337318,Low
9135-HSWOC,64,Two year,No,19.7,1274.05,0,0.0034808530637777933,Low
6024-RUGGH,72,Two year,No,25.2,1798.9,0,0.0034774443719508886,Low
1098-KFQEC,55,Two year,No,19.4,1083.0,0,0.0034506712193172126,Low
7729-XBTWX,66,Two year,No,19.75,1344.5,0,0.0034418409336738785,Low
6010-DDPPW,70,Two year,No,25.15,1940.85,0,0.003426249967878185,Low
3308-DGHKL,69,Two year,No,19.3,1447.9,0,0.0034205430316507023,Low
2696-RZVZW,68,Two year,No,25.05,1629.2,0,0.0034170252064559628,Low
7114-AEOZE,60,Two year,No,19.85,1128.1,0,0.00338777466959254,Low
9286-BHDQG,72,Two year,DSL,45.25,3139.8,0,0.0033823117888743064,Low
9430-NKQLY,72,Two year,No,25.1,1790.8,0,0.003368154870308721,Low
0795-XCCTE,72,Two year,No,25.4,1809.35,0,0.0033610888782866118,Low
8857-CUPFQ,63,Two year,No,19.25,1237.65,0,0.003358126849376498,Low
1399-OUPJN,57,Two year,No,19.75,1272.05,0,0.0033580296408411946,Low
8735-SDUFN,72,Two year,No,24.3,1778.7,0,0.00334019482469856,Low
4656-CAURT,69,Two year,No,23.95,1713.1,0,0.0033265103983321077,Low
7558-IMLMT,67,Two year,No,20.8,1411.9,0,0.0033261099109631338,Low
1820-DJFPH,72,Two year,No,24.05,1709.15,0,0.003324665416804506,Low
0704-VCUMB,61,Two year,No,20.25,1278.8,0,0.0033201196742005884,Low
0971-QIFJK,69,Two year,No,24.25,1641.8,0,0.0032781236217419825,Low
8164-OCKUJ,59,Two year,No,20.6,1286.0,0,0.003277488042612151,Low
8755-OGKNA,57,Two year,No,19.5,1167.6,0,0.003271804798950183,Low
8711-LOBKY,59,Two year,No,19.85,1188.25,0,0.003266304330514813,Low
0485-ZBSLN,65,Two year,No,24.75,1715.1,0,0.0032587485203905316,Low
6651-RLGGM,67,Two year,No,26.3,1688.9,0,0.003247226747916274,Low
4589-IUAJB,70,Two year,No,24.25,1724.15,0,0.0032448361331434052,Low
8514-VZHEB,59,Two year,No,19.5,1147.85,0,0.003232669607830627,Low
8544-JNBOX,72,Two year,No,20.8,1521.2,0,0.003218379691812401,Low
5656-JAMLX,62,Two year,No,19.85,1253.65,0,0.0032174957098482144,Low
8774-GSBUN,72,Two year,No,25.4,1797.1,0,0.0032144668643378092,Low
7161-DFHUF,71,Two year,No,23.85,1672.1,0,0.0032078291117161794,Low
6734-JDTTV,65,Two year,No,19.85,1267.05,0,0.003202382907990426,Low
3563-SVYLG,68,Two year,DSL,62.65,4375.8,0,0.0031783120051823706,Low
4312-KFRXN,72,Two year,No,25.4,1710.9,0,0.0031469267211257984,Low
2050-ONYDQ,65,Two year,No,26.0,1654.85,0,0.0031468742637557525,Low
5743-KHMNA,71,Two year,No,25.55,1898.1,0,0.0031433945503047756,Low
9397-TZSHA,69,Two year,No,24.6,1678.05,0,0.00313517592708859,Low
6892-BOGQE,71,Two year,No,20.9,1493.2,0,0.0031309524777922313,Low
7717-BICXI,60,Two year,No,20.55,1205.05,0,0.0031161095494674396,Low
2616-FLVQC,64,Two year,No,19.55,1240.15,0,0.003115060984604428,Low
4443-EMBNA,71,Two year,No,24.75,1836.9,0,0.003101487291402323,Low
5846-ABOBJ,71,Two year,No,24.45,1730.65,0,0.0030860196413797273,Low
7225-IILWY,68,Two year,No,25.75,1686.15,0,0.0030786290935285033,Low
2169-RRLFW,71,Two year,No,25.6,1888.25,0,0.0030516074867713706,Low
9153-BTBVV,71,Two year,No,25.0,1753.0,0,0.0030389012544484615,Low
1987-AUELQ,71,Two year,No,25.05,1873.7,0,0.003038780709159974,Low
2346-LOCWC,58,Two year,No,20.5,1191.4,0,0.0030358788799238774,Low
3507-GASNP,60,Two year,No,19.95,1189.9,0,0.0030285391081000847,Low
3457-PQBYH,58,Two year,No,20.3,1160.75,0,0.003012351807208142,Low
9972-EWRJS,67,Two year,No,19.25,1372.9,0,0.002984916035416454,Low
4231-LZUYM,72,Two year,No,25.65,1887.0,0,0.00298390697298661,Low
6857-TKDJV,67,Two year,No,24.65,1620.45,0,0.002955634242766097,Low
3777-XROBG,58,Two year,No,19.55,1079.65,0,0.0029502291337973985,Low
4707-MAXGU,72,Two year,No,25.85,1872.2,0,0.0029490987311400255,Low
8749-TZYEC,72,Two year,No,24.8,1874.3,0,0.0029470933445842552,Low
2509-TFPJU,72,Two year,No,25.75,1864.2,0,0.0029429553488261677,Low
2146-EGVDT,59,Two year,No,19.3,1192.7,0,0.002941597388668926,Low
7115-IRDHS,72,Two year,No,24.65,1830.05,0,0.0029389732260836454,Low
3973-SKMLN,71,Two year,No,19.9,1355.1,0,0.00292638227254896,Low
7096-ZNBZI,72,Two year,No,26.45,1914.5,0,0.0029185426973930735,Low
7328-ZJAJO,59,Two year,No,19.5,1222.65,0,0.0029009491573079586,Low
2626-VEEWG,67,Two year,No,19.4,1284.2,0,0.0028966963381528146,Low
8092-NLTGF,72,Two year,No,24.75,1777.6,0,0.002894120413256498,Low
8237-ULIXL,72,Two year,No,24.85,1871.85,0,0.0028827641342794225,Low
4836-WNFNO,72,Two year,No,25.0,1849.2,0,0.002867209403632951,Low
7606-BPHHN,72,Two year,No,19.8,1468.75,0,0.0028565998677203496,Low
2569-WGERO,72,Two year,No,21.15,1419.4,0,0.0028500229944604274,Low
2181-TIDSV,68,Two year,No,19.95,1303.25,0,0.0028482518246790724,Low
5854-KSRBJ,70,Two year,No,25.4,1782.05,0,0.0028396175979756104,Low
7157-SMCFK,61,Two year,No,19.75,1124.2,0,0.0028281946251625255,Low
5598-IKHQQ,72,Two year,No,25.45,1866.45,0,0.0028123202820930122,Low
9574-BOSMD,68,Two year,No,25.4,1620.2,0,0.002808021959245782,Low
8747-UDCOI,65,Two year,No,19.35,1319.95,0,0.0028035208984105043,Low
8347-GDTMP,64,Two year,No,19.45,1225.65,0,0.0028008966001881004,Low
3810-PJUHR,70,Two year,No,25.35,1715.15,0,0.0027930261805479725,Low
6848-HJTXY,64,Two year,No,19.45,1208.6,0,0.0027891523291650165,Low
2007-QVGAW,68,Two year,No,19.35,1292.65,0,0.0027784226914241944,Low
0613-WUXUM,70,Two year,No,19.2,1401.4,0,0.0027726831745247204,Low
8917-SZTTJ,60,Two year,No,19.65,1161.75,0,0.0027723542762086266,Low
6963-KQYQB,70,Two year,No,24.05,1764.75,0,0.0027630642552772516,Low
8619-IJNDK,71,Two year,DSL,64.05,4492.9,0,0.0027434320810833645,Low
1945-XISKS,67,Two year,No,19.65,1335.2,0,0.0027354023960188727,Low
8434-VGEQQ,61,Two year,No,20.55,1305.95,0,0.0027298008175058,Low
4195-PNGZS,69,Two year,No,24.45,1718.2,0,0.0027278554901244275,Low
9625-RZFUK,63,Two year,No,19.7,1275.85,0,0.0027100997894647506,Low
8043-PNYSD,63,Two year,No,19.55,1245.6,0,0.002689509138001215,Low
1830-IPXVJ,61,Two year,No,19.75,1311.6,0,0.0026729446479548512,Low
7268-WNTCP,62,Two year,No,20.45,1297.35,0,0.0026639334167503598,Low
5730-DBDSI,66,Two year,No,19.7,1253.8,0,0.002612653820342891,Low
0962-CQPWQ,62,Two year,No,20.3,1296.15,0,0.0026059770933121733,Low
9838-BFCQT,72,Two year,No,26.1,1851.45,0,0.0026051803966279504,Low
1302-TPUBN,66,Two year,No,19.35,1240.8,0,0.0026032554785419817,Low
0397-ZXWQF,67,Two year,No,20.5,1430.95,0,0.0025932287612614553,Low
0847-HGRML,62,Two year,No,20.0,1250.1,0,0.002569071914959195,Low
7515-LODFU,69,Two year,No,20.3,1356.3,0,0.00256366427120933,Low
7064-JHXCE,62,Two year,No,20.05,1263.9,0,0.002563194868949404,Low
0394-YONDK,70,Two year,No,25.15,1790.15,0,0.0025603974226583934,Low
1293-BSEUN,72,Two year,No,20.7,1482.3,0,0.0025533090255682573,Low
7980-MHFLQ,72,Two year,No,24.9,1859.2,0,0.0025510693368400285,Low
9365-CSLBQ,71,Two year,No,24.35,1654.6,0,0.002547022029415757,Low
5893-KCLGT,72,Two year,No,19.75,1567.0,0,0.002542338478979291,Low
6345-FZOQH,69,Two year,No,19.9,1363.45,0,0.002536985569379723,Low
2236-HILPA,62,Two year,No,20.65,1218.45,0,0.0025363741077034114,Low
3774-VBNXY,64,Two year,No,20.2,1277.75,0,0.0025204914066494547,Low
5146-YYFRZ,67,Two year,No,19.95,1311.75,0,0.002516560329628253,Low
1299-AURJA,70,Two year,No,24.7,1685.9,0,0.002514991761282305,Low
5902-WBLSE,70,Two year,No,20.15,1411.2,0,0.0025045033946293266,Low
2718-YSKCS,71,Two year,No,19.6,1387.45,0,0.0024866701875821294,Low
3261-CQXOL,71,Two year,No,25.45,1813.35,0,0.0024657521461184497,Low
0174-QRVVY,71,Two year,No,25.35,1847.55,0,0.002465746103376587,Low
7711-GQBZC,71,Two year,No,24.7,1810.55,0,0.0024619426132927577,Low
7969-FFOWG,65,Two year,No,19.9,1292.6,0,0.0024528661504824695,Low
6855-VLGOS,72,Two year,No,20.55,1432.55,0,0.0024146475239911766,Low
5848-FHRFC,68,Two year,No,20.05,1386.9,0,0.0023820254505511384,Low
6585-WCEWR,72,Two year,No,20.35,1354.4,0,0.0023680284661007716,Low
5884-FBCTL,72,Two year,No,25.1,1857.85,0,0.0023655655871127096,Low
4193-IBKSW,72,Two year,No,24.75,1769.6,0,0.00236409352606315,Low
6285-FTQBF,72,Two year,No,25.55,1867.7,0,0.002352877169098036,Low
6621-NRZAK,63,Two year,No,20.0,1209.25,0,0.0023493590083149595,Low
8224-KDLKN,72,Two year,No,25.0,1738.9,0,0.002346936486110892,Low
6181-AXXYF,72,Two year,No,24.75,1859.1,0,0.0023457507046553226,Low
3274-NSDWE,68,Two year,No,19.6,1441.65,0,0.0023421769543981665,Low
7695-PKLCZ,68,Two year,No,20.5,1424.9,0,0.0023349213786516072,Low
0562-HKHML,71,Two year,No,23.9,1626.4,0,0.0023310457277895113,Low
6976-BWGLQ,72,Two year,No,25.2,1787.35,0,0.0023250677995270775,Low
2804-ETQDK,66,Two year,No,20.55,1357.1,0,0.0023111460009893237,Low
2607-DHDAK,72,Two year,No,19.8,1414.65,0,0.002307055779938576,Low
1555-HAPSU,71,Two year,No,23.9,1663.5,0,0.0023023455211253316,Low
5799-JRCZO,63,Two year,No,19.5,1215.1,0,0.0022954021579843263,Low
7684-XSZIY,72,Two year,No,24.3,1643.25,0,0.0022904042905429406,Low
0402-OAMEN,72,Two year,No,24.45,1709.1,0,0.0022786871035386314,Low
7010-BRBUU,72,Two year,No,24.1,1734.65,0,0.002273177873648852,Low
7602-DBTOU,71,Two year,No,19.6,1416.5,0,0.0022661330389022,Low
8165-ZJRNM,72,Two year,No,23.75,1679.25,0,0.002260170476195448,Low
0480-KYJVA,72,Two year,No,24.25,1784.5,0,0.0022526438902737375,Low
8232-UTFOZ,69,Two year,No,19.95,1399.35,0,0.0022490986700016524,Low
4821-WQOYN,72,Two year,No,20.1,1326.25,0,0.0022099723804549967,Low
6060-QBMGV,70,Two year,No,19.85,1433.8,0,0.0022055074928631437,Low
0505-SPOOW,70,Two year,No,19.8,1397.65,0,0.002204075211431963,Low
8966-SNIZF,70,Two year,No,19.45,1303.5,0,0.00215263249423437,Low
9800-OUIGR,66,Two year,No,20.0,1374.2,0,0.002138645704700097,Low
8285-ABVLB,70,Two year,No,19.85,1328.35,0,0.0021031032275439007,Low
2545-LXYVJ,72,Two year,No,20.7,1492.1,0,0.0020793098243298267,Low
1764-VUUMT,66,Two year,No,19.95,1269.1,0,0.0020341626066703576,Low
3910-MRQOY,72,Two year,No,19.4,1496.45,0,0.0020341601965231217,Low
1591-XWLGB,71,Two year,No,19.85,1379.6,0,0.0020217911870657047,Low
0825-CPPQH,71,Two year,No,19.1,1372.45,0,0.002016501584491149,Low
7463-IFMQU,72,Two year,No,20.05,1423.65,0,0.0019994459300554245,Low
2429-AYKKO,72,Two year,No,19.85,1434.1,0,0.0019990019667887535,Low
3976-HXHCE,72,Two year,No,19.3,1414.8,0,0.0019882600445077724,Low
3678-MNGZX,68,Two year,No,19.95,1377.7,0,0.001987154955190361,Low
0404-AHASP,72,Two year,No,19.7,1421.9,0,0.0019812251963015224,Low
1927-QEWMY,72,Two year,No,20.5,1502.25,0,0.0019796171343556203,Low
5346-BZCHP,69,Two year,No,19.4,1346.2,0,0.0019741076187661474,Low
7083-MIOPC,72,Two year,No,20.25,1566.9,0,0.001962951258426653,Low
5787-KXGIY,72,Two year,No,19.3,1304.8,0,0.0019239413150786318,Low
3996-ZNWYK,71,Two year,No,19.8,1388.45,0,0.00190460775415485,Low
0902-XKXPN,69,Two year,No,20.2,1376.5,0,0.0018862999525716133,Low
9537-JALFH,69,Two year,No,19.9,1356.7,0,0.0018764667263063371,Low
6980-IMXXE,69,Two year,No,20.2,1412.65,0,0.001862628761989673,Low
0042-RLHYP,69,Two year,No,19.7,1396.9,0,0.0018543472181198524,Low
2984-RGEYA,69,Two year,No,19.75,1375.4,0,0.0018446439435417428,Low
0831-JNISG,71,Two year,No,19.8,1396.25,0,0.0018409984141119235,Low
3279-DYZQM,71,Two year,No,19.45,1378.45,0,0.0018322000623780413,Low
7673-BQGKU,69,Two year,No,20.15,1337.5,0,0.001828313341094185,Low
7876-DNYAP,69,Two year,No,19.8,1436.95,0,0.001817851589342884,Low
4957-SREEC,70,Two year,No,20.35,1458.1,0,0.001773517130275803,Low
8750-QWZAJ,70,Two year,No,19.8,1378.75,0,0.0017525754308515952,Low
1403-GYAFU,70,Two year,No,20.05,1360.25,0,0.0017306245695762955,Low
8229-BUJHX,71,Two year,No,20.5,1500.95,0,0.0017159149759573143,Low
0264-CNITK,71,Two year,No,20.1,1389.6,0,0.0016686548569301725,Low
3642-BYHDO,71,Two year,No,19.9,1389.35,0,0.0016681708451398887,Low
0640-YJTPY,72,Two year,No,21.0,1493.75,0,0.0016622990166340393,Low
4817-KEQSP,71,Two year,No,19.85,1326.35,0,0.001642348048179731,Low
3173-WSSUE,71,Two year,No,19.7,1415.85,0,0.001629316883009583,Low
0794-YVSGE,72,Two year,No,20.3,1401.15,0,0.0016234525617519109,Low
1052-QJIBV,71,Two year,No,19.9,1397.3,0,0.0016222472658980287,Low
4086-WITJG,71,Two year,No,19.7,1301.1,0,0.0016183372580077595,Low
1166-PQLGG,72,Two year,No,19.55,1463.45,0,0.0016120697324441744,Low
0464-WJTKO,72,Two year,No,20.1,1460.85,0,0.0016120482691254021,Low
4277-BWBML,72,Two year,No,19.95,1322.85,0,0.0015917528864792874,Low
0784-ZQJZX,72,Two year,No,19.9,1529.65,0,0.001586931764997895,Low
2848-YXSMW,72,Two year,No,19.4,1363.25,0,0.0015593938859938578,Low
6928-ONTRW,72,Two year,No,19.7,1379.8,0,0.0015329147495634996,Low
